第2層,第3層,第4層,H28対応項目,メモ
患者の情報収集,病歴,適切な身だしなみ、言葉遣い及び態度で患者に接することができる。,F-03-02-na-01,
患者の情報収集,病歴,医療面接における基本的コミュニケーション技法を用いることができる。,F-03-02-na-02,
患者の情報収集,病歴,病歴（主訴、現病歴、常用薬、アレルギー歴、既往歴、家族歴、嗜好、生活習慣、社会歴・職業歴、生活環境、家庭環境、海外渡航歴、システムレビュー）を聴き取り、情報を取捨選択し整理できる。,F-03-02-na-03,
患者の情報収集,病歴,患者の立場を尊重し、信頼を得ることができる。,F-03-05-01-01,
患者の情報収集,病歴,保護者から必要な情報を得たり対応したりすることに可能な範囲で参加できる。,"F-03-05-08-04,G-04-01-03-04",
患者の情報収集,病歴,模擬患者の協力を得て、臨床技能（コミュニケーションスキルを含む）や医療者に求められる態度を身に付ける。,G-04-04-na-02,
患者の情報収集,身体所見,患者の状態から診察が可能かどうかを判断し、状態に応じた診察ができる。,F-03-05-01-06,
患者の情報収集,身体所見,身長・体重を測定し、body mass index <BMI>の算出、栄養状態を評価できる。,F-03-05-02-01,
患者の情報収集,身体所見,バイタルサイン（体温、呼吸数、酸素飽和度、脈拍、血圧）の意義とモニターの方法を説明できる。,F-02-09-02-02,基本的バイタルサイン→バイタルサインに
患者の情報収集,身体所見,バイタルサイン(体温(腋窩)、呼吸数、酸素飽和度、脈拍(橈骨)、血圧(上肢・下肢))の測定ができる,"F-03-05-02-05,F-03-05-02-04,F-03-05-02-02,F-03-05-02-06",
患者の情報収集,身体所見,障害を国際生活機能分類の心身機能・身体構造、活動、参加に分けて説明できる。,F-02-14-na-04,治療計画?(近藤)
患者の情報収集,身体所見,診察時に患者に適切な体位（立位、座位、半座位、臥位、砕石位）を説明できる。,F-03-02-na-04,
患者の情報収集,身体所見,全身の外観（体型、栄養、姿勢、歩行、顔貌、皮膚、発声）を評価できる。,F-03-05-02-07,
患者の情報収集,身体所見,頭部（顔貌、頭髪、頭皮、頭蓋）の診察ができる。,F-03-05-03-01,
患者の情報収集,身体所見,眼（視野、瞳孔、対光反射、眼球運動・突出、結膜）の診察ができる。,F-03-05-03-02,
患者の情報収集,身体所見,耳（耳介、聴力）の診察ができる。,F-03-05-03-03,
患者の情報収集,身体所見,耳鏡で外耳道、鼓膜を観察できる。,F-03-05-03-04,
患者の情報収集,身体所見,音叉を用いて聴力試験を実施できる。,F-03-05-03-05,神経診察に統合でいかがでしょうか(近藤)
患者の情報収集,身体所見,口唇、口腔、咽頭、扁桃の診察ができる。,F-03-05-03-06,
患者の情報収集,身体所見,鼻腔、副鼻腔の診察ができる。,F-03-05-03-07,
患者の情報収集,身体所見,鼻鏡を用いて前鼻腔を観察できる。,F-03-05-03-08,
患者の情報収集,身体所見,甲状腺、頸部血管、気管、唾液腺の診察ができる。,F-03-05-03-09,
患者の情報収集,身体所見,頭頸部リンパ節の診察ができる。,F-03-05-03-10,
患者の情報収集,身体所見,胸部の視診、触診、打診ができる。,F-03-05-04-01,
患者の情報収集,身体所見,呼吸音と副雑音の聴診ができる。,F-03-05-04-02,
患者の情報収集,身体所見,心音と心雑音の聴診ができる。,F-03-05-04-03,
患者の情報収集,身体所見,背部の叩打痛を確認できる。,F-03-05-04-04,
患者の情報収集,身体所見,乳房の診察を実施できる（シミュレータでも可とする）。,F-03-05-04-05,実施できる→実演できるでは?(近藤)
患者の情報収集,身体所見,腹部の視診、聴診ができる。,F-03-05-05-01,
患者の情報収集,身体所見,区分に応じて腹部の打診、触診ができる。,F-03-05-05-02,
患者の情報収集,身体所見,圧痛、腹膜刺激徴候、筋性防御の有無を判断できる。,F-03-05-05-03,
患者の情報収集,身体所見,腹水の有無を判断できる。,F-03-05-05-04,
患者の情報収集,身体所見,腸雑音、血管雑音の聴診ができる。,F-03-05-05-05,
患者の情報収集,身体所見,直腸（前立腺を含む）指診を実施できる（シミュレータでも可とする）。,F-03-05-05-06,実施できる→実演できるでは?(近藤)
患者の情報収集,身体所見,意識レベルを判定できる。,F-03-05-06-01,
患者の情報収集,身体所見,脳神経系の診察ができる（眼底検査を含む）。,F-03-05-06-02,
患者の情報収集,身体所見,腱反射の診察ができる。,F-03-05-06-03,
患者の情報収集,身体所見,小脳機能・運動系の診察ができる。,F-03-05-06-04,
患者の情報収集,身体所見,感覚系（痛覚、温度覚、触覚、深部感覚）の診察ができる。,F-03-05-06-05,
患者の情報収集,身体所見,髄膜刺激所見（項部硬直、Kernig徴候）を確認できる。,F-03-05-06-06,
患者の情報収集,身体所見,四肢と脊柱（弯曲、疼痛）の診察ができる。,F-03-05-07-01,
患者の情報収集,身体所見,関節（可動域、腫脹、疼痛、変形）の診察ができる。,F-03-05-07-02,
患者の情報収集,身体所見,筋骨格系の診察（徒手筋力テスト）ができる。,F-03-05-07-03,
患者の情報収集,身体所見,小児の成長・発達の評価に可能な範囲で参加できる。,"F-03-05-08-05,G-04-01-03-05",身体所見と検査結果の2要素ありそう（小松）
患者の情報収集,身体所見,経皮的酸素飽和度を測定できる。,F-03-06-02-05,バイタル測定を作って統合はいかがでしょうか?(近藤)
患者の情報収集,身体所見,基本的な内科的診察技能について学ぶ。,G-04-01-01-05,抽象的なので削除でどうでしょうか？（小松）
患者の情報収集,身体所見,基本的な小児科診察技能について学ぶ。,"G-04-01-03-06,F-03-05-08-06",51と同じなので削除？　抽象的なので削除でどうでしょうか？（小松）
患者の情報収集,身体所見,基本的な婦人科診察技能について学ぶ。,G-04-01-04-06,抽象的なので削除でどうでしょうか？（小松）
患者の情報収集,身体所見,基本診療科[^table:基本診療科]において基本的な診察技能について学ぶ。,"G-04-02-01-04,G-04-02-02-04,G-04-02-03-04,G-04-02-04-04,G-04-02-05-04,G-04-02-06-04,G-04-02-07-04,G-04-02-08-04,G-04-02-09-04,G-04-02-10-04,G-04-02-11-04,G-04-02-13-03,G-04-02-14-04,G-04-02-15-04","以下から統合(脳神経外科,泌尿器科,麻酔科,リハビリテーション科,眼科,歯科口腔外科,皮膚科,病理診断科,臨床検査科,放射線科,耳鼻咽喉科,形成外科,整形外科,その他)(近藤)"
患者情報の統合、分析と評価、診療計画,カルテ記載,診察で得た所見、診断、必要な検査を上級医に説明、報告できる。,F-03-02-na-05,（≒プレゼンテーションスキル、小松）
患者情報の統合、分析と評価、診療計画,カルテ記載,適切に患者の情報を収集し、問題志向型医療記録<POMR>を作成できる。,"F-03-03-na-01,G-03-01-na-16",
患者情報の統合、分析と評価、診療計画,カルテ記載,診療経過を主観的所見・客観的所見・評価・計画<SOAP>で記載できる。,F-03-03-na-02,
患者情報の統合、分析と評価、診療計画,カルテ記載,過去の診療経過をまとめてカルテに記載できる,,新設、第2層「情報収集」に存在した第3層「検査結果」及び「治療経過」は過去の資料の収集を意図したものであったため、「カルテ記載」に移動した(近藤)
患者情報の統合、分析と評価、診療計画,臨床推論,基本症候[^table:基本症候]について原因と病態生理を説明できる。,"F-01-01-na-01,F-01-02-na-01,F-01-03-na-01,F-01-04-na-01,F-01-05-na-01,F-01-06-na-01,F-01-07-na-01,F-01-08-na-01,F-01-09-na-01,F-01-10-na-01,F-01-11-na-01,F-01-12-na-01,F-01-13-na-01,F-01-14-na-01,F-01-15-na-01,F-01-16-na-01,F-01-17-na-01,F-01-18-na-01,F-01-19-na-01,F-01-20-na-01,F-01-21-na-01,F-01-22-na-01,F-01-23-na-01,F-01-24-na-01,F-01-25-na-01,F-01-26-na-01,F-01-27-na-01,F-01-28-na-01,F-01-29-na-01,F-01-30-na-01,F-01-31-na-01,F-01-32-na-01,F-01-33-na-01,F-01-34-na-01,F-01-35-na-01,F-01-36-na-01,F-01-37-na-01,F-03-01-na-04",病態生理
患者情報の統合、分析と評価、診療計画,臨床推論,基本症候[^table:基本症候]について鑑別診断を検討し、診断の要点を説明できる。,"F-01-01-na-02,F-01-02-na-02,F-01-03-na-02,F-01-04-na-02,F-01-05-na-02,F-01-06-na-02,F-01-07-na-02,F-01-08-na-02,F-01-09-na-02,F-01-10-na-02,F-01-11-na-02,F-01-12-na-02,F-01-13-na-02,F-01-14-na-02,F-01-15-na-02,F-01-16-na-02,F-01-17-na-02,F-01-18-na-02,F-01-19-na-02,F-01-20-na-02,F-01-21-na-02,F-01-22-na-02,F-01-23-na-02,F-01-24-na-02,F-01-25-na-02,F-01-26-na-02,F-01-27-na-02,F-01-28-na-02,F-01-29-na-02,F-01-30-na-02,F-01-31-na-02,F-01-32-na-02,F-01-33-na-02,F-01-34-na-02,F-01-35-na-02,F-01-36-na-02,F-01-37-na-02,G-02-01-na-01,G-02-01-na-02,G-02-01-na-03,G-02-01-na-04,G-02-01-na-05,G-02-01-na-06,G-02-01-na-07,G-02-01-na-08,G-02-02-na-01,G-02-02-na-02,G-02-02-na-03,G-02-02-na-04,G-02-02-na-05,G-02-02-na-06,G-02-02-na-07,G-02-02-na-08,G-02-02-na-09,G-02-02-na-10,G-02-03-na-01,G-02-03-na-02,G-02-03-na-03,G-02-03-na-04,G-02-03-na-05,G-02-04-na-01,G-02-04-na-02,G-02-04-na-03,G-02-04-na-04,G-02-04-na-05,G-02-04-na-06,G-02-04-na-07,G-02-04-na-08,G-02-04-na-09,G-02-04-na-10,G-02-04-na-11,G-02-05-na-01,G-02-05-na-02,G-02-05-na-03,G-02-05-na-04,G-02-05-na-05,G-02-05-na-06,G-02-05-na-07,G-02-05-na-08,G-02-05-na-09,G-02-05-na-10,G-02-05-na-11,G-02-06-na-01,G-02-06-na-02,G-02-06-na-03,G-02-06-na-04,G-02-06-na-05,G-02-06-na-06,G-02-06-na-07,G-02-06-na-08,G-02-06-na-09,G-02-06-na-10,G-02-06-na-11,G-02-07-na-01,G-02-07-na-02,G-02-07-na-03,G-02-07-na-04,G-02-07-na-05,G-02-07-na-06,G-02-07-na-07,G-02-07-na-08,G-02-07-na-09,G-02-08-na-01,G-02-08-na-02,G-02-08-na-03,G-02-08-na-04,G-02-08-na-05,G-02-08-na-06,G-02-09-na-01,G-02-09-na-02,G-02-09-na-03,G-02-09-na-04,G-02-09-na-05,G-02-09-na-06,G-02-09-na-07,G-02-10-na-01,G-02-10-na-02,G-02-10-na-03,G-02-10-na-04,G-02-10-na-05,G-02-10-na-06,G-02-11-na-01,G-02-11-na-02,G-02-11-na-03,G-02-11-na-04,G-02-11-na-05,G-02-11-na-06,G-02-12-na-01,G-02-12-na-02,G-02-12-na-03,G-02-12-na-04,G-02-12-na-05,G-02-12-na-06,G-02-12-na-07,G-02-13-na-01,G-02-13-na-02,G-02-13-na-03,G-02-13-na-04,G-02-13-na-05,G-02-13-na-06,G-02-13-na-07,G-02-14-na-01,G-02-14-na-02,G-02-14-na-03,G-02-14-na-04,G-02-14-na-05,G-02-14-na-06,G-02-15-na-01,G-02-15-na-02,G-02-15-na-03,G-02-15-na-04,G-02-15-na-05,G-02-15-na-06,G-02-15-na-07,G-02-15-na-08,G-02-16-na-01,G-02-16-na-02,G-02-16-na-03,G-02-16-na-04,G-02-16-na-05,G-02-17-na-01,G-02-17-na-02,G-02-17-na-03,G-02-18-na-01,G-02-18-na-02,G-02-18-na-03,G-02-18-na-04,G-02-18-na-05,G-02-18-na-06,G-02-18-na-07,G-02-18-na-08,G-02-18-na-09,G-02-19-na-01,G-02-19-na-02,G-02-19-na-03,G-02-19-na-04,G-02-19-na-05,G-02-19-na-06,G-02-19-na-07,G-02-20-na-01,G-02-20-na-02,G-02-20-na-03,G-02-20-na-04,G-02-20-na-05,G-02-20-na-06,G-02-20-na-07,G-02-20-na-08,G-02-20-na-09,G-02-20-na-10,G-02-20-na-11,G-02-20-na-12,G-02-20-na-13,G-02-21-na-01,G-02-21-na-02,G-02-21-na-03,G-02-21-na-04,G-02-21-na-05,G-02-21-na-06,G-02-21-na-07,G-02-21-na-08,G-02-21-na-09,G-02-22-na-01,G-02-22-na-02,G-02-22-na-03,G-02-22-na-04,G-02-22-na-05,G-02-22-na-06,G-02-22-na-07,G-02-22-na-08,G-02-23-na-01,G-02-23-na-02,G-02-23-na-03,G-02-23-na-04,G-02-23-na-05,G-02-23-na-06,G-02-23-na-07,G-02-23-na-08,G-02-23-na-09,G-02-24-na-01,G-02-24-na-02,G-02-24-na-03,G-02-24-na-04,G-02-24-na-05,G-02-24-na-06,G-02-25-na-01,G-02-25-na-02,G-02-25-na-03,G-02-25-na-04,G-02-25-na-05,G-02-25-na-06,G-02-25-na-07,G-02-26-na-01,G-02-26-na-02,G-02-26-na-03,G-02-26-na-04,G-02-26-na-05,G-02-26-na-06,G-02-26-na-07,G-02-26-na-08,G-02-27-na-01,G-02-27-na-02,G-02-27-na-03,G-02-27-na-04,G-02-27-na-05,G-02-27-na-06,G-02-28-na-01,G-02-28-na-02,G-02-28-na-03,G-02-28-na-04,G-02-28-na-05,G-02-28-na-06,G-02-28-na-07,G-02-29-na-01,G-02-29-na-02,G-02-29-na-03,G-02-29-na-04,G-02-29-na-05,G-02-29-na-06,G-02-29-na-07,G-02-30-na-01,G-02-30-na-02,G-02-30-na-03,G-02-30-na-04,G-02-30-na-05,G-02-31-na-01,G-02-31-na-02,G-02-31-na-03,G-02-31-na-04,G-02-31-na-05,G-02-31-na-06,G-02-31-na-07,G-02-31-na-08,G-02-31-na-09,G-02-32-na-01,G-02-32-na-02,G-02-32-na-03,G-02-32-na-04,G-02-33-na-01,G-02-33-na-02,G-02-33-na-03,G-02-33-na-04,G-02-33-na-05,G-02-33-na-06,G-02-33-na-07,G-02-34-na-01,G-02-34-na-02,G-02-34-na-03,G-02-34-na-04,G-02-34-na-05,G-02-34-na-06,G-02-34-na-07,G-02-34-na-08,G-02-34-na-09,G-02-34-na-10,G-02-35-na-01,G-02-35-na-02,G-02-35-na-03,G-02-35-na-04,G-02-35-na-05,G-02-35-na-06,G-02-35-na-07,G-02-35-na-08,G-02-35-na-09,G-02-35-na-10,G-02-36-na-01,G-02-36-na-02,G-02-36-na-03,G-02-37-na-01,G-02-37-na-02,G-02-37-na-03,G-02-37-na-04,G-02-37-na-05,G-02-37-na-06,G-02-37-na-07,G-02-37-na-08,G-02-37-na-09",診断の要点と、鑑別診断を統合
患者情報の統合、分析と評価、診療計画,臨床推論,問題の同定から治療やマネジメントに至るプロセスを列挙できる。,F-02-01-na-01,具体的に何を示すか不明、削除も検討(近藤)
患者情報の統合、分析と評価、診療計画,臨床推論,診断仮説を検証するために、診断仮説に基づいた情報収集を実施できる。,F-02-01-na-04,
患者情報の統合、分析と評価、診療計画,臨床推論,薬物によるアナフィラキシーショックの症候、診断、対処法を説明できる。,F-02-08-na-03,
患者情報の統合、分析と評価、診療計画,臨床推論,基本的診療知識に基づき、症例に関する情報を収集・分析できる。,F-03-01-na-01,具体的に何を示すか不明、削除も検討(近藤)
患者情報の統合、分析と評価、診療計画,臨床推論,得られた情報を基に、その症例の問題点を抽出できる。,F-03-01-na-02,
患者情報の統合、分析と評価、診療計画,臨床推論,病歴と身体所見等の情報を統合して、鑑別診断ができる。,F-03-01-na-03,
患者情報の統合、分析と評価、診療計画,臨床推論,基本診療科[^table:基本診療科]でのそれぞれの状況を考慮して主訴からの診断推論を組み立てられる,"F-03-05-08-01,G-04-01-01-01,G-04-01-03-01,G-04-01-04-03,G-04-01-05-01,G-04-02-01-01,G-04-02-02-01,G-04-02-03-01,G-04-02-04-01,G-04-02-05-01,G-04-02-06-01,G-04-02-07-01,G-04-02-08-01,G-04-02-09-01,G-04-02-10-01,G-04-02-11-01,G-04-02-12-01,G-04-02-14-01,G-04-02-15-01","以下から統合小児科,脳神経外科,,臨床検査科,耳鼻咽喉科,産婦人科,皮膚科,形成外科,整形外科,小児の診察,その他,泌尿器科,麻酔科,歯科口腔外科,眼科,病理診断科,放射線科,精神科,内科"
患者情報の統合、分析と評価、診療計画,臨床推論,基本診療科[^table:基本診療科]における疾患の病態や疫学を説明できる,"F-03-05-08-02,G-04-01-01-02,G-04-01-03-02,G-04-01-04-04,G-04-01-05-02,G-04-02-01-02,G-04-02-02-02,G-04-02-03-02,G-04-02-04-02,G-04-02-05-02,G-04-02-06-02,G-04-02-07-02,G-04-02-08-02,G-04-02-09-02,G-04-02-10-02,G-04-02-11-02,G-04-02-13-01,G-04-02-14-02,G-04-02-15-02","以下から統合、小児科,脳神経外科,臨床検査科,耳鼻咽喉科,産婦人科,皮膚科,形成外科,整形外科,小児の診察,その他,泌尿器科,麻酔科,歯科口腔外科,眼科,病理診断科,リハビリテーション科,放射線科,精神科,内科"
患者情報の統合、分析と評価、診療計画,臨床推論,複数の臓器にまたがる問題を統合する視点を獲得する。,G-04-01-01-04,
患者情報の統合、分析と評価、診療計画,臨床推論,主訴からの診断推論を組み立てる、又はたどる。,G-04-01-03-01,
患者情報の統合、分析と評価、診療計画,臨床推論,女性の健康問題に関する理解を深める。,G-04-01-04-02,
患者情報の統合、分析と評価、診療計画,臨床推論,病歴・身体診察を重視した診断推論（診断がつかない場合を含む）を組み立てる、又はたどる。,G-04-01-06-01,
患者情報の統合、分析と評価、診療計画,臨床推論,呼吸、循環を安定化するための初期治療を学ぶ。,G-04-01-07-01,
患者情報の統合、分析と評価、診療計画,臨床推論,症候をベースとした診断推論を組み立てる、又はたどる。,G-04-01-07-02,
患者情報の統合、分析と評価、診療計画,臨床推論,状況に応じて意思決定を行うことができる,G-04-04-na-03,方略？なので削除？「状況に応じて意思決定を行うことができる」に変える？→状況に応じて意思決定を行うことができるとしました(近藤)
患者情報の統合、分析と評価、診療計画,検査(計画・分析評価),臨床検査の目的と意義を説明でき、必要最小限の検査項目を選択できる。,F-02-03-na-01,第3層を検査の計画、分析、評価でまとめてしまうか。
患者情報の統合、分析と評価、診療計画,検査(計画・分析評価),臨床検査の正しい検体採取方法と検体保存方法を説明できる。,F-02-03-na-02,
患者情報の統合、分析と評価、診療計画,検査(計画・分析評価),臨床検査の安全な実施方法（患者確認と検体確認、検査の合併症、感染症予防、精度管理）を説明できる。,F-02-03-na-03,
患者情報の統合、分析と評価、診療計画,検査(計画・分析評価),病態を推察する基本的検査と確定診断のための検査の意義・相違点を理解・説明できる。,F-02-03-na-07,
患者情報の統合、分析と評価、診療計画,検査(計画・分析評価),血算、凝固・線溶検査、尿・糞便検査、生化学検査の目的と適応を説明し、結果を解釈できる。,F-02-03-na-08,
患者情報の統合、分析と評価、診療計画,検査(計画・分析評価),染色体・遺伝子検査の目的と適応を説明し、結果を解釈できる。,F-02-03-na-09,
患者情報の統合、分析と評価、診療計画,検査(計画・分析評価),病理組織検査、細胞診検査、フローサイトメトリの意義を説明できる。,F-02-03-na-10,
患者情報の統合、分析と評価、診療計画,検査(計画・分析評価),診断に必要な臨床情報の適切な提供法を説明できる。,F-02-04-na-02,
患者情報の統合、分析と評価、診療計画,検査(計画・分析評価),術中迅速診断の利点、欠点を説明できる。,F-02-04-na-03,
患者情報の統合、分析と評価、診療計画,検査(計画・分析評価),デジタル画像を用いた病理診断（遠隔診断を含む）の利点、欠点を説明できる。,F-02-04-na-04,
患者情報の統合、分析と評価、診療計画,検査(計画・分析評価),病理解剖の医療における位置付けと法的事項、手続等を説明できる。,F-02-04-na-05,
患者情報の統合、分析と評価、診療計画,検査(計画・分析評価),エックス線撮影、コンピュータ断層撮影<CT>、磁気共鳴画像法<MRI>と核医学検査の原理を説明できる。,F-02-05-na-01,
患者情報の統合、分析と評価、診療計画,検査(計画・分析評価),内視鏡機器の種類と原理を説明できる。,F-02-06-na-01,内視鏡検査の適応を説明できるに修正を提案(近藤)
患者情報の統合、分析と評価、診療計画,検査(計画・分析評価),内視鏡検査法の種類を列挙し、概説できる。,F-02-06-na-02,内視鏡検査の適応を説明できるに修正を提案(近藤)
患者情報の統合、分析と評価、診療計画,検査(計画・分析評価),超音波機器の種類と原理を説明できる。,F-02-07-na-01,超音波検査の適応を説明できるに修正を提案(近藤)
患者情報の統合、分析と評価、診療計画,検査(計画・分析評価),超音波検査法の種類を列挙し、概説できる。,F-02-07-na-02,超音波検査の適応を説明できるに修正を提案(近藤)
患者情報の統合、分析と評価、診療計画,検査(計画・分析評価),超音波の生体作用と安全性を説明できる。,F-02-07-na-05,
患者情報の統合、分析と評価、診療計画,検査(計画・分析評価),超音波造影法を説明できる。,F-02-07-na-06,
患者情報の統合、分析と評価、診療計画,検査(計画・分析評価),臨床検査の特性（感度、特異度、偽陽性、偽陰性、検査前確率（事前確率）・検査後確率（事後確率）、尤度比、receiver operating characteristic <ROC>曲線）と判定基準（基準値・基準範囲、カットオフ値、パニック値）を説明できる。,F-02-03-na-04,
患者情報の統合、分析と評価、診療計画,検査(計画・分析評価),臨床検査の生理的変動、測定誤差、精度管理、ヒューマンエラーを説明できる。,F-02-03-na-05,
患者情報の統合、分析と評価、診療計画,検査(計画・分析評価),小児、高齢者、妊産婦の検査値特性を説明し、結果を解釈できる。,F-02-03-na-06,
患者情報の統合、分析と評価、診療計画,検査(計画・分析評価),免疫血清学検査、輸血検査の目的と適応を説明し、結果を解釈できる。,F-02-03-na-11,計画と解釈両方を含んでいる(近藤)
患者情報の統合、分析と評価、診療計画,検査(計画・分析評価),生体機能検査（心電図、心臓機能検査、呼吸機能検査、超音波検査、内分泌・代謝機能検査、脳波検査、針筋電図検査、末梢神経伝導検査）の目的と適応を説明し、結果を解釈できる。,F-02-03-na-12,計画と解釈両方を含んでいる(近藤)
患者情報の統合、分析と評価、診療計画,検査(計画・分析評価),細菌学検査（細菌の塗抹、培養、同定、薬剤感受性試験）の目的と適応を説明し、結果を解釈できる。,F-02-03-na-13,計画と解釈両方を含んでいる(近藤)
患者情報の統合、分析と評価、診療計画,検査(計画・分析評価),動脈血ガス分析、経皮的酸素飽和度モニターの目的と適応を説明し、結果を解釈できる。,F-02-03-na-14,経皮的酸素飽和度モニターについては身体所見に移動を(近藤)
患者情報の統合、分析と評価、診療計画,検査(計画・分析評価),脳脊髄液・胸水・腹水検査の目的と適応を説明し、結果を解釈できる。,F-02-03-na-15,計画と解釈両方を含んでいる(近藤)
患者情報の統合、分析と評価、診療計画,検査(計画・分析評価),病理診断、細胞診の適切な検体の取扱い、標本作製及び診断過程が説明できる。,F-02-04-na-01,計画と解釈両方を含んでいる(近藤)
患者情報の統合、分析と評価、診療計画,検査(計画・分析評価),エックス線撮影、コンピュータ断層撮影<CT>、磁気共鳴画像法<MRI>と核医学検査の読影の基本を説明できる。,F-02-05-na-02,
患者情報の統合、分析と評価、診療計画,検査(計画・分析評価),主な疾患、病態のエコー像を概説できる。,F-02-07-na-03,
患者情報の統合、分析と評価、診療計画,検査(計画・分析評価),臨床疫学的指標（感度・特異度、尤度比等）を考慮して、必要十分な検査を挙げ、症例における検査結果の臨床的意義を解釈できる。,F-03-04-na-01,検査計画も
患者情報の統合、分析と評価、診療計画,治療(計画・経過の評価),基本症候[^table:基本症候]について初期対応を計画し、専門的治療が必要な状態を概説できる。,"F-01-01-na-03,F-01-02-na-03,F-01-03-na-03,F-01-04-na-03,F-01-05-na-03,F-01-06-na-03,F-01-07-na-03,F-01-08-na-03,F-01-09-na-03,F-01-10-na-03,F-01-11-na-03,F-01-12-na-03,F-01-13-na-03,F-01-14-na-03,F-01-15-na-03,F-01-16-na-03,F-01-17-na-03,F-01-18-na-03,F-01-19-na-03,F-01-20-na-03,F-01-21-na-03,F-01-22-na-03,F-01-23-na-03,F-01-24-na-03,F-01-25-na-03,F-01-26-na-03,F-01-27-na-03,F-01-28-na-03,F-01-29-na-03,F-01-30-na-03,F-01-31-na-03,F-01-32-na-03,F-01-33-na-03,F-01-34-na-03,F-01-35-na-03,F-01-36-na-03,F-01-37-na-03,F-03-01-na-04",治療の要点とあったが、まだ「症候」の状態であり初期対応に変更。また初期対応を説明→初期対応を計画とした(Doesに近づけるため)(近藤)
患者情報の統合、分析と評価、診療計画,治療(計画・経過の評価),治療やマネジメントに関して意思決定するために、患者側と情報共有や摺り合わせをすることができる。,F-02-01-na-07,
患者情報の統合、分析と評価、診療計画,治療(計画・経過の評価),放射線治療の原理を説明し、主な放射線治療法を列挙できる。,F-02-05-na-03,
患者情報の統合、分析と評価、診療計画,治療(計画・経過の評価),放射線診断・治療による利益と不利益を説明できる。,F-02-05-na-04,
患者情報の統合、分析と評価、診療計画,治療(計画・経過の評価),インターベンショナルラジオロジー（画像誘導下治療）を概説できる。,F-02-05-na-05,
患者情報の統合、分析と評価、診療計画,治療(計画・経過の評価),内視鏡を用いる治療を概説できる。,F-02-06-na-03,内視鏡治療の適応を説明できるに修正を提案(近藤)
患者情報の統合、分析と評価、診療計画,治療(計画・経過の評価),超音波を用いる治療を概説できる。,F-02-07-na-04,
患者情報の統合、分析と評価、診療計画,治療(計画・経過の評価),薬物（オピオイドを含む）の蓄積、耐性、タキフィラキシー、依存、習慣性や嗜癖を説明できる。,F-02-08-na-01,
患者情報の統合、分析と評価、診療計画,治療(計画・経過の評価),主な薬物アレルギーの症候、診察、診断を列挙し、予防策と対処法を説明できる。,F-02-08-na-02,
患者情報の統合、分析と評価、診療計画,治療(計画・経過の評価),各臓器系統（中枢・末梢神経、循環器、呼吸器、消化器、腎泌尿器、血液、内分泌等）に作用する薬の薬理作用、適応、有害事象、投与時の注意事項を説明できる。,F-02-08-na-04,
患者情報の統合、分析と評価、診療計画,治療(計画・経過の評価),抗微生物薬の薬理作用、適応、有害事象、投与時の注意事項を説明できる。,F-02-08-na-05,
患者情報の統合、分析と評価、診療計画,治療(計画・経過の評価),抗腫瘍薬の適応、有害事象、投与時の注意事項を説明できる。,F-02-08-na-06,
患者情報の統合、分析と評価、診療計画,治療(計画・経過の評価),麻薬性鎮痛薬・鎮静薬の適応、有害事象、投与時の注意事項を説明できる。,F-02-08-na-07,
患者情報の統合、分析と評価、診療計画,治療(計画・経過の評価),主な薬物の有害事象を概説できる。,F-02-08-na-08,
患者情報の統合、分析と評価、診療計画,治療(計画・経過の評価),年齢や臓器障害に応じた薬物動態の特徴を考慮して薬剤投与の注意点を説明できる。,F-02-08-na-09,
患者情報の統合、分析と評価、診療計画,治療(計画・経過の評価),薬物動態的相互作用について例を挙げて説明できる。,F-02-08-na-10,
患者情報の統合、分析と評価、診療計画,治療(計画・経過の評価),処方箋の書き方、服薬の基本・アドヒアランスを説明できる。,F-02-08-na-11,
患者情報の統合、分析と評価、診療計画,治療(計画・経過の評価),分子標的薬の薬理作用と有害事象を説明できる。,F-02-08-na-12,
患者情報の統合、分析と評価、診療計画,治療(計画・経過の評価),漢方医学の特徴や、主な和漢薬（漢方薬）の適応、薬理作用を概説できる。,F-02-08-na-13,
患者情報の統合、分析と評価、診療計画,治療(計画・経過の評価),ポリファーマシー、使用禁忌、特定条件下での薬物使用（アンチ・ドーピング等）を説明できる。,F-02-08-na-14,
患者情報の統合、分析と評価、診療計画,治療(計画・経過の評価),清潔の概念と必要性を説明できる。,F-02-09-01-01,
患者情報の統合、分析と評価、診療計画,治療(計画・経過の評価),手洗いの意味と手技を説明できる。,F-02-09-01-02,
患者情報の統合、分析と評価、診療計画,治療(計画・経過の評価),ガウンテクニックの必要性と手技を説明できる。,F-02-09-01-03,
患者情報の統合、分析と評価、診療計画,治療(計画・経過の評価),消毒の意味と方法を説明でき、被覆材の種類と適応、効果を説明できる。,F-02-09-01-05,
患者情報の統合、分析と評価、診療計画,治療(計画・経過の評価),外科的治療の適応と合併症を説明できる。,F-02-09-01-06,
患者情報の統合、分析と評価、診療計画,治療(計画・経過の評価),手術の危険因子を列挙し、その対応の基本を説明できる。,F-02-09-02-01,
患者情報の統合、分析と評価、診療計画,治療(計画・経過の評価),主な術後合併症を列挙し、その予防の基本を説明できる。,F-02-09-02-03,
患者情報の統合、分析と評価、診療計画,治療(計画・経過の評価),手術に関するインフォームド・コンセントの注意点を列挙できる。,F-02-09-02-04,
患者情報の統合、分析と評価、診療計画,治療(計画・経過の評価),周術期管理における事前のリスク評価を説明できる。,F-02-09-02-05,
患者情報の統合、分析と評価、診療計画,治療(計画・経過の評価),周術期における主な薬剤の服薬管理（継続、中止等）の必要性とそれに伴うリスクの基本を説明できる。,F-02-09-02-06,
患者情報の統合、分析と評価、診療計画,治療(計画・経過の評価),周術期管理における輸液・輸血の基本を説明できる。,F-02-09-02-07,
患者情報の統合、分析と評価、診療計画,治療(計画・経過の評価),術後痛の管理を説明できる。,F-02-09-02-08,
患者情報の統合、分析と評価、診療計画,治療(計画・経過の評価),術後回復室の役割を概説できる。,F-02-09-02-09,
患者情報の統合、分析と評価、診療計画,治療(計画・経過の評価),集中治療室の役割を概説できる。,F-02-09-02-10,
患者情報の統合、分析と評価、診療計画,治療(計画・経過の評価),麻酔の概念、種類と麻酔時の生体反応を説明できる。,F-02-10-na-01,
患者情報の統合、分析と評価、診療計画,治療(計画・経過の評価),麻酔管理を安全に行うための術前評価と呼吸管理を概説できる。,F-02-10-na-02,
患者情報の統合、分析と評価、診療計画,治療(計画・経過の評価),麻酔薬と筋弛緩薬の種類と使用上の原則を説明できる。,F-02-10-na-03,
患者情報の統合、分析と評価、診療計画,治療(計画・経過の評価),吸入麻酔と静脈麻酔の適応、禁忌、方法、事故と合併症を概説できる。,F-02-10-na-04,
患者情報の統合、分析と評価、診療計画,治療(計画・経過の評価),局所麻酔、末梢神経ブロック、神経叢ブロック、脊髄くも膜下麻酔、硬膜外麻酔の適応、禁忌と合併症を概説できる。,F-02-10-na-06,
患者情報の統合、分析と評価、診療計画,治療(計画・経過の評価),安全な麻酔のためのモニタリングの方法、重要な異常所見と対処法を概説できる。,F-02-10-na-07,
患者情報の統合、分析と評価、診療計画,治療(計画・経過の評価),悪性高熱症や神経筋疾患患者における麻酔管理上の注意点を概説できる。,F-02-10-na-08,
患者情報の統合、分析と評価、診療計画,治療(計画・経過の評価),食行動、食事摂取基準、食事バランス、日本食品標準成分表、補助食品、食物繊維・プロバイオティクス・プレバイオティクスを概説できる。,F-02-11-na-01,
患者情報の統合、分析と評価、診療計画,治療(計画・経過の評価),栄養アセスメント、栄養ケア・マネジメント、栄養サポートチーム(nutrition support team <NST>)、疾患別の栄養療法を説明できる。,F-02-11-na-02,
患者情報の統合、分析と評価、診療計画,治療(計画・経過の評価),各種補液製剤（ビタミン、微量元素を含む）の特徴と病態に合わせた適応、投与時の注意事項を説明できる。,F-02-11-na-03,
患者情報の統合、分析と評価、診療計画,治療(計画・経過の評価),経静脈栄養と経管・経腸栄養の適応、方法と合併症、長期投与時の注意事項を説明できる。,F-02-11-na-04,
患者情報の統合、分析と評価、診療計画,治療(計画・経過の評価),乳幼児と小児の輸液療法を説明できる。,F-02-11-na-05,
患者情報の統合、分析と評価、診療計画,治療(計画・経過の評価),主な医療機器の種類と原理を概説できる。,F-02-12-na-01,
患者情報の統合、分析と評価、診療計画,治療(計画・経過の評価),主な人工臓器の種類と原理を概説できる。,F-02-12-na-02,
患者情報の統合、分析と評価、診療計画,治療(計画・経過の評価),血液製剤及び血漿分画製剤の種類と適応を説明できる。,F-02-13-na-01,
患者情報の統合、分析と評価、診療計画,治療(計画・経過の評価),血液型(ABO、RhD)検査、血液交差適合（クロスマッチ）試験、不規則抗体検査を説明できる。,F-02-13-na-02,
患者情報の統合、分析と評価、診療計画,治療(計画・経過の評価),輸血副反応、輸血使用記録保管義務、不適合輸血の防止手順を説明できる。,F-02-13-na-03,
患者情報の統合、分析と評価、診療計画,治療(計画・経過の評価),輸血の適正使用、成分輸血、自己血輸血、緊急時の輸血を説明できる。,F-02-13-na-04,
患者情報の統合、分析と評価、診療計画,治療(計画・経過の評価),臓器移植、造血幹細胞移植の種類と適応を説明できる。,F-02-13-na-05,
患者情報の統合、分析と評価、診療計画,治療(計画・経過の評価),移植と組織適合性の関係を説明できる。,F-02-13-na-06,
患者情報の統合、分析と評価、診療計画,治療(計画・経過の評価),移植後の拒絶反応、移植片対宿主病の病態生理と発症時の対応を説明できる。,F-02-13-na-07,
患者情報の統合、分析と評価、診療計画,治療(計画・経過の評価),免疫抑制薬の種類、適応と副作用を説明できる。,F-02-13-na-08,
患者情報の統合、分析と評価、診療計画,治療(計画・経過の評価),リハビリテーションの概念と適応（心大血管疾患、呼吸器疾患、癌等の内部障害を含む）を説明できる。,F-02-14-na-01,
患者情報の統合、分析と評価、診療計画,治療(計画・経過の評価),福祉・介護との連携におけるリハビリテーションの役割を説明できる。,F-02-14-na-03,
患者情報の統合、分析と評価、診療計画,治療(計画・経過の評価),機能障害と日常生活動作(activities of daily living <ADL>)の評価ができる。,F-02-14-na-05,
患者情報の統合、分析と評価、診療計画,治療(計画・経過の評価),理学療法、作業療法と言語聴覚療法を概説できる。,F-02-14-na-06,
患者情報の統合、分析と評価、診療計画,治療(計画・経過の評価),主な歩行補助具、車椅子、義肢（義手、義足）と装具を概説できる。,F-02-14-na-07,
患者情報の統合、分析と評価、診療計画,治療(計画・経過の評価),在宅医療の在り方、今後の必要性と課題を概説できる。,F-02-15-na-01,
患者情報の統合、分析と評価、診療計画,治療(計画・経過の評価),在宅における人生の最終段階における医療、看取りの在り方と課題を概説できる。,F-02-15-na-04,
患者情報の統合、分析と評価、診療計画,治療(計画・経過の評価),介護の定義と種類を説明できる。,F-02-15-na-05,
患者情報の統合、分析と評価、診療計画,治療(計画・経過の評価),日常生活動作<ADL>（排泄、摂食、入浴等）に応じた介護と環境整備の要点を概説できる。,F-02-15-na-06,
患者情報の統合、分析と評価、診療計画,治療(計画・経過の評価),地域包括ケアシステムと介護保険制度、障害者総合支援法等の医療保健福祉制度を概説できる。,F-02-15-na-07,
患者情報の統合、分析と評価、診療計画,治療(計画・経過の評価),全人的苦痛を説明できる。,F-02-16-na-02,
患者情報の統合、分析と評価、診療計画,治療(計画・経過の評価),緩和ケアにおいて頻度の高い身体的苦痛、心理社会的苦痛を列挙することができる。,F-02-16-na-03,
患者情報の統合、分析と評価、診療計画,治療(計画・経過の評価),疼痛のアセスメント、疼痛緩和の薬物療法、癌疼痛治療法を説明できる。,F-02-16-na-04,
患者情報の統合、分析と評価、診療計画,治療(計画・経過の評価),オピオイドの適応と課題を説明できる。,F-02-16-na-05,
患者情報の統合、分析と評価、診療計画,治療(計画・経過の評価),緩和ケアにおける患者・家族の心理を説明できる。,F-02-16-na-06,
患者情報の統合、分析と評価、診療計画,治療(計画・経過の評価),科学的根拠に基づいた治療法を述べることができる。,F-03-04-na-02,
患者情報の統合、分析と評価、診療計画,治療(計画・経過の評価),治療の立案・実施に可能な範囲で参加できる。,F-03-05-08-03,治療手技も
患者情報の統合、分析と評価、診療計画,治療(計画・経過の評価),内科的治療の立案・実施に可能な範囲で参加する。,G-04-01-01-03,不要？
患者情報の統合、分析と評価、診療計画,治療(計画・経過の評価),外科的治療の適応を知る。,G-04-01-02-01,
患者情報の統合、分析と評価、診療計画,治療(計画・経過の評価),手術計画の立案に可能な範囲で参加する。,G-04-01-02-02,
患者情報の統合、分析と評価、診療計画,治療(計画・経過の評価),周術期管理に可能な範囲で参加する。,G-04-01-02-03,
患者情報の統合、分析と評価、診療計画,治療(計画・経過の評価),手術を含めた婦人科的治療に可能な範囲で参加する。,G-04-01-04-05,
患者情報の統合、分析と評価、診療計画,治療(計画・経過の評価),健康問題に対する包括的アプローチ（複数の健康問題の相互作用等）を体験する。,G-04-01-06-02,
患者情報の統合、分析と評価、診療計画,治療(計画・経過の評価),家族や地域といった視点をもち、心理・社会的背景により配慮した診療に可能な範囲で参加する。,G-04-01-06-03,
患者情報の統合、分析と評価、診療計画,治療(計画・経過の評価),在宅医療を体験する。,G-04-01-06-04,
患者情報の統合、分析と評価、診療計画,治療(計画・経過の評価),基本診療科[^table:基本診療科]の治療に可能な範囲で参加する。,"F-03-05-08-03,G-04-01-01-03,G-04-01-03-03,G-04-02-01-03,G-04-02-02-03,G-04-02-03-03,G-04-02-04-03,G-04-02-05-03,G-04-02-06-03,G-04-02-07-03,G-04-02-08-03,G-04-02-09-03,G-04-02-10-03,G-04-02-11-03,G-04-02-13-02,G-04-02-14-03,G-04-02-15-03","以下から統合、小児科,内科,泌尿器科,脳神経外科,麻酔科,リハビリテーション科,眼科,歯科口腔外科,皮膚科,病理診断科,臨床検査科,放射線科,耳鼻咽喉科,形成外科,整形外科,小児の診察,その他"
患者情報の統合、分析と評価、診療計画,治療(計画・経過の評価),創傷治癒のメカニズムを説明できる。,F-02-09-01-04,
患者情報の統合、分析と評価、診療計画,教育計画,患者説明のための文書の下書きを作成できる,,教育計画は学生のレベルとしては高いので第3層から削除→学生でも実現可能と思われるものを新設してみました
患者情報の統合、分析と評価、診療計画,教育計画,各種同意書の説明を行うことができる,,教育計画は学生のレベルとしては高いので第3層から削除→学生でも実現可能と思われるものを新設してみました
治療を含む対応の実施,検査手技,検査に関する基本的臨床手技[^table:基本的臨床手技]に関して定められた目標を達成できる。,"F-03-06-01-01,F-03-06-01-02,F-03-06-02-01,F-03-06-02-02,F-03-06-02-03,F-03-06-02-04,G-03-01-na-05,G-03-01-na-08,G-03-01-na-09,G-03-02-na-01,G-03-02-na-02,G-03-02-na-03,G-03-02-na-04,G-03-02-na-05,G-03-02-na-06,G-03-02-na-07,G-03-02-na-08,G-03-02-na-09,G-03-02-na-10,G-03-02-na-11,G-03-02-na-12,G-03-03-na-01",
治療を含む対応の実施,治療手技,治療に関する基本的臨床手技[^table:基本的臨床手技]に関して定められた目標を達成できる。,"G-03-01-na-01,G-03-01-na-06,F-03-06-03-01,F-03-06-03-02,F-03-06-03-03,G-03-01-na-02,G-03-01-na-03,G-03-01-na-04,G-03-01-na-07,G-03-01-na-10,G-03-01-na-11,G-03-01-na-12,G-03-01-na-13,G-03-01-na-14,G-03-01-na-15,G-03-03-na-02,G-03-03-na-03,G-03-03-na-04,G-03-03-na-05,G-03-03-na-06,G-04-01-02-04,G-04-01-02-05,G-04-01-04-01,G-04-01-05-03,G-04-01-05-04",
治療を含む対応の実施,初期対応,緊急性の高い状況かどうかをある程度判断できるようになる。,F-03-06-04-01,初期対応への分類とどちらが良いか？（小松）
治療を含む対応の実施,初期対応,一次救命処置を実施できる。,F-03-06-04-02,
治療を含む対応の実施,初期対応,身体徴候、バイタルサインから緊急性の高い状況であることを判断できる。,G-03-04-na-01,初期対応への分類とどちらが良いか？（小松）
治療を含む対応の実施,初期対応,一次救命処置を実施できる。,G-03-04-na-02,
治療を含む対応の実施,初期対応,二次救命処置を含む緊急性の高い患者の初期対応を実演できる。,G-03-04-na-03,二次救命処置を含む緊急性の高い患者の初期対応に可能な範囲で参加する。から実演できるに変更(近藤)
治療を含む対応の実施,初期対応,気管挿管を含む各種の気道確保法を概説できる。,F-02-10-na-05,
治療を含む対応の実施,書類の作成,各種診断書・証明書の下書きを作成できる。,G-03-01-na-17,変更案-作成を見学する→下書きを作成する(近藤)
治療を含む対応の実施,書類の作成,各種検案書の作成を実演できる,G-03-01-na-17,変更案-作成を見学する→実演できる(近藤)
治療を含む対応の実施,患者ケアに必要な連携,コンサルテーションや紹介の必要な状況を説明できる。,F-02-01-na-08,
治療を含む対応の実施,患者ケアに必要な連携,多職種連携を体験してその重要性を認識する。,G-04-01-06-05,
治療を含む対応の実施,患者ケアに必要な連携,臨床現場において、保健・医療・福祉・介護に関する制度に触れる。,G-04-01-06-06,
治療を含む対応の実施,患者ケアに必要な連携,チーム医療の一員として良好なコミュニケーションを実践できる。,G-04-01-07-03,
治療を含む対応の実施,患者ケアに必要な連携,家族や地域といった視点をもち、保健・医療・福祉・介護との連携を学ぶ。,G-04-01-07-04,
治療を含む対応の実施,患者ケアに必要な連携,救急隊員との連携を通じて、病院前救護体制とメディカルコントロールについて学ぶ。,G-04-01-07-05,
治療を含む対応の実施,患者ケアに必要な連携,地域の災害医療体制について学ぶ。,G-04-01-07-06,
治療を含む対応の実施,患者ケアに必要な連携,基本診療科[^table:基本診療科]にどのようにコンサルテーションすればよいか説明できる。,"F-03-05-08-07,G-04-01-01-06,G-04-01-02-06,G-04-01-03-07,G-04-01-04-07,G-04-01-05-05,G-04-02-01-05,G-04-02-02-05,G-04-02-03-05,G-04-02-04-05,G-04-02-05-05,G-04-02-06-05,G-04-02-07-05,G-04-02-08-05,G-04-02-09-05,G-04-02-10-05,G-04-02-11-05,G-04-02-13-04,G-04-02-14-05,G-04-02-15-05","分かる→説明できるに。以下から統合。小児科,脳神経外科,臨床検査科,耳鼻咽喉科,産婦人科,皮膚科,形成外科,整形外科,小児の診察,その他,泌尿器科,麻酔科,歯科口腔外科,眼科,病理診断科,外科,リハビリテーション科,放射線科,精神科,内科"
治療を含む対応の実施,患者ケアに必要な連携,学外の臨床研修病院等の地域病院や診療所、さらに保健所や社会福祉施設等の協力を得る。,G-04-03-na-02,
治療を含む対応の実施,患者ケアに必要な連携,必要に応じて臨床教授制度等を利用する。,G-04-03-na-03,
治療を含む対応の実施,患者ケアに必要な連携,早期臨床体験実習を拡充し、低学年から継続的に地域医療の現場に接する機会を設ける。,G-04-03-na-04,
治療を含む対応の実施,患者ケアに必要な連携,衛生学・公衆衛生学実習等と連携し、社会医学的（主に量的）な視点から地域を診る学習機会を作る。,G-04-03-na-05,
治療を含む対応の実施,患者ケアに必要な連携,人類学・社会学・心理学・哲学・教育学等と連携し、行動科学・社会科学的（主に質的）な視点から地域における生活の中での医療を知り体験する学習機会を作る。,G-04-03-na-06,
治療を含む対応の実施,患者ケアに必要な連携,チームトレーニングによって、チーム医療の実践能力を高める。,G-04-04-na-04,
治療を含む対応の実施,患者ケアに必要な連携,リハビリテーション・チームの構成を理解し、医師の役割を説明できる。,F-02-14-na-02,
治療を含む対応の実施,患者ケアに必要な連携,在宅医療における多職種連携の重要性を説明できる。,F-02-15-na-02,
治療を含む対応の実施,患者ケアに必要な連携,褥瘡の予防、評価、処置・治療及びチーム医療の重要性を説明できる。,F-02-15-na-03,
治療を含む対応の実施,患者ケアに必要な連携,緩和ケア（緩和ケアチーム、ホスピス、緩和ケア病棟、在宅緩和ケアを含む）を概説できる。,F-02-16-na-01,
治療を含む対応の実施,診療計画カンファレンス,医師カンファレンスにおいて症例を適切に要約し提示できる。,F-03-03-na-03,（≒プレゼンテーションスキル、小松）
治療を含む対応の実施,診療計画カンファレンス,多職種カンファレンスに参加し発言することができる。,,新設
診療経過の振り返りと改善,振り返りカンファレンス,M&Mカンファレンスに参加し発言することができる,,多職種カンファレンスに入れてしまう（もしくは患者安全の方？）。Ｍ＆Ｍを第4層でもよい。→第4層としてみました。文言はこれで良いでしょうか?(近藤)
診療経過の振り返りと改善,振り返りカンファレンス,CPCカンファレンスに参加し発言することができる,,医師カンファレンスに入れてしまう。ＣＰＣを第4層にでもよい。→第4層の場合医師カンファレンスが第3層でしょうか? CPCは治療を含む対応の実施では内転が気にかかります(近藤)
診療経過の振り返りと改善,自己省察とメタ認知,状況に応じ、診断プロセスと治療やマネジメントが並行して行われることが説明できる。,F-02-01-na-06,
診療経過の振り返りと改善,自己省察とメタ認知,振り返りによって自己省察能力を高める。,G-04-04-na-05,
診療経過の振り返りと改善,患者安全の配慮と促進,診断過誤の原因とその防止法を説明できる。,F-02-01-na-05,
診療経過の振り返りと改善,患者安全の配慮と促進,プライバシー保護とセキュリティーに充分配慮できる。,F-03-03-na-04,重複となるが、病歴・身体所見の部分にも入れてもいいかも（小松）
診療経過の振り返りと改善,患者安全の配慮と促進,患者の安全を重視し、有害事象が生じた場合は適切に対応ができる。,F-03-05-01-02,
診療経過の振り返りと改善,患者安全の配慮と促進,患者のプライバシー、羞恥心、苦痛に配慮し、個人情報等を守秘できる。,F-03-05-01-03,
診療経過の振り返りと改善,患者安全の配慮と促進,感染を予防するため、診察前後の標準予防策(standard precautions)ができる。,F-03-05-01-04,
診療経過の振り返りと改善,患者安全の配慮と促進,手指衛生等の標準予防策(standard precautions)を実施できる。,F-03-06-01-03,