第2層,第3層,第4層,UID,H28対応項目,H28表記,「概要を理解している」で良い場合には●(20220410),第4層(202004113)作業用,第4層(20220413),"座長・副座長返答(1.医学教育課の意見を反映,2.原案ママ,3.その他)(20220411)",座長・副座長コメント(20220411),医学教育課修正案(20220327),医学教育課からのコメント(20220327),チームからの修正提案(20220317),チームからのコメント(20220317),第4層(技術参与清書),第4層(20220302査読直前),修正提案(20220302),査読コメント(20220302),全体編集コメント,チームからの返信（原案どおりなら１、修正案に賛成なら２）,チームからのコメント（あれば）,第4層(計算列),メモ,査読への返答,A,B,C,D,E,F,G,H,I,Unnamed: 34
患者の情報収集,医療面接,医療面接における基本的コミュニケーション技法を用いることができる。,Jkxirsc,F-03-02-na-02,医療面接における基本的コミュニケーション技法を用いることができる。,,医療面接における基本的コミュニケーション技法を用いることができる。,医療面接における基本的コミュニケーション技法を用いることができる。,,,,,,,医療面接における基本的コミュニケーション技法を用いることができる。,医療面接における基本的コミュニケーション技法を用いることができる。,医療面接における基本的コミュニケーション技法を用いることができる。,ママ,,1.0,,医療面接における基本的コミュニケーション技法を用いることができる。,コミュではなく技能で扱う(2022/2/7)(近藤),技能(技能+コミュ)で審議し技能で扱うこととしました,コミュニケーション領域へ,コミュと重なる,コミュ7と重複。基本的コミュニケーションスキルとは具体的に何か記載がないと、カリキュラム立案に反映しにくい。入れるとしても「医療面接において」では。,,問が漠然としているので削除で良いのでは？,,,,,
患者の情報収集,医療面接,病歴（主訴、現病歴、常用薬、アレルギー歴、既往歴、家族歴、嗜好、生活習慣、社会歴・職業歴、生活環境、家庭環境、海外渡航歴、システムレビュー）を聴き取り、情報を取捨選択し整理できる。,Jkxirsg,F-03-02-na-03,病歴（主訴、現病歴、常用薬、アレルギー歴、既往歴、家族歴、嗜好、生活習慣、社会歴・職業歴、生活環境、家庭環境、海外渡航歴、システムレビュー）を聴き取り、情報を取捨選択し整理できる。,,病歴（主訴、現病歴、常用薬、アレルギー歴、既往歴、家族歴、嗜好、生活習慣、社会歴・職業歴、生活環境、家庭環境、海外渡航歴、システムレビュー）を聴き取り、情報を取捨選択し整理できる。,病歴（主訴、現病歴、常用薬、アレルギー歴、既往歴、家族歴、嗜好、生活習慣、社会歴・職業歴、生活環境、家庭環境、海外渡航歴、システムレビュー）を聴き取り、情報を取捨選択し整理できる。,,,,,,,病歴（主訴、現病歴、常用薬、アレルギー歴、既往歴、家族歴、嗜好、生活習慣、社会歴・職業歴、生活環境、家庭環境、海外渡航歴、システムレビュー）を聴き取り、情報を取捨選択し整理できる。,病歴（主訴、現病歴、常用薬、アレルギー歴、既往歴、家族歴、嗜好、生活習慣、社会歴・職業歴、生活環境、家庭環境、海外渡航歴、システムレビュー）を聴き取り、情報を取捨選択し整理できる。,病歴（主訴、現病歴、常用薬、アレルギー歴、既往歴、家族歴、嗜好、生活習慣、社会歴・職業歴、生活環境、家庭環境、海外渡航歴、システムレビュー）を聴き取り、情報を取捨選択し整理できる。,ママ,,1.0,,病歴（主訴、現病歴、常用薬、アレルギー歴、既往歴、家族歴、嗜好、生活習慣、社会歴・職業歴、生活環境、家庭環境、海外渡航歴、システムレビュー）を聴き取り、情報を取捨選択し整理できる。,,技能(技能+コミュ)で審議しこのままとしました,,,網羅的に聞き取った上で取捨選択するのではなく、鑑別疾患を考えながら必要な情報を聴取していくアプローチを学ぶ必要があることを表現できたらと思うので、「主訴に対する鑑別疾患を想起しながら、その吟味に必要な病歴（....）を聴取できる」,,,"臨床推論の最重要項目であり医師の能力が大きく作用する現病歴について、ある程度アンケートでも記載できる常用薬、アレルギー歴、既往歴、家族歴、嗜好、生活習慣、社会歴・職業歴、生活環境、家庭環境、海外渡航歴、と同列に扱われてきているのが気になっておりました。OSCEでも、十分に現病歴をとらずに家族歴、既往歴に進んでしまう残念な学生がいるので重点的に指導しておりますが、学ぶ方も教える方も意識改革が必要そうです。診療参加の本幹である、日々の診療・カルテ記載の基本にもなりますので、別枠の方が良いのではと思いました。
『主訴を正確に把握して鑑別診断を想起し、詳細に現病歴（発症様式、経過と場 所、質、放散痛、程度、軽快因子、増悪因子、随伴症状など）を聴取することができる。』など。一意見でした。",,,,
患者の情報収集,医療面接,患者に関わる人達から必要な情報を得ることができる。,Jkxirso,"F-03-05-08-04,G-04-01-03-04","保護者から必要な情報を得たり対応したりすることに可能な範囲で参加できる。,保護者から必要な情報を得たり対応したりすることに可能な範囲で参加する。",,患者に関わる人達から必要な情報を得ることができる。,患者に関わる人たちから必要な情報を得ることができる。,1.0,,患者に関わる人達から必要な情報を得ることができる。,「たち」→「達」に修正しました。「得ることが参加できる」を「得ることができる」に修正しました。,患者に関わる人たちから必要な情報を得ることができる。,,患者に関わる人たちから必要な情報を得ることが参加できる。,患者に関わる人たちから必要な情報を得ることが参加できる。,,コミュ27と重複,,1.0,,患者に関わる人たちから必要な情報を得ることが参加できる。,コミュではなく技能で扱う、保護者→患者に関わる人たち(さらに良い言葉があれば変更)(2022/2/7)(近藤),対応しました,,高齢者の場合も「保護者」なのか？,コミュ26と重複。小児の項目なのでしょうが、成人でも認知症の方の家族や知人・行政関係者などの代理人（代理意思決定者を含む）から情報を得る場面はあるので、一般化して「必要に応じて家族や家族以外の代理人から患者に関する情報を得たり対応したりすることに、指導医とともに参加できる」,,保護者→保護者や第三者で良いのでは？,,可能な範囲でという言葉がやや抽象的か。,,,【宮地】コミュ27との区別をどうつけるか？
患者の情報収集,身体所見,患者の状態に応じた診察ができる。,Jkxirss,F-03-05-01-06,患者の状態から診察が可能かどうかを判断し、状態に応じた診察ができる。,,患者の状態に応じた診察ができる。,患者の状態に応じた診察ができる。,,,,,,,患者の状態から診察が可能かどうかを判断し、状態に応じた診察ができる。,患者の状態から診察が可能かどうかを判断し、状態に応じた診察ができる。,患者の状態に応じた診察ができる。,査読者Iの意見、遠隔診療まで行われている今日、診察が不可能、という状況が想定しにくい,,2.0,,患者の状態に応じた診察ができる。,,技能で審議しこのままとしました,,,学生の独断では難しいと思うので、「〜を判断し、指導医と相談した上で状態に応じた診察ができる」ではどうでしょうか,,ができる→の重要性を理解できる（実施は学生レベルを超えることが多い）,,,「患者の状態に応じた診療ができる」だけではだめでしょうか,,
患者の情報収集,身体所見,全身の外観（体型、栄養、姿勢、歩行、顔貌、皮膚、発声）を評価できる。,Jkxirs8,F-03-05-02-07,全身の外観（体型、栄養、姿勢、歩行、顔貌、皮膚、発声）を評価できる。,,全身の外観（体型、栄養、姿勢、歩行、顔貌、皮膚、発声）を評価できる。,全身の外観（体型、栄養、姿勢、歩行、顔貌、皮膚、発声）を評価できる。,,,,,,,全身の外観（体型、栄養、姿勢、歩行、顔貌、皮膚、発声）を評価できる。,全身の外観（体型、栄養、姿勢、歩行、顔貌、皮膚、発声）を評価できる。,全身の外観（体型、栄養、姿勢、歩行、顔貌、皮膚、発声）を評価できる。,,,1.0,,全身の外観（体型、栄養、姿勢、歩行、顔貌、皮膚、発声）を評価できる。,バイタルより上に移動(2022/2/7)(近藤),技能で審議しこのままとしました,,,,,,の診察を行い、主な異常の有無を指摘できる。,,,,
患者の情報収集,身体所見,バイタルサイン（体温、脈拍、血圧、呼吸数、酸素飽和度）の測定ができる。,Jkxirs0,"F-02-09-02-02,F-03-05-02-05,F-03-05-02-04,F-03-05-02-02,F-03-05-02-06,F-03-06-02-05","基本的バイタルサイン（体温、呼吸、脈拍、血圧）の意義とモニターの方法を説明できる。,腋窩で体温を測定できる。,呼吸数を測定し、呼吸の異常の有無を確認できる。,上腕で触診、聴診法により血圧を測定できる。,下肢の動脈の触診等、下腿の血圧測定（触診法）、大腿の血圧測定（聴診法）を実施できる。,経皮的酸素飽和度を測定できる。",,バイタルサイン（体温、脈拍、血圧、呼吸数、酸素飽和度）の測定ができる。,バイタルサイン（体温、脈拍、血圧、呼吸数、酸素飽和度）の測定ができる。,,,,,,,バイタルサイン（体温、呼吸数、酸素飽和度、脈拍、血圧）の測定ができる。,バイタルサイン(体温、呼吸数、酸素飽和度、脈拍、血圧)の測定ができる,バイタルサイン（体温、脈拍、血圧、呼吸数、酸素飽和度）の測定ができる。,査読者Iの意見,,2.0,,バイタルサイン（体温、脈拍、血圧、呼吸数、酸素飽和度）の測定ができる。,(腋窩)(橈骨)(上肢・下肢)を削除(2022/2/7)(近藤),対応しました,（）のなかの（）という記載を修正可能なら,,,,,卒業時ですので、・・・測定ができ、おもな異常所見を指摘できる。　ごよいのでは、,,,医師国家試験等の記載順に合わせ、体温、脈拍、血圧、呼吸数、酸素飽和度の順に記載するのはいかがでしょうか。,
患者の情報収集,身体所見,適切な体位（立位、座位、半座位、臥位、砕石位）で診察できる。,Jkxirs4,F-03-02-na-04,診察時に患者に適切な体位（立位、座位、半座位、臥位、砕石位）を説明できる。,,適切な体位（立位、座位、半座位、臥位、砕石位）で診察できる。,適切な体位（立位、座位、半座位、臥位、砕石位）で診察できる。,,,,,,,適切な体位（立位、座位、半座位、臥位、砕石位）で診察できる。,適切な体位（立位、座位、半座位、臥位、砕石位）で診察できる。,適切な体位（立位、座位、半座位、臥位、砕石位）で診察できる。,ママ,,1.0,,適切な体位（立位、座位、半座位、臥位、砕石位）で診察できる。,,対応しました,説明できるではなく、対位をとらせることができる,説明できる→患者にとってもらうことができる,,,,を説明し、実施できる。？,,実施でいいと思います,,
患者の情報収集,身体所見,部位毎の身体診察(表[身体診察])ができる。,,F-03-02-na-04,診察時に患者に適切な体位（立位、座位、半座位、臥位、砕石位）を説明できる。,,部位毎の身体診察(表[身体診察])ができる。,部位毎の身体診察(表[身体診察])ができる。,2.0,修正しました,,出力時に??となっていることに留意。,,,,,部位毎の身体診察[@tbl:身体診察]ができる。,新設,,2.0,,部位毎の身体診察[@tbl:身体診察]ができる。,,,,,,,,,,,,
患者の情報収集,身体所見,主要診療科(表[主要診療科])において必要な診察ができる。,Jkxiru4,"G-04-02-01-04,G-04-02-02-04,G-04-02-03-04,G-04-02-04-04,G-04-02-05-04,G-04-02-06-04,G-04-02-07-04,G-04-02-08-04,G-04-02-09-04,G-04-02-10-04,G-04-02-11-04,G-04-02-13-03,G-04-02-14-04,G-04-02-15-04,G-04-01-01-05,G-04-01-03-06,F-03-05-08-06,G-04-01-04-06","該当診療科の基本的な診察技能について学ぶ。,該当診療科の基本的な診察技能について学ぶ。,該当診療科の基本的な診察技能について学ぶ。,該当診療科の基本的な診察技能について学ぶ。,該当診療科の基本的な診察技能について学ぶ。,該当診療科の基本的な診察技能について学ぶ。,該当診療科の基本的な診察技能について学ぶ。,該当診療科の基本的な診察技能について学ぶ。,該当診療科の基本的な診察技能について学ぶ。,該当診療科の基本的な診察技能について学ぶ。,該当診療科の基本的な診察技能について学ぶ。,該当診療科の基本的な診察技能について学ぶ。,該当診療科の基本的な診察技能について学ぶ。,該当診療科の基本的な診察技能について学ぶ。,基本的な内科的診察技能について学ぶ。,基本的な小児科診察技能について学ぶ。,基本的な小児科診察ができる。,基本的な婦人科診察技能について学ぶ。",,主要診療科(表[主要診療科])において必要な診察ができる。,主要診療科(表[主要診療科])において必要な診察ができる。,2.0,修正しました,,出力時に??となっていることに留意。,,,主要診療科[^table:主要診療科]における診察ができる。,主要診療科[^table:主要診療科]における診察ができる。,主要診療科[@tbl:主要診療科]において必要な診察ができる。,「主要診療科における診察」が何を指すのかわかりにくいと考え、「必要な診察」としました。,,2.0,,主要診療科[@tbl:主要診療科]において必要な診察ができる。,"以下から統合(脳神経外科,泌尿器科,麻酔科,リハビリテーション科,眼科,歯科口腔外科,皮膚科,病理診断科,臨床検査科,放射線科,耳鼻咽喉科,形成外科,整形外科,その他)(近藤)",基本診療科は別表に記載される診療科を指します。,別テーブルによる記載は冗長な繰り返しを避ける意味で良い考えだと思います,「診療技能」という言葉が抽象的,11から40までの診察技能とはまた別に何か必要な診察技能があるということでしょうか？それであれば明記したほうがよいのでは？,,基本診療科の定義が不明（新専門医制度の基本19領域を指すのであれば、広すぎて不適）では？,"基本診療科[^table:基本診療科]において・・・・・・・。』の記述ですが、主に記載されている診察以外に各診療科の診察で、将来、何科に進むにも大切な診察を教えてほしい意味で、記載されていたと思います。現在のところ、主な診察手技の記載では、皮膚所見が見当たりません？？が、それ以外は、ほぼ診察は網羅されて記載されているように思われます。救急、等他も、現在記載されているもので大丈夫であれば、この項目は削除でもよいと思ますが、このような経過があったと思いますので、報告いたします。
その後も何度か　基本診療科[^table:基本診療科]において　　・・・　が出てきます。鑑別、検査、治療等。",,診療技能、が何をさすのかが難しいですね,,
患者情報の統合、分析と評価、診療計画,カルテ記載,適切に患者の情報を収集し、問題志向型医療記録を作成できる。,Jkxiru8,"F-03-03-na-01,G-03-01-na-16","適切に患者の情報を収集し、問題志向型医療記録<POMR>を作成できる。,診療録（カルテ）を作成する。",,適切に患者の情報を収集し、問題志向型医療記録<POMR>を作成できる。,適切に患者の情報を収集し、問題志向型医療記録<POMR>を作成できる。,,,,,,,適切に患者の情報を収集し、問題志向型医療記録（POMR）を作成できる。,適切に患者の情報を収集し、問題志向型医療記録<POMR>を作成できる。,適切に患者の情報を収集し、問題志向型医療記録（POMR）を作成できる。,ママ,,1.0,,適切に患者の情報を収集し、問題志向型医療記録<POMR>を作成できる。,,,,,,,,,,,,
患者情報の統合、分析と評価、診療計画,カルテ記載,診療経過を主観的所見・客観的所見・評価・計画で記載できる。,JkxirvA,F-03-03-na-02,診療経過を主観的所見・客観的所見・評価・計画<SOAP>で記載できる。,,診療経過をSOAP（主観的所見・客観的所見・評価・計画）で記載できる。,診療経過をSOAP（主観的所見・客観的所見・評価・計画）で記載できる。,,,,,,,診療経過をSOAP（主観的所見・客観的所見・評価・計画）で記載できる。,診療経過を主観的所見・客観的所見・評価・計画<SOAP>で記載できる。,診療経過をSOAP（主観的所見・客観的所見・評価・計画）で記載できる。,ママ,,2.0,,診療経過をSOAP（主観的所見・客観的所見・評価・計画）で記載できる。,,,,,,,,,,,,
患者情報の統合、分析と評価、診療計画,カルテ記載,過去の診療経過をまとめて診療録に記載できる。,JkxirvE,,,,過去の診療経過をまとめて診療録に記載できる。,過去の診療経過をまとめて診療録に記載できる。,,,,,,,過去の診療経過をまとめて診療録に記載できる。,過去の診療経過をまとめて診療録に記載できる,過去の診療経過をまとめて診療録に記載できる。,ママ,,1.0,,過去の診療経過をまとめて診療録に記載できる,"カルテ→診療録(2022/2/7)(近藤),新設、第2層「情報収集」に存在した第3層「検査結果」及び「治療経過」は過去の資料の収集を意図したものであったため、「カルテ記載」に移動した(近藤)",病歴・身体所見に加えて過去の情報の収集ということを意図しました,"情報チームと協働して、電子カルテへの記載についても考えてください
（診療技能としてのカルテ記載は技能、電カルについての技能や態度は情報になるとは思いますが、相互に参照できるようなあるとベターです）",,,,,カルテ記載は、診療参加の本幹であり、強調してもよいのではとおもいました。定期的にサマリーを記載できる。などは、教える立場の意識改革にもつながり重要なのでは。本当は、退院総括が理想ですが。,,サマリーという意味でしょうか？あえて新設した意義は？,,
患者情報の統合、分析と評価、診療計画,臨床推論,主要症候(表[主要症候])について原因と病態生理を理解している。,JkxirvI,"F-01-01-na-01,F-01-02-na-01,F-01-03-na-01,F-01-04-na-01,F-01-05-na-01,F-01-06-na-01,F-01-07-na-01,F-01-08-na-01,F-01-09-na-01,F-01-10-na-01,F-01-11-na-01,F-01-12-na-01,F-01-13-na-01,F-01-14-na-01,F-01-15-na-01,F-01-16-na-01,F-01-17-na-01,F-01-18-na-01,F-01-19-na-01,F-01-20-na-01,F-01-21-na-01,F-01-22-na-01,F-01-23-na-01,F-01-24-na-01,F-01-25-na-01,F-01-26-na-01,F-01-27-na-01,F-01-28-na-01,F-01-29-na-01,F-01-30-na-01,F-01-31-na-01,F-01-32-na-01,F-01-33-na-01,F-01-34-na-01,F-01-35-na-01,F-01-36-na-01,F-01-37-na-01,F-03-01-na-04,G-04-01-03-01","発熱の原因と病態生理を説明できる。,全身倦怠感の原因と病態生理を説明できる。,食思(欲)不振の原因と病態生理を説明できる。,体重減少・体重増加の原因と病態生理を説明できる。,ショックの原因と病態生理を説明できる。,心停止の原因と病態生理を説明できる。,意識障害・失神の原因と病態生理を説明できる。,けいれんの原因と病態生理を説明できる。,めまいの原因と病態生理を説明できる。,脱水の原因と病態生理を説明できる。,浮腫の原因と病態生理を説明できる。,発疹の原因と病態生理を説明できる。,咳・痰の原因と病態生理を説明できる。,血痰・喀血の原因と病態生理を説明できる。,呼吸困難の原因と病態生理を説明できる。,胸痛の原因と病態生理を説明できる。,動悸の原因と病態生理を説明できる。,胸水の原因と病態生理を説明できる。,嚥下困難・障害の原因と病態生理を説明できる。,腹痛の原因と病態生理を説明できる。,悪心・嘔吐の原因と病態生理を説明できる。,吐血・下血の原因と病態生理を説明できる。,便秘・下痢の原因と病態生理を説明できる。,黄疸の原因と病態生理を説明できる。,腹部膨隆（腹水を含む）・腫瘤の原因と病態生理を説明できる。,貧血の原因と病態生理を説明できる。,リンパ節腫脹の原因と病態生理を説明できる。,尿量・排尿の異常の原因と病態生理を説明できる。,血尿・タンパク尿の原因と病態生理を説明できる。,月経異常の原因と病態生理を説明できる。,不安・抑うつの原因と病態生理を説明できる。,もの忘れの原因と病態生理を説明できる。,頭痛の原因と病態生理を説明できる。,運動麻痺・筋力低下の原因と病態生理を説明できる。,腰背部痛の原因と病態生理を説明できる。,関節痛・関節腫脹の原因と病態生理を説明できる。,外傷・熱傷の病態生理を説明できる。,主要疾患の症例に関して、診断・治療計画を立案できる。,主訴からの診断推論を組み立てる、又はたどる。",,主要症候(表[主要症候])について原因と病態生理を理解している。,主要症候(表[主要症候])について原因と病態生理を理解している。,,,,,,,主要症候[^table:主要症候]について原因と病態生理を説明できる。,主要症候[^table:主要症候]について原因と病態生理を説明できる。,主要症候[@tbl:主要症候]について原因と病態生理を理解している。,説明できる→理解しているに変更,,2.0,,主要症候[@tbl:主要症候]について原因と病態生理を理解している。,知識の症候もまとめた症状・症候のテーブルを作ることを検討(2022/2/7)(近藤),基本症候は別表に記載されます,,,「基本症候」が「F/G（多臓器にまたがる症状・症候）」に限定されないような書き方が必要。単一臓器がメインとなる他の重要な症状・症候がDに含まれる予定なので。あるいは、「基本症候」としてDとF/Gに含まれる全ての（症状・）症候を列挙する必要がある。,,,,,,,
患者情報の統合、分析と評価、診療計画,臨床推論,主要症候(表[主要症候])について鑑別診断を検討し、診断の要点を説明できる。,JkxirvM,"F-01-01-na-02,F-01-02-na-02,F-01-03-na-02,F-01-04-na-02,F-01-05-na-02,F-01-06-na-02,F-01-07-na-02,F-01-08-na-02,F-01-09-na-02,F-01-10-na-02,F-01-11-na-02,F-01-12-na-02,F-01-13-na-02,F-01-14-na-02,F-01-15-na-02,F-01-16-na-02,F-01-17-na-02,F-01-18-na-02,F-01-19-na-02,F-01-20-na-02,F-01-21-na-02,F-01-22-na-02,F-01-23-na-02,F-01-24-na-02,F-01-25-na-02,F-01-26-na-02,F-01-27-na-02,F-01-28-na-02,F-01-29-na-02,F-01-30-na-02,F-01-31-na-02,F-01-32-na-02,F-01-33-na-02,F-01-34-na-02,F-01-35-na-02,F-01-36-na-02,F-01-37-na-02,G-02-01-na-01,G-02-01-na-02,G-02-01-na-03,G-02-01-na-04,G-02-01-na-05,G-02-01-na-06,G-02-01-na-07,G-02-01-na-08,G-02-02-na-01,G-02-02-na-02,G-02-02-na-03,G-02-02-na-04,G-02-02-na-05,G-02-02-na-06,G-02-02-na-07,G-02-02-na-08,G-02-02-na-09,G-02-02-na-10,G-02-03-na-01,G-02-03-na-02,G-02-03-na-03,G-02-03-na-04,G-02-03-na-05,G-02-04-na-01,G-02-04-na-02,G-02-04-na-03,G-02-04-na-04,G-02-04-na-05,G-02-04-na-06,G-02-04-na-07,G-02-04-na-08,G-02-04-na-09,G-02-04-na-10,G-02-04-na-11,G-02-05-na-01,G-02-05-na-02,G-02-05-na-03,G-02-05-na-04,G-02-05-na-05,G-02-05-na-06,G-02-05-na-07,G-02-05-na-08,G-02-05-na-09,G-02-05-na-10,G-02-05-na-11,G-02-06-na-01,G-02-06-na-02,G-02-06-na-03,G-02-06-na-04,G-02-06-na-05,G-02-06-na-06,G-02-06-na-07,G-02-06-na-08,G-02-06-na-09,G-02-06-na-10,G-02-06-na-11,G-02-07-na-01,G-02-07-na-02,G-02-07-na-03,G-02-07-na-04,G-02-07-na-05,G-02-07-na-06,G-02-07-na-07,G-02-07-na-08,G-02-07-na-09,G-02-08-na-01,G-02-08-na-02,G-02-08-na-03,G-02-08-na-04,G-02-08-na-05,G-02-08-na-06,G-02-09-na-01,G-02-09-na-02,G-02-09-na-03,G-02-09-na-04,G-02-09-na-05,G-02-09-na-06,G-02-09-na-07,G-02-10-na-01,G-02-10-na-02,G-02-10-na-03,G-02-10-na-04,G-02-10-na-05,G-02-10-na-06,G-02-11-na-01,G-02-11-na-02,G-02-11-na-03,G-02-11-na-04,G-02-11-na-05,G-02-11-na-06,G-02-12-na-01,G-02-12-na-02,G-02-12-na-03,G-02-12-na-04,G-02-12-na-05,G-02-12-na-06,G-02-12-na-07,G-02-13-na-01,G-02-13-na-02,G-02-13-na-03,G-02-13-na-04,G-02-13-na-05,G-02-13-na-06,G-02-13-na-07,G-02-14-na-01,G-02-14-na-02,G-02-14-na-03,G-02-14-na-04,G-02-14-na-05,G-02-14-na-06,G-02-15-na-01,G-02-15-na-02,G-02-15-na-03,G-02-15-na-04,G-02-15-na-05,G-02-15-na-06,G-02-15-na-07,G-02-15-na-08,G-02-16-na-01,G-02-16-na-02,G-02-16-na-03,G-02-16-na-04,G-02-16-na-05,G-02-17-na-01,G-02-17-na-02,G-02-17-na-03,G-02-18-na-01,G-02-18-na-02,G-02-18-na-03,G-02-18-na-04,G-02-18-na-05,G-02-18-na-06,G-02-18-na-07,G-02-18-na-08,G-02-18-na-09,G-02-19-na-01,G-02-19-na-02,G-02-19-na-03,G-02-19-na-04,G-02-19-na-05,G-02-19-na-06,G-02-19-na-07,G-02-20-na-01,G-02-20-na-02,G-02-20-na-03,G-02-20-na-04,G-02-20-na-05,G-02-20-na-06,G-02-20-na-07,G-02-20-na-08,G-02-20-na-09,G-02-20-na-10,G-02-20-na-11,G-02-20-na-12,G-02-20-na-13,G-02-21-na-01,G-02-21-na-02,G-02-21-na-03,G-02-21-na-04,G-02-21-na-05,G-02-21-na-06,G-02-21-na-07,G-02-21-na-08,G-02-21-na-09,G-02-22-na-01,G-02-22-na-02,G-02-22-na-03,G-02-22-na-04,G-02-22-na-05,G-02-22-na-06,G-02-22-na-07,G-02-22-na-08,G-02-23-na-01,G-02-23-na-02,G-02-23-na-03,G-02-23-na-04,G-02-23-na-05,G-02-23-na-06,G-02-23-na-07,G-02-23-na-08,G-02-23-na-09,G-02-24-na-01,G-02-24-na-02,G-02-24-na-03,G-02-24-na-04,G-02-24-na-05,G-02-24-na-06,G-02-25-na-01,G-02-25-na-02,G-02-25-na-03,G-02-25-na-04,G-02-25-na-05,G-02-25-na-06,G-02-25-na-07,G-02-26-na-01,G-02-26-na-02,G-02-26-na-03,G-02-26-na-04,G-02-26-na-05,G-02-26-na-06,G-02-26-na-07,G-02-26-na-08,G-02-27-na-01,G-02-27-na-02,G-02-27-na-03,G-02-27-na-04,G-02-27-na-05,G-02-27-na-06,G-02-28-na-01,G-02-28-na-02,G-02-28-na-03,G-02-28-na-04,G-02-28-na-05,G-02-28-na-06,G-02-28-na-07,G-02-29-na-01,G-02-29-na-02,G-02-29-na-03,G-02-29-na-04,G-02-29-na-05,G-02-29-na-06,G-02-29-na-07,G-02-30-na-01,G-02-30-na-02,G-02-30-na-03,G-02-30-na-04,G-02-30-na-05,G-02-31-na-01,G-02-31-na-02,G-02-31-na-03,G-02-31-na-04,G-02-31-na-05,G-02-31-na-06,G-02-31-na-07,G-02-31-na-08,G-02-31-na-09,G-02-32-na-01,G-02-32-na-02,G-02-32-na-03,G-02-32-na-04,G-02-33-na-01,G-02-33-na-02,G-02-33-na-03,G-02-33-na-04,G-02-33-na-05,G-02-33-na-06,G-02-33-na-07,G-02-34-na-01,G-02-34-na-02,G-02-34-na-03,G-02-34-na-04,G-02-34-na-05,G-02-34-na-06,G-02-34-na-07,G-02-34-na-08,G-02-34-na-09,G-02-34-na-10,G-02-35-na-01,G-02-35-na-02,G-02-35-na-03,G-02-35-na-04,G-02-35-na-05,G-02-35-na-06,G-02-35-na-07,G-02-35-na-08,G-02-35-na-09,G-02-35-na-10,G-02-36-na-01,G-02-36-na-02,G-02-36-na-03,G-02-37-na-01,G-02-37-na-02,G-02-37-na-03,G-02-37-na-04,G-02-37-na-05,G-02-37-na-06,G-02-37-na-07,G-02-37-na-08,G-02-37-na-09,G-04-01-07-02","発熱をきたす疾患(群)を列挙し、診断の要点を説明できる。,全身倦怠感をきたす疾患(群)を列挙し、診断の要点を説明できる。,食思(欲)不振をきたす疾患(群)を列挙し、診断の要点を説明できる。,体重減少・体重増加をきたす疾患(群)を列挙し、診断の要点を説明できる。,ショックをきたす疾患(群)を列挙し、診断の要点を説明できる。,心停止をきたす疾患(群)を列挙し、診断の要点を説明できる。,意識障害・失神をきたす疾患(群)を列挙し、診断の要点を説明できる。,けいれんをきたす疾患(群)を列挙し、診断の要点を説明できる。,めまいをきたす疾患(群)を列挙し、診断の要点を説明できる。,脱水をきたす疾患(群)を列挙し、診断の要点を説明できる。,浮腫をきたす疾患(群)を列挙し、診断の要点を説明できる。,発疹をきたす疾患(群)を列挙し、診断の要点を説明できる。,咳・痰をきたす疾患(群)を列挙し、診断の要点を説明できる。,血痰・喀血をきたす疾患(群)を列挙し、診断の要点を説明できる。,呼吸困難をきたす疾患(群)を列挙し、診断の要点を説明できる。,胸痛をきたす疾患(群)を列挙し、診断の要点を説明できる。,動悸をきたす疾患(群)を列挙し、診断の要点を説明できる。,胸水をきたす疾患(群)を列挙し、診断の要点を説明できる。,嚥下困難・障害をきたす疾患(群)を列挙し、診断の要点を説明できる。,腹痛をきたす疾患(群)を列挙し、診断の要点を説明できる。,悪心・嘔吐をきたす疾患(群)を列挙し、診断の要点を説明できる。,吐血・下血をきたす疾患(群)を列挙し、診断の要点を説明できる。,便秘・下痢をきたす疾患(群)を列挙し、診断の要点を説明できる。,黄疸をきたす疾患(群)を列挙し、診断の要点を説明できる。,腹部膨隆（腹水を含む）・腫瘤をきたす疾患(群)を列挙し、診断の要点を説明できる。,貧血をきたす疾患(群)を列挙し、診断の要点を説明できる。,リンパ節腫脹をきたす疾患(群)を列挙し、診断の要点を説明できる。,尿量・排尿の異常をきたす疾患(群)を列挙し、診断の要点を説明できる。,血尿・タンパク尿をきたす疾患(群)を列挙し、診断の要点を説明できる。,月経異常をきたす疾患(群)を列挙し、診断の要点を説明できる。,不安・抑うつをきたす疾患(群)を列挙し、診断の要点を説明できる。,もの忘れをきたす疾患(群)を列挙し、診断の要点を説明できる。,頭痛をきたす疾患(群)を列挙し、診断の要点を説明できる。,運動麻痺・筋力低下をきたす疾患(群)を列挙し、診断の要点を説明できる。,腰背部痛をきたす疾患(群)を列挙し、診断の要点を説明できる。,関節痛・関節腫脹をきたす疾患(群)を列挙し、診断の要点を説明できる。,外傷・熱傷の診断の要点を説明できる。,感染症：肺炎,感染症：結核,感染症：尿路感染症,腫瘍：悪性リンパ腫,腫瘍：腎細胞癌,自己免疫：全身性エリテマトーデス<SLE>,自己免疫：炎症性腸疾患,環境：熱中症,感染症・炎症性：結核,感染症・炎症性：肝炎,精神：うつ病,精神：双極性障害,中毒性：アルコール依存症,中毒性：薬物依存症,内分泌・代謝：甲状腺機能亢進症,内分泌・代謝：甲状腺機能低下症,内分泌・代謝：更年期障害,腫瘍：悪性腫瘍全般,腫瘍：悪性腫瘍全般,消化器：機能性ディスペプシア<FD>,呼吸器：慢性閉塞性肺疾患<COPD>,循環器：心不全,精神：うつ病,（体重増加）急性：心不全,（体重増加）急性：ネフローゼ症候群,（体重増加）慢性：甲状腺機能低下症,（体重減少）腫瘍：悪性腫瘍全般,（体重減少）内分泌：糖尿病,（体重減少）内分泌：甲状腺機能亢進症,（体重減少）精神：うつ病,（体重減少）感染症：結核,（体重減少）自己免疫：炎症性腸疾患,（体重減少）消化器：慢性膵炎,（体重減少）中毒：アルコール依存症,循環血液量減少性：急性消化管出血,循環血液量減少性：大動脈瘤破裂,循環血液量減少性：熱傷,心原性：急性心筋梗塞,心原性：心筋炎,閉塞性：緊張性気胸,閉塞性：肺塞栓症,血液分布異常性：敗血症,血液分布異常性：急性膵炎,血液分布異常性：アナフィラキシー,血液分布異常性：脊髄損傷,心血管：急性心筋梗塞,心血管：急性大動脈解離,心血管：大動脈瘤破裂,呼吸器：緊張性気胸,呼吸器：外傷性気胸,神経原性：くも膜下出血,神経原性：頭部外傷,神経原性：脊髄損傷,自己免疫：アナフィラキシー,環境：熱中症,環境：寒冷による障害,脳原発性：くも膜下出血,脳原発性：頭蓋内血腫,脳原発性：脳炎,全身性：心筋梗塞,全身性：不整脈,全身性：肺塞栓症,全身性：てんかん,全身性：急性消化管出血,全身性：肝不全,脳血管障害：脳梗塞,中毒：薬物依存症,中毒：アルコール依存症,感染症：脳炎,感染症：脳症,感染症：熱性けいれん,末梢性：良性発作性頭位めまい症,中枢性：脳出血,中枢性：脳梗塞,失神性：不整脈,失神性：肺塞栓症,失神性：弁膜症,心因性：パニック障害,消化器：急性消化管出血,消化器：乳児下痢症,消化器：急性膵炎,内分泌・代謝：糖尿病,環境：熱中症,環境：熱傷,局所性：深部静脈血栓症,全身性：心不全,全身性：ネフローゼ症候群,全身性：慢性腎臓病,全身性：肝硬変,全身性：甲状腺機能低下症,感染症：ウイルス性発疹症（麻疹）,感染症：ウイルス性発疹症（風疹）,感染症：ウイルス性発疹症（水痘）,感染症：ウイルス性発疹症（ヘルペス）,アレルギー、自己免疫：蕁麻疹,アレルギー、自己免疫：薬疹,アレルギー、自己免疫：全身性エリテマトーデス<SLE>,感染症：気管支炎,感染症：肺炎,感染症：副鼻腔炎,腫瘍：肺癌,特発性：間質性肺疾患,自己免疫：気管支喘息,消化器：胃食道逆流症<GERD>,呼吸器：肺結核,呼吸器：肺癌,心血管系：僧帽弁膜症,心血管系：心不全,出血傾向：白血病,出血傾向：播種性血管内凝固<DIC>,呼吸器：肺塞栓症,呼吸器：急性呼吸促(窮)迫症候群<ARDS>,呼吸器：気管支喘息,呼吸器：慢性閉塞性肺疾患<COPD>,呼吸器：緊張性気胸,循環器：心不全,心因性：パニック障害,心因性：過換気症候群,呼吸器：肺塞栓症,呼吸器：気胸,循環器：急性冠症候群,消化器：胃食道逆流症<GERD>,心因性：パニック障害,循環器：不整脈,二次性：甲状腺機能亢進症,心因性：パニック障害,循環器：心不全,呼吸器：肺炎,呼吸器：肺結核,呼吸器：肺癌,消化器：肝硬変,消化器：急性膵炎,自己免疫：関節リウマチ,自己免疫：全身性エリテマトーデス<SLE>,腎・泌尿器：ネフローゼ症候群,神経：脳出血,神経：脳梗塞,呼吸器：扁桃炎,呼吸器：肺癌,消化器：胃食道逆流症<GERD>,消化器：食道癌,心因性：身体症状症,消化器：機能性ディスペプシア<FD>,消化器：過敏性腸症候群,消化器：炎症性腸疾患,消化器：消化性潰瘍,消化器：急性虫垂炎,消化器：胆石症,消化器：急性膵炎,消化器：腸閉塞,消化器：鼠径ヘルニア,泌尿・生殖器：尿路結石,泌尿・生殖器：流・早産,循環器：急性冠症候群,心因性：身体症状症,消化管：機能性ディスペプシア<FD>,消化管：腸閉塞,消化管：食中毒,循環器：急性心筋梗塞,神経：片頭痛,神経：脳出血,神経：くも膜下出血,神経：頭蓋内血腫,精神：うつ病,（吐血）食道：食道静脈瘤,（吐血）食道：食道癌,（吐血）胃：消化性潰瘍,（吐血）胃：胃癌,（下血）上部消化管：食道静脈瘤,（下血）上部消化管：消化性潰瘍,（下血）下部消化管：炎症性腸疾患,（下血）下部消化管：大腸癌,（便秘）機能性：過敏性腸症候群,（便秘）機能性：甲状腺機能低下症,（便秘）器質性：腸閉塞,（便秘）器質性：大腸癌,（下痢）炎症性：急性胃腸炎,（下痢）炎症性：炎症性腸疾患,（下痢）腸管運動異常：過敏性腸症候群,（下痢）腸管運動異常：甲状腺機能亢進症,（下痢）浸透圧性：慢性膵炎,抱合型：急性肝炎,抱合型：慢性肝炎,抱合型：肝硬変,抱合型：胆管炎,抱合型：膵癌,非抱合型：溶血性貧血,消化管：腸閉塞,消化管：大腸癌,腹水：肝硬変,腹水：ネフローゼ症候群,腹水：心不全,腫瘤：肝癌,腫瘤：卵巣嚢腫,鉄欠乏性貧血：消化性潰瘍,鉄欠乏性貧血：痔核,鉄欠乏性貧血：子宮筋腫,造血器腫瘍：白血病,造血器腫瘍：骨髄腫,二次性貧血：肝硬変,二次性貧血：慢性腎臓病,二次性貧血：アルコール依存症,感染症：ウイルス性発疹症（風疹）,感染症：ウイルス性発疹症（麻疹）,感染症：結核,自己免疫：全身性エリテマトーデス<SLE>,腫瘍：悪性リンパ腫,腫瘍：その他の悪性腫瘍全般,（多尿）：浸透圧利尿：糖尿病,（多尿）：中毒：薬剤性,（頻尿）畜尿障害：尿路感染症,（頻尿）畜尿障害：脊髄損傷,（頻尿）排出困難（排出障害）：前立腺肥大症,（頻尿）排出困難（排出障害）：尿路感染症,（頻尿）排出困難（排出障害）：前立腺癌,腎臓：糸球体腎炎症候群,腎臓：ネフローゼ症候群,腎臓：糖尿病腎症,腎臓：腎細胞癌,尿管、膀胱：尿路結石,尿管、膀胱：尿路感染症,尿管、膀胱：膀胱癌,無月経：妊娠,月経困難：月経困難症,月経困難：子宮内膜症,不正性器出血：子宮頸癌,不正性器出血：子宮体癌,一次性：うつ病,一次性：双極性障害,一次性：不安障害,二次性（不安障害）：甲状腺機能亢進症,二次性（不安障害）：悪性腫瘍全般,二次性（うつ病）：甲状腺機能低下症,二次性（うつ病）：認知症,二次性（うつ病）：Parkinson病,二次性（うつ病）：悪性腫瘍全般,血管：脳梗塞,変性：認知症,変性：Parkinson病,精神：うつ病,機能性：緊張型頭痛,機能性：片頭痛,症候性：髄膜炎,症候性：脳出血,症候性：くも膜下出血,症候性：緑内障,症候性：急性副鼻腔炎,脳病変：脳梗塞,脳病変：一過性脳虚血発作,脳病変：脳出血,脳病変：頭蓋内血腫,脊髄病変：脊髄損傷,脊髄病変：椎間板ヘルニア,末梢神経病変：糖尿病,神経筋接合部病変：肺癌,筋病変：甲状腺機能亢進症,筋病変：アルコール性中毒,呼吸器：肺癌,心血管：急性大動脈解離,消化器：胆石症,泌尿・生殖器：尿管結石,泌尿・生殖器：腎細胞癌,脊椎：椎間板ヘルニア,脊椎：変形性脊椎症,脊椎：脊柱管狭窄症,脊椎：脊椎圧迫骨折,脊椎：骨髄腫,単関節炎：痛風,多発関節炎：関節リウマチ,多発関節炎：全身性エリテマトーデス<SLE>,一次性：頭部外傷,一次性：骨折,一次性：外傷性気胸,一次性：脊髄損傷,一次性：熱傷,二次性：急性大動脈解離,二次性：脳出血,二次性：くも膜下出血,二次性：頭蓋内血腫,症候をベースとした診断推論を組み立てる、又はたどる。",,主要症候(表[主要症候])について鑑別診断を検討し、診断の要点を説明できる。,主要症候(表[主要症候])について鑑別診断を検討し、診断の要点を説明できる。,2.0,説明できるのままで良いです。表名は修正しました,,動詞ですが「説明できる」でよろしかったでしょうか。,,,主要症候[^table:主要症候]について鑑別診断を検討し、診断の要点を説明できる。,主要症候[^table:主要症候]について鑑別診断を検討し、診断の要点を説明できる。,主要症候[@tbl:主要症候]について鑑別診断を検討し、診断の要点を説明できる。,ママ。学生が症例検討会でプレゼンするイメージ。,,1.0,,主要症候[^table:主要症候]について鑑別診断を検討し、診断の要点を説明できる。,"知識の症候もまとめた症状・症候のテーブルを作ることを検討(2022/2/7)(近藤), 診断の要点と、鑑別診断を統合",基本症候は別表に記載されます,,,「基本症候」が「F/G（多臓器にまたがる症状・症候）」に限定されないような書き方が必要。単一臓器がメインとなる他の重要な症状・症候がDに含まれる予定なので。あるいは、「基本症候」としてDとF/Gに含まれる全ての（症状・）症候を列挙する必要がある。,,,,,,,
患者情報の統合、分析と評価、診療計画,臨床推論,主要診療科(表[主要診療科])で主訴からの診断推論を組み立てられる。,Jkxirvg,"F-03-05-08-01,G-04-01-01-01,G-04-01-03-01,G-04-01-04-03,G-04-01-05-01,G-04-02-01-01,G-04-02-02-01,G-04-02-03-01,G-04-02-04-01,G-04-02-05-01,G-04-02-06-01,G-04-02-07-01,G-04-02-08-01,G-04-02-09-01,G-04-02-10-01,G-04-02-11-01,G-04-02-12-01,G-04-02-14-01,G-04-02-15-01","主訴からの診断推論を組み立てられる、又はたどることができる。,主訴からの診断推論を組み立てる、又はたどる。,主訴からの診断推論を組み立てる、又はたどる。,主訴からの診断推論を組み立てる、又はたどる。,主訴からの診断推論を組み立てる、又はたどる。,主訴からの診断推論を組み立てる、又はたどる。,主訴からの診断推論を組み立てる、又はたどる。,主訴からの診断推論を組み立てる、又はたどる。,主訴からの診断推論を組み立てる、又はたどる。,主訴からの診断推論を組み立てる、又はたどる。,主訴からの診断推論を組み立てる、又はたどる。,主訴からの診断推論を組み立てる、又はたどる。,主訴からの診断推論を組み立てる、又はたどる。,主訴からの診断推論を組み立てる、又はたどる。,主訴からの診断推論を組み立てる、又はたどる。,主訴からの診断推論を組み立てる、又はたどる。,主訴からの診断推論を組み立てる、又はたどる。,主訴からの診断推論を組み立てる、又はたどる。,主訴からの診断推論を組み立てる、又はたどる。",,主要診療科(表[主要診療科])で主訴からの診断推論を組み立てられる。,主要診療科(表[主要診療科])で主訴からの診断推論を組み立てられる。,2.0,修正しました,,出力時に??となっていることに留意。,,,主要診療科[^table:主要診療科]でのそれぞれの状況を考慮して主訴からの診断推論を組み立てられる。,主要診療科[^table:主要診療科]でのそれぞれの状況を考慮して主訴からの診断推論を組み立てられる,主要診療科[@tbl:主要診療科]で主訴からの診断推論を組み立てられる。,「主要診療科でのそれぞれの状況」が何をさすのかが曖昧でわかりにくく感じました。,,2.0,,主要診療科[@tbl:主要診療科]で主訴からの診断推論を組み立てられる。,"以下から統合小児科,脳神経外科,,臨床検査科,耳鼻咽喉科,産婦人科,皮膚科,形成外科,整形外科,小児の診察,その他,泌尿器科,麻酔科,歯科口腔外科,眼科,病理診断科,放射線科,精神科,内科",技能で審議しこのままとしました,気持ちはわからなくもないのですが・・・「それぞれの状況を考慮して」の文節は必要でしょうか,,主訴となりうる症状・症候についての第４層で診断推論を扱っている（扱うことにする）ので、削除でよいのでは？,,,,,,,【宮地】「主要診療科でのそれぞれの状況」が何をさすのかが曖昧で、なぜ「主訴からの診断推論が組み立てられる」では不十分なのかを知りたい。
患者情報の統合、分析と評価、診療計画,臨床推論,主要診療科(表[主要診療科])における疾患の病態や疫学を理解している。,Jkxirvk,"F-03-05-08-02,G-04-01-01-02,G-04-01-03-02,G-04-01-04-04,G-04-01-05-02,G-04-02-01-02,G-04-02-02-02,G-04-02-03-02,G-04-02-04-02,G-04-02-05-02,G-04-02-06-02,G-04-02-07-02,G-04-02-08-02,G-04-02-09-02,G-04-02-10-02,G-04-02-11-02,G-04-02-13-01,G-04-02-14-02,G-04-02-15-02","疾患の病態や疫学を理解する。,疾患の病態や疫学を理解する。,疾患の病態や疫学を理解する。,疾患の病態や疫学を理解する。,疾患の病態や疫学を理解する。,疾患の病態や疫学を理解する。,疾患の病態や疫学を理解する。,疾患の病態や疫学を理解する。,疾患の病態や疫学を理解する。,疾患の病態や疫学を理解する。,疾患の病態や疫学を理解する。,疾患の病態や疫学を理解する。,疾患の病態や疫学を理解する。,疾患の病態や疫学を理解する。,疾患の病態や疫学を理解する。,疾患の病態や疫学を理解する。,疾患の病態や疫学を理解する。,疾患の病態や疫学を理解する。,疾患の病態や疫学を理解する。",,主要診療科(表[主要診療科])における疾患の病態や疫学を理解している。,主要診療科(表[主要診療科])における疾患の病態や疫学を理解している。,2.0,修正しました,,出力時に??となっていることに留意。,,,主要診療科[^table:主要診療科]における疾患の病態や疫学を説明できる。,主要診療科[^table:主要診療科]における疾患の病態や疫学を説明できる,主要診療科[@tbl:主要診療科]における疾患の病態や疫学を理解している。,説明できる→理解している,,2.0,,主要診療科[@tbl:主要診療科]における疾患の病態や疫学を理解している。,"以下から統合、小児科,脳神経外科,臨床検査科,耳鼻咽喉科,産婦人科,皮膚科,形成外科,整形外科,小児の診察,その他,泌尿器科,麻酔科,歯科口腔外科,眼科,病理診断科,リハビリテーション科,放射線科,精神科,内科",技能で審議しこのままとしました,,,コアカリで扱われるべき疾患・症候群に関しては個別に病態や疫学が説明できるという第４層が立っているので（そうでないならそのようにすることを提案）、削除でよいのでは？,,,,,,,
患者情報の統合、分析と評価、診療計画,検査(計画・分析評価),主要な臨床・画像検査(表[主要な臨床・画像検査])の目的と意義を理解し、診断仮説の検証に最低限必要な検査項目を選択して、結果を解釈できる。,JkxirwI,F-02-03-na-01,臨床検査の目的と意義を説明でき、必要最小限の検査項目を選択できる。,,主要な臨床・画像検査(表[主要な臨床・画像検査])の目的と意義を理解し、診断仮説の検証に最低限必要な検査項目を選択して、結果を解釈できる。,主要な臨床・画像検査(表[主要な臨床・画像検査])の目的と意義を理解し、診断仮説の検証に最低限必要な検査項目を選択して、結果を解釈できる。,,,,,句点抜け,,臨床検査の目的と意義を説明でき、必要最小限の検査項目を選択できる。,臨床検査の目的と意義を説明でき、必要最小限の検査項目を選択できる。,主要な臨床・画像検査の目的と意義を理解し、診断仮説の検証に最低限必要な検査項目を選択して、結果を解釈できる,診断仮説との関連性を明確にしてはいかがでしょうか,,2.0,,主要な臨床・画像検査の目的と意義を理解し、診断仮説の検証に最低限必要な検査項目を選択して、結果を解釈できる,第3層を検査の計画、分析、評価でまとめてしまうか。,技能で審議しこのままとしました,,65以下に具体的な臨床検査の項目をあげるのであれば、この項目は第３層？,,,他所で行うので削除で良いのでは？,,,以下に各論があるので61-63はあえて入れなくていい気がします,,"【宮地】44,45と並べては？また、診断仮説との関連性を明確にして「〜を理解し、診断仮説の検証に最低限必要な検査項目を選択して、結果を解釈できる」ところまで求めるのはどうか？"
患者情報の統合、分析と評価、診療計画,検査(計画・分析評価),主要な臨床・画像検査(表[主要な臨床・画像検査])の正しい検体採取方法と検体保存方法を理解している。,JkxirwM,F-02-03-na-02,臨床検査の正しい検体採取方法と検体保存方法を説明できる。,,主要な臨床・画像検査(表[主要な臨床・画像検査])の正しい検体採取方法と検体保存方法を理解している。,主要な臨床・画像検査(表[主要な臨床・画像検査])の正しい検体採取方法と検体保存方法を理解している。,,,,,,,臨床検査の正しい検体採取方法と検体保存方法を説明できる。,臨床検査の正しい検体採取方法と検体保存方法を説明できる。,主要な臨床・画像検査の正しい検体採取方法と検体保存方法を理解している。,説明できる→理解しているに変更,,2.0,,主要な臨床・画像検査の正しい検体採取方法と検体保存方法を理解している。,,技能で審議しこのままとしました,,同上,,,他所で行うので削除で良いのでは？,,,,,
患者情報の統合、分析と評価、診療計画,検査(計画・分析評価),主要な臨床・画像検査(表[主要な臨床・画像検査])の安全な実施方法（患者確認と検体確認、検査の合併症、感染症予防、精度管理）を理解している。,JkxirwQ,F-02-03-na-03,臨床検査の安全な実施方法（患者確認と検体確認、検査の合併症、感染症予防、精度管理）を説明できる。,,主要な臨床・画像検査(表[主要な臨床・画像検査])の安全な実施方法（患者確認と検体確認、検査の合併症、感染症予防、精度管理）を理解している。,主要な臨床・画像検査(表[主要な臨床・画像検査])の安全な実施方法（患者確認と検体確認、検査の合併症、感染症予防、精度管理）を理解している。,,,,,,,臨床検査の安全な実施方法（患者確認と検体確認、検査の合併症、感染症予防、精度管理）を説明できる。,臨床検査の安全な実施方法（患者確認と検体確認、検査の合併症、感染症予防、精度管理）を説明できる。,主要な臨床・画像検査の安全な実施方法（患者確認と検体確認、検査の合併症、感染症予防、精度管理）を理解している。,説明できる→理解しているに変更,,2.0,,主要な臨床・画像検査の安全な実施方法（患者確認と検体確認、検査の合併症、感染症予防、精度管理）を理解している。,,技能で審議しこのままとしました,上の項目と統合,同上,,,他所で行うので削除で良いのでは？,,,,,
患者情報の統合、分析と評価、診療計画,検査(計画・分析評価),主要な臨床・画像検査(表[主要な臨床・画像検査])の特性（感度、特異度、偽陽性、偽陰性、検査前確率・検査後確率、尤度比、ROC曲線）と判定基準（基準値・基準範囲、カットオフ値、パニック値）を理解している。,JkxirxE,"F-02-03-na-04,F-02-03-na-07,F-03-04-na-01","臨床検査の特性（感度、特異度、偽陽性、偽陰性、検査前確率（事前確率）・検査後確率（事後確率）、尤度比、receiver operating characteristic <ROC>曲線）と判定基準（基準値・基準範囲、カットオフ値、パニック値）を説明できる。,病態を推察する基本的検査と確定診断のための検査の意義・相違点を理解・説明できる。,臨床疫学的指標（感度・特異度、尤度比等）を考慮して、必要十分な検査を挙げ、症例における検査結果の臨床的意義を解釈できる。",,主要な臨床・画像検査(表[主要な臨床・画像検査])の特性（感度、特異度、偽陽性、偽陰性、検査前確率・検査後確率、尤度比、ROC曲線）と判定基準（基準値・基準範囲、カットオフ値、パニック値）を理解している。,主要な臨床・画像検査(表[主要な臨床・画像検査])の特性（感度、特異度、偽陽性、偽陰性、検査前確率・検査後確率、尤度比、ROC曲線）と判定基準（基準値・基準範囲、カットオフ値、パニック値）を理解している。,,,,,,,臨床検査の特性（感度、特異度、偽陽性、偽陰性、検査前確率（事前確率）・検査後確率（事後確率）、尤度比、ROC曲線）と判定基準（基準値・基準範囲、カットオフ値、パニック値）を説明できる。,臨床検査の特性（感度、特異度、偽陽性、偽陰性、検査前確率（事前確率）・検査後確率（事後確率）、尤度比、receiver operating characteristic <ROC>曲線）と判定基準（基準値・基準範囲、カットオフ値、パニック値）を説明できる。,主要な臨床・画像検査の特性（感度、特異度、偽陽性、偽陰性、検査前確率・検査後確率、尤度比、ROC曲線）と判定基準（基準値・基準範囲、カットオフ値、パニック値）を理解している。,一部削除。説明できる→理解しているに変更,,2.0,,主要な臨床・画像検査の特性（感度、特異度、偽陽性、偽陰性、検査前確率・検査後確率、尤度比、ROC曲線）と判定基準（基準値・基準範囲、カットオフ値、パニック値）を理解している。,,技能で審議しこのままとしました,,,他の検査が「結果を解釈できる」レベルまで求めており、「〜を説明し、結果を解釈して、診断推論や治療・検査方針の決定に適用できる」レベルまで求めては？,,,実践レベルまで必要そうです。,,,,
患者情報の統合、分析と評価、診療計画,検査(計画・分析評価),主要な臨床・画像検査(表[主要な臨床・画像検査])の生理的変動、測定誤差、精度管理、ヒューマンエラーについて理解している。,JkxirxI,F-02-03-na-05,臨床検査の生理的変動、測定誤差、精度管理、ヒューマンエラーを説明できる。,,主要な臨床・画像検査(表[主要な臨床・画像検査])の生理的変動、測定誤差、精度管理、ヒューマンエラーについて理解している。,主要な臨床・画像検査(表[主要な臨床・画像検査])の生理的変動、測定誤差、精度管理、ヒューマンエラーについて理解している。,,,,,,,臨床検査の生理的変動、測定誤差、精度管理、ヒューマンエラーを説明できる。,臨床検査の生理的変動、測定誤差、精度管理、ヒューマンエラーを説明できる。,主要な臨床・画像検査の生理的変動、測定誤差、精度管理、ヒューマンエラーについて理解している。,説明できる→理解しているに変更,,2.0,,主要な臨床・画像検査の生理的変動、測定誤差、精度管理、ヒューマンエラーについて理解している。,,技能で審議しこのままとしました,,,,,,実践レベルまで必要そうです。,,,,
患者情報の統合、分析と評価、診療計画,検査(計画・分析評価),患者に応じた検査値特性を理解し、結果を解釈できる。,JkxirxM,F-02-03-na-06,小児、高齢者、妊産婦の検査値特性を説明し、結果を解釈できる。,,患者に応じた検査値特性を理解し、結果を解釈できる。,患者に応じた検査値特性を理解し、結果を解釈できる。,,,,,,,患者に応じた検査値特性を説明し、結果を解釈できる。,患者に応じた検査値特性を説明し、結果を解釈できる。,患者に応じた検査値特性を理解し、結果を解釈できる。,説明→理解,,2.0,,患者に応じた検査値特性を理解し、結果を解釈できる。,,技能で審議しこのままとしました,,,,,漠然としているので削除で良いのでは？,実践レベルまで必要そうです。,,,,
患者情報の統合、分析と評価、診療計画,検査(計画・分析評価),主要な臨床・画像検査(表[主要な臨床・画像検査])の目的と適応を理解し、解釈できる。,,"F-02-03-na-08,F-02-03-na-11,F-02-13-na-02,F-02-03-na-14,G-03-02-na-04,F-02-03-na-13,F-02-03-na-15,F-02-03-na-10,F-02-04-na-03,F-02-04-na-04,F-02-04-na-01,F-02-03-na-09,F-02-03-na-12,F-02-07-na-01,F-02-07-na-02,F-02-07-na-05,F-02-05-na-01,F-02-05-na-02,F-02-06-na-01,F-02-06-na-02","血算、凝固・線溶検査、尿・糞便検査、生化学検査の目的と適応を説明し、結果を解釈できる。,免疫血清学検査、輸血検査の目的と適応を説明し、結果を解釈できる。,血液型(ABO、RhD)検査、血液交差適合（クロスマッチ）試験、不規則抗体検査を説明できる。,動脈血ガス分析、経皮的酸素飽和度モニターの目的と適応を説明し、結果を解釈できる。,妊娠反応検査を実施できる。,細菌学検査（細菌の塗抹、培養、同定、薬剤感受性試験）の目的と適応を説明し、結果を解釈できる。,脳脊髄液・胸水・腹水検査の目的と適応を説明し、結果を解釈できる。,病理組織検査、細胞診検査、フローサイトメトリの意義を説明できる。,術中迅速診断の利点、欠点を説明できる。,デジタル画像を用いた病理診断（遠隔診断を含む）の利点、欠点を説明できる。,病理診断、細胞診の適切な検体の取扱い、標本作製及び診断過程が説明できる。,染色体・遺伝子検査の目的と適応を説明し、結果を解釈できる。,生体機能検査（心電図、心臓機能検査、呼吸機能検査、超音波検査、内分泌・代謝機能検査、脳波検査、針筋電図検査、末梢神経伝導検査）の目的と適応を説明し、結果を解釈できる。,超音波機器の種類と原理を説明できる。,超音波検査法の種類を列挙し、概説できる。,超音波の生体作用と安全性を説明できる。,エックス線撮影、コンピュータ断層撮影<CT>、磁気共鳴画像法<MRI>と核医学検査の原理を説明できる。,エックス線撮影、コンピュータ断層撮影<CT>、磁気共鳴画像法<MRI>と核医学検査の読影の基本を説明できる。,内視鏡機器の種類と原理を説明できる。,内視鏡検査法の種類を列挙し、概説できる。",,主要な臨床・画像検査(表[主要な臨床・画像検査])の目的と適応を理解し、解釈できる。,主要な臨床・画像検査(表[主要な臨床・画像検査])の目的と適応を理解し、解釈できる。,,,,,第3層が検査(計画・分析評価)では？,,,,主要な臨床・画像検査[@tbl:主要な臨床・画像検査]の目的と適応を理解し、解釈できる。,新設,,2.0,,主要な臨床・画像検査[@tbl:主要な臨床・画像検査]の目的と適応を理解し、解釈できる。,,,,,,,,,,,,
患者情報の統合、分析と評価、診療計画,治療(計画・経過の評価),主要症候(表[主要症候])について初期対応を計画し、専門的診療が必要かどうかを考えることができる。,Jkxirx0,"F-01-01-na-03,F-01-02-na-03,F-01-03-na-03,F-01-04-na-03,F-01-05-na-03,F-01-06-na-03,F-01-07-na-03,F-01-08-na-03,F-01-09-na-03,F-01-10-na-03,F-01-11-na-03,F-01-12-na-03,F-01-13-na-03,F-01-14-na-03,F-01-15-na-03,F-01-16-na-03,F-01-17-na-03,F-01-18-na-03,F-01-19-na-03,F-01-20-na-03,F-01-21-na-03,F-01-22-na-03,F-01-23-na-03,F-01-24-na-03,F-01-25-na-03,F-01-26-na-03,F-01-27-na-03,F-01-28-na-03,F-01-29-na-03,F-01-30-na-03,F-01-31-na-03,F-01-32-na-03,F-01-33-na-03,F-01-34-na-03,F-01-35-na-03,F-01-36-na-03,F-01-37-na-03,F-03-01-na-04","発熱がある患者の治療の要点を説明し、専門的治療が必要な状態を概説できる。,全身倦怠感がある患者の治療の要点を説明し、専門的治療が必要な状態を概説できる。,食思(欲)不振がある患者の治療の要点を説明し、専門的治療が必要な状態を概説できる。,体重減少・体重増加がある患者の治療の要点を説明し、専門的治療が必要な状態を概説できる。,ショック状態にある患者の治療の要点を説明し、専門的治療が必要な状態を概説できる。,心停止患者の治療の要点を説明し、専門的治療が必要な状態を概説できる。,意識障害・失神がある患者の治療の要点を説明し、専門的治療が必要な状態を概説できる。,けいれんがある患者の治療の要点を説明し、専門的治療が必要な状態を概説できる。,めまいがある患者の治療の要点を説明し、専門的治療が必要な状態を概説できる。,脱水がある患者の治療の要点を説明し、専門的治療が必要な状態を概説できる。,浮腫がある患者の治療の要点を説明し、専門的治療が必要な状態を概説できる。,発疹がある患者の治療の要点を説明し、専門的治療が必要な状態を概説できる。,咳・痰がある患者の治療の要点を説明し、専門的治療が必要な状態を概説できる。,血痰・喀血がある患者の治療の要点を説明し、専門的治療が必要な状態を概説できる。,呼吸困難がある患者の治療の要点を説明し、専門的治療が必要な状態を概説できる。,胸痛がある患者の治療の要点を説明し、専門的治療が必要な状態を概説できる。,動悸がある患者の治療の要点を説明し、専門的治療が必要な状態を概説できる。,胸水がある患者の治療の要点を説明し、専門的治療が必要な状態を概説できる。,嚥下困難・障害がある患者の治療の要点を説明し、専門的治療が必要な状態を概説できる。,腹痛がある患者の治療の要点を説明し、専門的治療が必要な状態を概説できる。,悪心・嘔吐がある患者の治療の要点を説明し、専門的治療が必要な状態を概説できる。,吐血・下血がある患者の治療の要点を説明し、専門的治療が必要な状態を概説できる。,便秘・下痢がある患者の治療の要点を説明し、専門的治療が必要な状態を概説できる。,黄疸がある患者の治療の要点を説明し、専門的治療が必要な状態を概説できる。,腹部膨隆（腹水を含む）・腫瘤がある患者の治療の要点を説明し、専門的治療が必要な状態を概説できる。,貧血がある患者の治療の要点を説明し、専門的治療が必要な状態を概説できる。,リンパ節腫脹がある患者の治療の要点を説明し、専門的治療が必要な状態を概説できる。,尿量・排尿の異常がある患者の治療の要点を説明し、専門的治療が必要な状態を概説できる。,血尿・タンパク尿がある患者の治療の要点を説明し、専門的治療が必要な状態を概説できる。,月経異常がある患者の治療の要点を説明し、専門的治療が必要な状態を概説できる。,不安・抑うつがある患者の治療の要点を説明し、専門的治療が必要な状態を概説できる。,もの忘れがある患者の治療の要点を説明し、専門的治療が必要な状態を概説できる。,頭痛がある患者の治療の要点を説明し、専門的治療が必要な状態を概説できる。,運動麻痺・筋力低下がある患者の治療の要点を説明し、専門的治療が必要な状態を概説できる。,腰背部痛がある患者の治療の要点を説明し、専門的治療が必要な状態を概説できる。,関節痛・関節腫脹がある患者の治療の要点を説明し、専門的治療が必要な状態を概説できる。,外傷・熱傷がある患者の治療の要点を説明し、専門的治療が必要な状態を概説できる。,主要疾患の症例に関して、診断・治療計画を立案できる。",,主要症候(表[主要症候])について初期対応を計画し、専門的診療が必要かどうかを考えることができる。,主要症候(表[主要症候])について初期対応を計画し、専門的診療が必要かどうかを考えることができる。,2.0,修正しました,,出力時に??となっていることに留意。,,,主要症候[^table:主要症候]について初期対応を計画し、専門的治療が必要な状態を説明できる。,主要症候[^table:主要症候]について初期対応を計画し、専門的治療が必要な状態を説明できる。,主要症候[@tbl:主要症候]について初期対応を計画し、専門的診療が必要かどうかを考えることができる。,日本語をわかりやすく修正,,2.0,,主要症候[@tbl:主要症候]について初期対応を計画し、専門的診療が必要かどうかを考えることができる。,何症候とするかが難しく●●と仮にした(近藤)(2022/2/14)治療の要点とあったが、まだ「症候」の状態であり初期対応に変更。また初期対応を説明→初期対応を計画とした(Doesに近づけるため)(近藤),基本症候は別表に記載されます,,,「基本症候」が「F/G（多臓器にまたがる症状・症候）」に限定されないような書き方が必要。単一臓器がメインとなる他の重要な症状・症候がDに含まれる予定なので。あるいは、「基本症候」としてDとF/Gに含まれる全ての（症状・）症候を列挙する必要がある。,,,,,,,
患者情報の統合、分析と評価、診療計画,治療(計画・経過の評価),服薬の基本・アドヒアランスについて理解している。,Jkxiry4,F-02-08-na-11,処方箋の書き方、服薬の基本・アドヒアランスを説明できる。,,服薬の基本・アドヒアランスについて理解している。,服薬の基本・アドヒアランスについて理解している。,,,,,,,処方箋の書き方、服薬の基本・アドヒアランスを説明できる。,処方箋の書き方、服薬の基本・アドヒアランスを説明できる。,服薬の基本・アドヒアランスについて理解している。,"説明→理解
処方箋は切り離し",,2.0,,服薬の基本・アドヒアランスについて理解している。,,技能で審議しこのままとしました,処方箋については、「発行はできない」が、下書きなどは可能ですので「実演できる」など適切な動詞を考えてください,,卒業の時点で処方箋は書ける必要があると思いますので、「指導医とともに処方箋を作成することができる」と「服薬の基本・アドヒアランスを説明できる」にわけては？,,,を理解し、処方計画を提案できる,,,,
患者情報の統合、分析と評価、診療計画,治療(計画・経過の評価),処方箋の下書きを作成できる。,Jmicn1A,,,,処方箋の下書きを作成できる。,処方箋の下書きを作成することができる。,1.0,UID追加しました,処方箋の下書きを作成できる。,「することが」の削除。UIDがありませんでした。,句点抜け,,,,,新設,,2.0,,,,,,,,,,,,,,
患者情報の統合、分析と評価、診療計画,治療(計画・経過の評価),薬の薬理作用、適応、有害事象、投与時の注意事項について理解している。,JkxiryY,F-02-08-na-04,各臓器系統（中枢・末梢神経、循環器、呼吸器、消化器、腎泌尿器、血液、内分泌等）に作用する薬の薬理作用、適応、有害事象、投与時の注意事項を説明できる。,,薬の薬理作用、適応、有害事象、投与時の注意事項について理解している。,薬の薬理作用、適応、有害事象、投与時の注意事項について理解している。,,,,,,,各臓器系統（中枢・末梢神経、循環器、呼吸器、消化器、腎泌尿器、血液、内分泌等）に作用する薬の薬理作用、適応、有害事象、投与時の注意事項を説明できる。,各臓器系統（中枢・末梢神経、循環器、呼吸器、消化器、腎泌尿器、血液、内分泌等）に作用する薬の薬理作用、適応、有害事象、投与時の注意事項を説明できる。,薬の薬理作用、適応、有害事象、投与時の注意事項について理解している。,日本語を短く変更。理解→説明,,2.0,,薬の薬理作用、適応、有害事象、投与時の注意事項について理解している。,,技能で審議しこのままとしました,薬剤に関しては、説明できるだけでなく（臨床実習で）処方計画をたてる、くらいまでは目標としてほしいです,,,,,注意事項を理解し、処方計画を提案できる,,,臓器の具体名は不要かもしれません。,
患者情報の統合、分析と評価、診療計画,治療(計画・経過の評価),年齢や臓器障害に応じた薬物動態の特徴を考慮した薬剤投与の注意点について理解している。,Jkxiryw,F-02-08-na-09,年齢や臓器障害に応じた薬物動態の特徴を考慮して薬剤投与の注意点を説明できる。,,年齢や臓器障害に応じた薬物動態の特徴を考慮した薬剤投与の注意点について理解している。,年齢や臓器障害に応じた薬物動態の特徴を考慮した薬剤投与の注意点について理解している。,,,,,,,年齢や臓器障害に応じた薬物動態の特徴を考慮して薬剤投与の注意点を説明できる。,年齢や臓器障害に応じた薬物動態の特徴を考慮して薬剤投与の注意点を説明できる。,年齢や臓器障害に応じた薬物動態の特徴を考慮した薬剤投与の注意点について理解している。,理解→説明,,2.0,,年齢や臓器障害に応じた薬物動態の特徴を考慮した薬剤投与の注意点について理解している。,,技能で審議しこのままとしました,,,「考慮した」,,,注意事項を理解し、処方計画を提案できる,,,,
患者情報の統合、分析と評価、診療計画,治療(計画・経過の評価),薬物動態的相互作用について理解している。,Jkxiry0,F-02-08-na-10,薬物動態的相互作用について例を挙げて説明できる。,,薬物動態的相互作用について理解している。,薬物動態的相互作用について理解している。,,,,,,,薬物動態的相互作用について例を挙げて説明できる。,薬物動態的相互作用について例を挙げて説明できる。,薬物動態的相互作用について理解している。,なぜここだけ「例を挙げて」なのか？,,2.0,,薬物動態的相互作用について理解している。,,技能で審議しこのままとしました,,,,,,理解し、処方計画を提案できる,,知識と重なります,,
患者情報の統合、分析と評価、診療計画,治療(計画・経過の評価),使用禁忌、特定条件下での薬物使用（アンチ・ドーピング等）について理解している。,JkxirzE,F-02-08-na-14,ポリファーマシー、使用禁忌、特定条件下での薬物使用（アンチ・ドーピング等）を説明できる。,,使用禁忌、特定条件下での薬物使用（アンチ・ドーピング等）について理解している。,使用禁忌、特定条件下での薬物使用（アンチ・ドーピング等）について理解している。,,,,,,,ポリファーマシー、使用禁忌、特定条件下での薬物使用（アンチ・ドーピング等）を説明できる。,ポリファーマシー、使用禁忌、特定条件下での薬物使用（アンチ・ドーピング等）を説明できる。,使用禁忌、特定条件下での薬物使用（アンチ・ドーピング等）について理解している。,"理解→説明
ポリファーマシーは総合８にあるので削除",,2.0,,使用禁忌、特定条件下での薬物使用（アンチ・ドーピング等）について理解している。,,技能で審議しこのままとしました,,,ポリファーマシーは総合8で扱われている,,,を理解し、処方計画を提案できる,,,,【宮地】総合８は「ポリファーマシーとその介入方法を理解している」でほとんどかぶりますが、いいか？
患者情報の統合、分析と評価、診療計画,治療(計画・経過の評価),主な薬物アレルギーの症候、診察、診断、予防策と対処法について理解している。,JkxiryU,F-02-08-na-02,主な薬物アレルギーの症候、診察、診断を列挙し、予防策と対処法を説明できる。,,主な薬物アレルギーの症候、診察、診断、予防策と対処法について理解している。,主な薬物アレルギーの症候、診察、診断、予防策と対処法について理解している。,,,,,,,主な薬物アレルギーの症候、診察、診断を列挙し、予防策と対処法を説明できる。,主な薬物アレルギーの症候、診察、診断を列挙し、予防策と対処法を説明できる。,主な薬物アレルギーの症候、診察、診断、予防策と対処法について理解している。,理解→説明,,2.0,,主な薬物アレルギーの症候、診察、診断、予防策と対処法について理解している。,,技能で審議しこのままとしました,重篤（あるいは重要）なものに対して対処法を「実演」できる,,,,,説明できる。を、指導医とともに実践できる。？,,,,
患者情報の統合、分析と評価、診療計画,治療(計画・経過の評価),薬物の蓄積、耐性、タキフィラキシー※、依存について理解している。,JkxiryQ,"F-02-08-na-01,","薬物（オピオイドを含む）の蓄積、耐性、タキフィラキシー、依存、習慣性や嗜癖を説明できる。,{not found: }",,薬物の蓄積、耐性、タキフィラキシー※、依存について理解している。,薬物の蓄積、耐性、タキフィラキシー※、依存について理解している。,,,,,,,薬物の蓄積、耐性、タキフィラキシー※、依存を説明できる。,薬物の蓄積、耐性、タキフィラキシー、依存を説明できる。,薬物の蓄積、耐性、タキフィラキシー※、依存について理解している。,理解→説明,,2.0,,薬物の蓄積、耐性、タキフィラキシー※、依存について理解している。,(オピオイドを含む)(近藤)(2022/2/14),嗜好は削除しました,薬剤の嗜好とはどのようなことを想定しているのでしょうか？嗜好は不要では？,,,,,,,,,
患者情報の統合、分析と評価、診療計画,治療(計画・経過の評価),抗腫瘍薬の適応、有害事象、投与時の注意事項について理解している。,Jkxiryg,F-02-08-na-06,抗腫瘍薬の適応、有害事象、投与時の注意事項を説明できる。,,抗腫瘍薬の適応、有害事象、投与時の注意事項について理解している。,抗腫瘍薬の適応、有害事象、投与時の注意事項について理解している。,,,,,,,抗腫瘍薬の適応、有害事象、投与時の注意事項を説明できる。,抗腫瘍薬の適応、有害事象、投与時の注意事項を説明できる。,抗腫瘍薬の適応、有害事象、投与時の注意事項について理解している。,理解→説明,,2.0,,抗腫瘍薬の適応、有害事象、投与時の注意事項について理解している。,,技能で審議しこのままとしました,抗がん剤はさすがに学生からは外しておくほうが無難か（治療計画はたてていいと思うけど）,,,,,注意事項を理解し、処方計画を提案できる,,知識とかさなります（どちらかに統一）,,
患者情報の統合、分析と評価、診療計画,治療(計画・経過の評価),抗微生物薬の薬理作用、適応、有害事象、投与時の注意事項について理解している。,Jkxiryc,F-02-08-na-05,抗微生物薬の薬理作用、適応、有害事象、投与時の注意事項を説明できる。,,抗微生物薬の薬理作用、適応、有害事象、投与時の注意事項について理解している。,抗微生物薬の薬理作用、適応、有害事象、投与時の注意事項について理解している。,,,,,,,抗微生物薬の薬理作用、適応、有害事象、投与時の注意事項を説明できる。,抗微生物薬の薬理作用、適応、有害事象、投与時の注意事項を説明できる。,抗微生物薬の薬理作用、適応、有害事象、投与時の注意事項について理解している。,理解→説明,,2.0,,抗微生物薬の薬理作用、適応、有害事象、投与時の注意事項について理解している。,,技能で審議しこのままとしました,同上,,,,,注意事項を理解し、処方計画を提案できる,,知識と重なります（どちらかに統一？）,,
患者情報の統合、分析と評価、診療計画,治療(計画・経過の評価),麻薬性鎮痛薬・鎮静薬の適応、有害事象、投与時の注意事項について理解している。,Jkxiryo,"F-02-08-na-07,F-02-16-na-05","麻薬性鎮痛薬・鎮静薬の適応、有害事象、投与時の注意事項を説明できる。,オピオイドの適応と課題を説明できる。",,麻薬性鎮痛薬・鎮静薬の適応、有害事象、投与時の注意事項について理解している。,麻薬性鎮痛薬・鎮静薬の適応、有害事象、投与時の注意事項について理解している。,,,,,,,麻薬性鎮痛薬・鎮静薬の適応、有害事象、投与時の注意事項を説明できる。,麻薬性鎮痛薬・鎮静薬の適応、有害事象、投与時の注意事項を説明できる。,麻薬性鎮痛薬・鎮静薬の適応、有害事象、投与時の注意事項について理解している。,理解→説明,,2.0,,麻薬性鎮痛薬・鎮静薬の適応、有害事象、投与時の注意事項について理解している。,,技能で審議しこのままとしました,薬剤に関しては、説明できるだけでなく（臨床実習で）処方計画をたてる、くらいまでは目標としてほしいです,,オピオイドには麻薬性鎮痛薬と麻薬拮抗性鎮痛薬が含まれますが、非オピオイド性麻薬（ケタミンなど）もありますので、ここで麻薬性鎮痛薬だけ取り上げるのは偏りがありますし、ほかでオピオイドとして扱われていることとも齟齬があります。オピオイドについては技能157で扱っているので、ここは「鎮静薬の〜」だけでよいのでは？,,,注意事項を理解し、処方計画を提案できる,,,,
患者情報の統合、分析と評価、診療計画,治療(計画・経過の評価),分子標的薬・バイオ医薬の薬理作用と有害事象について理解している。,Jkxiry8,F-02-08-na-12,分子標的薬の薬理作用と有害事象を説明できる。,,分子標的薬・バイオ医薬の薬理作用と有害事象について理解している。,分子標的薬・バイオ医薬の薬理作用と有害事象について理解している。,,,,,,,分子標的薬の薬理作用と有害事象を説明できる。,分子標的薬の薬理作用と有害事象を説明できる。,分子標的薬・バイオ医薬の薬理作用と有害事象について理解している。,"理解→説明
知識90との重複から「バイオ医薬」を追記",,2.0,,分子標的薬・バイオ医薬の薬理作用と有害事象について理解している。,,技能で審議しこのままとしました,この薬は説明程度でOKだと思います,,,,,,,知識と重なります,,
患者情報の統合、分析と評価、診療計画,治療(計画・経過の評価),漢方医学の特徴、主な和漢薬（漢方薬）の適応、薬理作用について概要を理解している。,JkxirzA,F-02-08-na-13,漢方医学の特徴や、主な和漢薬（漢方薬）の適応、薬理作用を概説できる。,●,漢方医学の特徴、主な和漢薬（漢方薬）の適応、薬理作用について理解している。,漢方医学の特徴や、主な和漢薬（漢方薬）の適応、薬理作用について理解している。,1.0,,漢方医学の特徴、主な和漢薬（漢方薬）の適応、薬理作用について理解している。,「や」を削除しました。,,,漢方医学の特徴や、主な和漢薬（漢方薬）の適応、薬理作用を説明できる。,漢方医学の特徴や、主な和漢薬（漢方薬）の適応、薬理作用を説明できる。,漢方医学の特徴や、主な和漢薬（漢方薬）の適応、薬理作用について理解している。,理解→説明,,2.0,,漢方医学の特徴や、主な和漢薬（漢方薬）の適応、薬理作用について理解している。,,技能で審議しこのままとしました,この薬は概説程度でOKだと思います,,,,,理解し、処方計画を提案できる,,,,
患者情報の統合、分析と評価、診療計画,治療(計画・経過の評価),主な放射線治療法の適応の概要を理解している。,Jkxirx8,"F-02-05-na-03,F-02-05-na-04","放射線治療の原理を説明し、主な放射線治療法を列挙できる。,放射線診断・治療による利益と不利益を説明できる。",,主な放射線治療法の適応を理解している。,主な放射線治療法の適応を理解している。,,,,,,,主な放射線治療法の適応を説明できる。,主な放射線治療法の適応を説明できる。,主な放射線治療法の適応を理解している。,理解→説明,,2.0,,主な放射線治療法の適応を理解している。,,,,,,,,,,,,
患者情報の統合、分析と評価、診療計画,治療(計画・経過の評価),インターベンショナルラジオロジーについて概要を理解している。,JkxiryE,F-02-05-na-05,インターベンショナルラジオロジー（画像誘導下治療）を概説できる。,●,インターベンショナルラジオロジー（IVR）※について理解している。,インターベンショナルラジオロジー（IVR）※について理解している。,,,,,,,インターベンショナルラジオロジー（IVR）※を説明できる。,インターベンショナルラジオロジー（画像誘導下治療）を説明できる。,インターベンショナルラジオロジー（IVR）※について理解している。,理解→説明,,2.0,,インターベンショナルラジオロジー（IVR）※について理解している。,,技能で審議しこのままとしました,概説でいい？説明できるくらいは学生に求めては,,,,,,,,,
患者情報の統合、分析と評価、診療計画,治療(計画・経過の評価),内視鏡を用いる治療の概要を理解している。,JkxiryI,F-02-06-na-03,内視鏡を用いる治療を概説できる。,●,内視鏡を用いる治療の概要を理解している。,内視鏡を用いる治療の概要を理解している。,,,,,,,内視鏡を用いる治療を説明できる。,内視鏡を用いる治療を説明できる。,内視鏡を用いる治療の概要を理解している。,理解→説明,,2.0,,内視鏡を用いる治療の概要を理解している。,内視鏡治療の適応を説明できるに修正を提案(近藤),技能で審議しこのままとしました,"91,92,93を一つずつ独立させる必要はないのでは？",,,,,,,,,
患者情報の統合、分析と評価、診療計画,治療(計画・経過の評価),超音波を用いる治療の概要を理解している。,JkxiryM,F-02-07-na-04,超音波を用いる治療を概説できる。,●,超音波を用いる治療の概要を理解している。,超音波を用いる治療の概要を理解している。,,,,,,,超音波を用いる治療を説明できる。,超音波を用いる治療を説明できる。,超音波を用いる治療の概要を理解している。,理解→説明,,2.0,,超音波を用いる治療の概要を理解している。,,技能で審議しこのままとしました,,,,,,,,,,
患者情報の統合、分析と評価、診療計画,治療(計画・経過の評価),被覆材の種類と適応、効果について理解している。,JkxirzU,"F-02-09-01-05,F-02-09-01-04","消毒の意味と方法を説明でき、被覆材の種類と適応、効果を説明できる。,創傷治癒のメカニズムを説明できる。",,被覆材の種類と適応、効果について理解している。,被覆材の種類と適応、効果について理解している。,,,,,,,被覆材の種類と適応、効果を説明できる。,被覆材の種類と適応、効果を説明できる。,被覆材の種類と適応、効果について理解している。,理解→説明,,2.0,,被覆材の種類と適応、効果について理解している。,「消毒の意味と方法を説明でき、」を削除(近藤)(2022/2/14),消毒をなくし被覆材のみとしました,"現状、消毒という概念そのものが変わっているのに、コアカリは昭和のまま→書き換え
創治癒の原則を説明でき、実演できる",,,,,を理解し、実践できる,,,,
患者情報の統合、分析と評価、診療計画,治療(計画・経過の評価),外科的治療の適応と合併症について理解している。,JkxirzY,F-02-09-01-06,外科的治療の適応と合併症を説明できる。,,外科的治療の適応と合併症について理解している。,外科的治療の適応と合併症について理解している。,,,,,,,外科的治療の適応と合併症を説明できる。,外科的治療の適応と合併症を説明できる。,外科的治療の適応と合併症について理解している。,理解→説明,,2.0,,外科的治療の適応と合併症について理解している。,,技能で審議しこのままとしました,個々の疾患において、外科的治療の適応について指導医とともに判断ができ、主な合併症について概説できる,,,,,を理解し、基本的な治療計画を提案できる。？？,,,,
患者情報の統合、分析と評価、診療計画,治療(計画・経過の評価),手術の危険因子とその対応の基本について理解している。,Jkxirzc,F-02-09-02-01,手術の危険因子を列挙し、その対応の基本を説明できる。,,手術の危険因子とその対応の基本について理解している。,手術の危険因子とその対応の基本について理解している。,,,,,,,手術の危険因子を列挙し、その対応の基本を説明できる。,手術の危険因子を列挙し、その対応の基本を説明できる。,手術の危険因子とその対応の基本について理解している。,理解→説明,,2.0,,手術の危険因子とその対応の基本について理解している。,,技能で審議しこのままとしました,手術の危険因子と対応の基本を説明できる,,,,,,,,,
患者情報の統合、分析と評価、診療計画,治療(計画・経過の評価),主な術後合併症とその予防の基本について理解している。,Jkxirzg,F-02-09-02-03,主な術後合併症を列挙し、その予防の基本を説明できる。,,主な術後合併症とその予防の基本について理解している。,主な術後合併症とその予防の基本について理解している。,,,,,,,主な術後合併症を列挙し、その予防の基本を説明できる。,主な術後合併症を列挙し、その予防の基本を説明できる。,主な術後合併症とその予防の基本について理解している。,理解→説明,,2.0,,主な術後合併症とその予防の基本について理解している。,,技能で審議しこのままとしました,手術の合併症とその予防について説明できる（概説かなぁ）,,,,,,,,,
患者情報の統合、分析と評価、診療計画,治療(計画・経過の評価),手術および侵襲的処置に関するインフォームド・コンセントの注意点について理解している。,Jkxirzk,F-02-09-02-04,手術に関するインフォームド・コンセントの注意点を列挙できる。,,手術および侵襲的処置に関するインフォームド・コンセントの注意点について理解している。,手術に関するインフォームド・コンセントの注意点について理解している。,1.0,,手術および侵襲的処置に関するインフォームド・コンセントの注意点について理解している。,侵襲的処置を含めましたがいかがでしょうか。,,手術限定でよいか。侵襲的処置とか？,手術に関するインフォームド・コンセントの注意点を列挙できる。,手術に関するインフォームド・コンセントの注意点を列挙できる。,手術に関するインフォームド・コンセントの注意点について理解している。,理解→説明,,2.0,,手術に関するインフォームド・コンセントの注意点について理解している。,,技能で審議しこのままとしました,〜コンセントを指導医とともに得ることができる,,,,,を理解し、指導医の下で実践できる。？,,,,
患者情報の統合、分析と評価、診療計画,治療(計画・経過の評価),周術期における事前のリスク評価について理解している。,Jkxirzo,F-02-09-02-05,周術期管理における事前のリスク評価を説明できる。,,周術期における事前のリスク評価について理解している。,周術期における事前のリスク評価について理解している。,,,,,,,周術期における事前のリスク評価を説明できる。,周術期における事前のリスク評価を説明できる。,周術期における事前のリスク評価について理解している。,理解→説明,,2.0,,周術期における事前のリスク評価について理解している。,,技能で審議しこのままとしました,周術期におけるリスク評価を指導医とともにたてることができる,,,,,,,,,
患者情報の統合、分析と評価、診療計画,治療(計画・経過の評価),周術期における主な薬剤の服薬管理（継続、中止等）の必要性とそれに伴うリスクについて理解している。,Jkxirzs,F-02-09-02-06,周術期における主な薬剤の服薬管理（継続、中止等）の必要性とそれに伴うリスクの基本を説明できる。,,周術期における主な薬剤の服薬管理（継続、中止等）の必要性とそれに伴うリスクについて理解している。,周術期における主な薬剤の服薬管理（継続、中止等）の必要性とそれに伴うリスクについて理解している。,,,,,,,周術期における主な薬剤の服薬管理（継続、中止等）の必要性とそれに伴うリスクの基本を説明できる。,周術期における主な薬剤の服薬管理（継続、中止等）の必要性とそれに伴うリスクの基本を説明できる。,周術期における主な薬剤の服薬管理（継続、中止等）の必要性とそれに伴うリスクについて理解している。,理解→説明,,2.0,,周術期における主な薬剤の服薬管理（継続、中止等）の必要性とそれに伴うリスクについて理解している。,,技能で審議しこのままとしました,〜服薬管理（継続、中止等）の必要性を判断し、指導医とともに計画をたてることができる,,,,,を理解し、提案できる。？,,116と117はまとめて周術期の管理でいいような気がします,,
患者情報の統合、分析と評価、診療計画,治療(計画・経過の評価),周術期における輸液・輸血について理解している。,Jkxirzw,F-02-09-02-07,周術期管理における輸液・輸血の基本を説明できる。,,周術期における輸液・輸血について理解している。,周術期における輸液・輸血について理解している。,,,,,,,周術期における輸液・輸血の基本を説明できる。,周術期における輸液・輸血の基本を説明できる。,周術期における輸液・輸血について理解している。,理解→説明,,2.0,,周術期における輸液・輸血について理解している。,,技能で審議しこのままとしました,,,,,,を理解し、提案できる。？,,,,
患者情報の統合、分析と評価、診療計画,治療(計画・経過の評価),周術期における疼痛の管理について理解している。,Jkxirz0,F-02-09-02-08,術後痛の管理を説明できる。,,周術期における疼痛の管理について理解している。,周術期における疼痛の管理について理解している。,,,,,,,周術期における疼痛の管理を説明できる。,周術期における疼痛の管理を説明できる。,周術期における疼痛の管理について理解している。,理解→説明,,2.0,,周術期における疼痛の管理について理解している。,,技能で審議しこのままとしました,術後の疼痛に対して、計画的な対応を考案し、指導とともに実施することができる,,,,,を理解し、提案できる。？,,,,
患者情報の統合、分析と評価、診療計画,治療(計画・経過の評価),局所麻酔、末梢神経ブロック、神経叢ブロック、脊髄くも膜下麻酔、硬膜外麻酔の適応、禁忌と合併症について概要を理解している。,Jkxir0Q,"F-02-10-na-06,F-02-10-na-01","局所麻酔、末梢神経ブロック、神経叢ブロック、脊髄くも膜下麻酔、硬膜外麻酔の適応、禁忌と合併症を概説できる。,麻酔の概念、種類と麻酔時の生体反応を説明できる。",●,局所麻酔、末梢神経ブロック、神経叢ブロック、脊髄くも膜下麻酔、硬膜外麻酔の適応、禁忌と合併症について理解している。,局所麻酔、末梢神経ブロック、神経叢ブロック、脊髄くも膜下麻酔、硬膜外麻酔の適応、禁忌と合併症について理解している。,,,,,,,局所麻酔、末梢神経ブロック、神経叢ブロック、脊髄くも膜下麻酔、硬膜外麻酔の適応、禁忌と合併症を説明できる。,局所麻酔、末梢神経ブロック、神経叢ブロック、脊髄くも膜下麻酔、硬膜外麻酔の適応、禁忌と合併症を説明できる。,局所麻酔、末梢神経ブロック、神経叢ブロック、脊髄くも膜下麻酔、硬膜外麻酔の適応、禁忌と合併症について理解している。,理解→説明,,2.0,,局所麻酔、末梢神経ブロック、神経叢ブロック、脊髄くも膜下麻酔、硬膜外麻酔の適応、禁忌と合併症について理解している。,,技能で審議しこのままとしました,局所麻酔、末梢神経ブロック、神経叢ブロック、脊髄くも膜下麻酔、硬膜外麻酔の適応と方法、禁忌、合併症を説明でき、指導医のもとで経験する（目標にならないか・・・）,,,,,,,,,
患者情報の統合、分析と評価、診療計画,治療(計画・経過の評価),麻酔管理を安全に行うための術前評価について概要を理解している。,Jkxir0E,F-02-10-na-02,麻酔管理を安全に行うための術前評価と呼吸管理を概説できる。,●,麻酔管理を安全に行うための術前評価について理解している。,麻酔管理を安全に行うための術前評価について理解している。,,,,,,,麻酔管理を安全に行うための術前評価を説明できる。,麻酔管理を安全に行うための術前評価を説明できる。,麻酔管理を安全に行うための術前評価について理解している。,理解→説明,,2.0,,麻酔管理を安全に行うための術前評価について理解している。,「と呼吸管理」を削除(近藤)(2022/2/14),技能で審議しこのままとしました,術前評価と呼吸管理計画を指導医とともに立てることができる,,,,,,,,,
患者情報の統合、分析と評価、診療計画,治療(計画・経過の評価),安全な麻酔のためのモニタリングの方法、重要な異常所見と対処法について概要を理解している。,Jkxir0U,F-02-10-na-07,安全な麻酔のためのモニタリングの方法、重要な異常所見と対処法を概説できる。,●,安全な麻酔のためのモニタリングの方法、重要な異常所見と対処法について理解している。,安全な麻酔のためのモニタリングの方法、重要な異常所見と対処法について理解している。,,,,,,,安全な麻酔のためのモニタリングの方法、重要な異常所見と対処法を説明できる。,安全な麻酔のためのモニタリングの方法、重要な異常所見と対処法を説明できる。,安全な麻酔のためのモニタリングの方法、重要な異常所見と対処法について理解している。,理解→説明,,2.0,,安全な麻酔のためのモニタリングの方法、重要な異常所見と対処法について理解している。,,技能で審議しこのままとしました,〜を説明でき、指導医のもとで実施することができる,,,,,,,,,
患者情報の統合、分析と評価、診療計画,治療(計画・経過の評価),麻酔薬と筋弛緩薬の種類と使用上の原則について理解している。,Jkxir0I,F-02-10-na-03,麻酔薬と筋弛緩薬の種類と使用上の原則を説明できる。,,麻酔薬と筋弛緩薬の種類と使用上の原則について理解している。,麻酔薬と筋弛緩薬の種類と使用上の原則について理解している。,,,,,,,麻酔薬と筋弛緩薬の種類と使用上の原則を説明できる。,麻酔薬と筋弛緩薬の種類と使用上の原則を説明できる。,麻酔薬と筋弛緩薬の種類と使用上の原則について理解している。,理解→説明,,2.0,,麻酔薬と筋弛緩薬の種類と使用上の原則について理解している。,,技能で審議しこのままとしました,,,,,,,,,,
患者情報の統合、分析と評価、診療計画,治療(計画・経過の評価),吸入麻酔と静脈麻酔の適応、禁忌、方法、事故と合併症について理解している。,Jkxir0M,F-02-10-na-04,吸入麻酔と静脈麻酔の適応、禁忌、方法、事故と合併症を概説できる。,,吸入麻酔と静脈麻酔の適応、禁忌、方法、事故と合併症について理解している。,吸入麻酔と静脈麻酔の適応、禁忌、方法、事故と合併症について理解している。,,,,,,,吸入麻酔と静脈麻酔の適応、禁忌、方法、事故と合併症を説明できる。,吸入麻酔と静脈麻酔の適応、禁忌、方法、事故と合併症を説明できる。,吸入麻酔と静脈麻酔の適応、禁忌、方法、事故と合併症について理解している。,理解→説明,,2.0,,吸入麻酔と静脈麻酔の適応、禁忌、方法、事故と合併症について理解している。,,技能で審議しこのままとしました,吸入麻酔と静脈麻酔の適応、使用方法、禁忌、合併症を説明できる。,,,,,,,,,
患者情報の統合、分析と評価、診療計画,治療(計画・経過の評価),栄養アセスメント、栄養ケア・マネジメント、栄養サポートチーム、疾患別の栄養療法について理解している。,Jkxir0g,F-02-11-na-02,栄養アセスメント、栄養ケア・マネジメント、栄養サポートチーム(nutrition support team <NST>)、疾患別の栄養療法を説明できる。,,栄養アセスメント、栄養ケア・マネジメント、栄養サポートチーム（NST）、疾患別の栄養療法について理解している。,栄養アセスメント、栄養ケア・マネジメント、栄養サポートチーム（NST）、疾患別の栄養療法について理解している。,,,,,,,栄養アセスメント、栄養ケア・マネジメント、栄養サポートチーム（NST）、疾患別の栄養療法を説明できる。,栄養アセスメント、栄養ケア・マネジメント、栄養サポートチーム(nutrition support team <NST>)、疾患別の栄養療法を説明できる。,栄養アセスメント、栄養ケア・マネジメント、栄養サポートチーム（NST）、疾患別の栄養療法について理解している。,理解→説明,,2.0,,栄養アセスメント、栄養ケア・マネジメント、栄養サポートチーム（NST）、疾患別の栄養療法について理解している。,,技能で審議しこのままとしました,〜を説明し、指導医とともに実施できる,,,,,を理解し、指導医に提案できる。,,,,
患者情報の統合、分析と評価、診療計画,治療(計画・経過の評価),経静脈栄養と経管・経腸栄養の適応、方法と合併症、長期投与時の注意事項について理解している。,Jkxir0o,"F-02-11-na-04,F-02-11-na-03","経静脈栄養と経管・経腸栄養の適応、方法と合併症、長期投与時の注意事項を説明できる。,各種補液製剤（ビタミン、微量元素を含む）の特徴と病態に合わせた適応、投与時の注意事項を説明できる。",,経静脈栄養と経管・経腸栄養の適応、方法と合併症、長期投与時の注意事項について理解している。,経静脈栄養と経管・経腸栄養の適応、方法と合併症、長期投与時の注意事項について理解している。,,,,,,,経静脈栄養と経管・経腸栄養の適応、方法と合併症、長期投与時の注意事項を説明できる。,経静脈栄養と経管・経腸栄養の適応、方法と合併症、長期投与時の注意事項を説明できる。,経静脈栄養と経管・経腸栄養の適応、方法と合併症、長期投与時の注意事項について理解している。,理解→説明,,2.0,,経静脈栄養と経管・経腸栄養の適応、方法と合併症、長期投与時の注意事項について理解している。,,技能で審議しこのままとしました,,,,,,を理解し、指導医に提案できる。,,,,
患者情報の統合、分析と評価、診療計画,治療(計画・経過の評価),主な医療機器の種類と原理について概要を理解している。,Jkxir0w,F-02-12-na-01,主な医療機器の種類と原理を概説できる。,●,主な医療機器の種類と原理について理解している。,主な医療機器の種類と原理について理解している。,,,,,,,主な医療機器の説明ができる。,主な医療機器の説明ができる。,主な医療機器の種類と原理について理解している。,理解→説明,,2.0,,主な医療機器の種類と原理について理解している。,,技能で審議しこのままとしました,〜を説明できる,,あまりに漠然としておりカリキュラム策定に反映しにくいのと、主な医療機器の種類を全部あげられる能力は果たして必要なのか疑問があります。「主な医療機器（.....）の原理を概説できる」ではだめでしょうか。,,,を理解し、実習時に安全に留意する？,,医療機器に例示はいかがでしょうか,,
患者情報の統合、分析と評価、診療計画,治療(計画・経過の評価),主な人工臓器の種類と原理について概要を理解している。,Jkxir00,F-02-12-na-02,主な人工臓器の種類と原理を概説できる。,●,主な人工臓器の種類と原理について理解している。,主な人工臓器の種類と原理について理解している。,,,,,,,主な人工臓器の種類と原理を説明できる。,主な人工臓器の種類と原理を説明できる。,主な人工臓器の種類と原理について理解している。,理解→説明,,2.0,,主な人工臓器の種類と原理について理解している。,,,人工臓器は概説で十分,,,,,,,,,
患者情報の統合、分析と評価、診療計画,治療(計画・経過の評価),血液製剤及び血漿分画製剤の種類と適応について理解している。,Jkxir04,F-02-13-na-01,血液製剤及び血漿分画製剤の種類と適応を説明できる。,,血液製剤及び血漿分画製剤の種類と適応について理解している。,血液製剤及び血漿分画製剤の種類と適応について理解している。,,,,,,,血液製剤及び血漿分画製剤の種類と適応を説明できる。,血液製剤及び血漿分画製剤の種類と適応を説明できる。,血液製剤及び血漿分画製剤の種類と適応について理解している。,理解→説明,,2.0,,血液製剤及び血漿分画製剤の種類と適応について理解している。,,技能で審議しこのままとしました,〜を説明でき、指導医のもとで実施できる,,,,,を理解し、指導医に提案できる。,,,,
患者情報の統合、分析と評価、診療計画,治療(計画・経過の評価),輸血副反応、輸血使用記録保管義務、不適合輸血の防止手順について理解している。,Jkxir1A,F-02-13-na-03,輸血副反応、輸血使用記録保管義務、不適合輸血の防止手順を説明できる。,,輸血副反応、輸血使用記録保管義務、不適合輸血の防止手順について理解している。,輸血副反応、輸血使用記録保管義務、不適合輸血の防止手順について理解している。,,,,,,,輸血副反応、輸血使用記録保管義務、不適合輸血の防止手順を説明できる。,輸血副反応、輸血使用記録保管義務、不適合輸血の防止手順を説明できる。,輸血副反応、輸血使用記録保管義務、不適合輸血の防止手順について理解している。,理解→説明,,2.0,,輸血副反応、輸血使用記録保管義務、不適合輸血の防止手順について理解している。,,技能で審議しこのままとしました,〜を説明でき、指導医のもとで行動できる,,,,,を理解し、実習時に安全に留意する？,,,,
患者情報の統合、分析と評価、診療計画,治療(計画・経過の評価),輸血の適正使用、成分輸血、自己血輸血、緊急時の輸血について理解している。,Jkxir1E,F-02-13-na-04,輸血の適正使用、成分輸血、自己血輸血、緊急時の輸血を説明できる。,,輸血の適正使用、成分輸血、自己血輸血、緊急時の輸血について理解している。,輸血の適正使用、成分輸血、自己血輸血、緊急時の輸血について理解している。,,,,,,,輸血の適正使用、成分輸血、自己血輸血、緊急時の輸血を説明できる。,輸血の適正使用、成分輸血、自己血輸血、緊急時の輸血を説明できる。,輸血の適正使用、成分輸血、自己血輸血、緊急時の輸血について理解している。,理解→説明,,2.0,,輸血の適正使用、成分輸血、自己血輸血、緊急時の輸血について理解している。,,技能で審議しこのままとしました,〜を説明でき、指導医のもとで実施できる,,,,,を理解し、実習時に安全に留意する？,,,,
患者情報の統合、分析と評価、診療計画,治療(計画・経過の評価),移植医療（臓器移植、組織移植、造血幹細胞移植等）の我が国と世界の状況について理解している。,Jkxir1I,F-02-13-na-05,臓器移植、造血幹細胞移植の種類と適応を説明できる。,●(近藤),移植医療（臓器移植、組織移植、造血幹細胞移植等）の我が国と世界の状況について理解している。,移植医療（臓器移植、組織移植、造血幹細胞移植等）の我が国と世界の状況について理解している。,,,,,,,移植医療（臓器移植、組織移植、造血幹細胞移植等）の我が国と世界の状況を説明できる。,移植医療（臓器移植、組織移植、造血幹細胞移植を含む）の我が国と世界の状況を説明できる,移植医療（臓器移植、組織移植、造血幹細胞移植等）の我が国と世界の状況について理解している。,理解→説明,,2.0,,移植医療（臓器移植、組織移植、造血幹細胞移植等）の我が国と世界の状況について理解している。,査読者コメントを受けて編集、知識への移動も考慮(2022/2/7)(近藤),対応しました,移植医療（臓器移植、組織移植、造血幹細胞移植を含む）の我が国と世界の状況を概説できる［厚労省・移植学会と調整済］,,,,,,,,,
患者情報の統合、分析と評価、診療計画,治療(計画・経過の評価),終末期医療における臓器・組織提供選択提示の意義について理解している。,Jkxir1M,F-02-13-na-06,移植と組織適合性の関係を説明できる。,,終末期医療における臓器・組織提供選択提示の意義について理解している。,終末期医療における臓器・組織提供選択提示の意義について理解している。,,,,,,,終末期医療における臓器・組織提供選択提示の意義について説明できる。,終末期医療における臓器・組織提供選択提示の意義について説明できる,終末期医療における臓器・組織提供選択提示の意義について理解している。,理解→説明,,2.0,,終末期医療における臓器・組織提供選択提示の意義について理解している。,査読者コメントを受けて編集、知識への移動も考慮(2022/2/7)(近藤),対応しました,終末期医療における臓器・組織提供選択提示の意義について説明できる［厚労省・移植学会と調整済］,,,,,,,,,
患者情報の統合、分析と評価、診療計画,治療(計画・経過の評価),移植における免疫応答（拒絶反応、移植片対宿主病）について理解している。,Jkxir1Q,F-02-13-na-07,移植後の拒絶反応、移植片対宿主病の病態生理と発症時の対応を説明できる。,●(近藤),移植における免疫応答（拒絶反応、移植片対宿主病）について理解している。,移植における免疫応答（拒絶反応、移植片対宿主病）について理解している。,,,,,,,移植における免疫応答（拒絶反応、移植片対宿主病）について説明できる。,移植における免疫応答（拒絶反応、移植片対宿主病）について説明できる,移植における免疫応答（拒絶反応、移植片対宿主病）について理解している。,理解→説明,,2.0,,移植における免疫応答（拒絶反応、移植片対宿主病）について理解している。,査読者コメントを受けて編集、知識への移動も考慮(2022/2/7)(近藤),対応しました,移植における免疫応答（拒絶反応、移植片対宿主病）について概説できる［厚労省・移植学会と調整済］,,,,,,,,,
患者情報の統合、分析と評価、診療計画,治療(計画・経過の評価),移植後の免疫抑制について理解している。,Jkxir1U,F-02-13-na-08,免疫抑制薬の種類、適応と副作用を説明できる。,●(近藤),移植後の免疫抑制について理解している。,移植後の免疫抑制について理解している。,,,,,,,移植後の免疫抑制について説明できる。,移植後の免疫抑制について説明できる,移植後の免疫抑制について理解している。,理解→説明,,2.0,,移植後の免疫抑制について理解している。,査読者コメントを受けて編集、知識への移動も考慮(2022/2/7)(近藤),対応しました,移植後の免疫抑制について概説できる［厚労省・移植学会と調整済］,,,,,,必要でしょうか？むしろ、臓器提供の項目を入れるべきでは（ほかの層に入っているのかもしれませんが）,,,
患者情報の統合、分析と評価、診療計画,治療(計画・経過の評価),リハビリテーションの概念と適応について理解している。,Jkxir1Y,"F-02-14-na-01,F-02-14-na-03","リハビリテーションの概念と適応（心大血管疾患、呼吸器疾患、癌等の内部障害を含む）を説明できる。,福祉・介護との連携におけるリハビリテーションの役割を説明できる。",,リハビリテーションの概念と適応について理解している。,リハビリテーションの概念と適応について理解している。,,,,,,,リハビリテーションの概念と適応を説明できる。,リハビリテーションの概念と適応を説明できる。,リハビリテーションの概念と適応について理解している。,理解→説明,,2.0,,リハビリテーションの概念と適応について理解している。,（心大血管疾患、呼吸器疾患、癌等の内部障害を含む）を削除(近藤)(2022/2/14),技能で審議しこのままとしました,,,,,,を理解し、指導医に提案できる。,,,,
患者情報の統合、分析と評価、診療計画,治療(計画・経過の評価),機能障害と日常生活動作の評価ができる。,Jkxir1g,F-02-14-na-05,機能障害と日常生活動作(activities of daily living <ADL>)の評価ができる。,,機能障害と日常生活動作（ADL）の評価ができる。,機能障害と日常生活動作（ADL）の評価ができる。,,,,,,,機能障害と日常生活動作（ADL）の評価ができる。,機能障害と日常生活動作(activities of daily living <ADL>)の評価ができる。,機能障害と日常生活動作（ADL）の評価ができる。,,,2.0,,機能障害と日常生活動作（ADL）の評価ができる。,,,,,,,,,,,,
患者情報の統合、分析と評価、診療計画,治療(計画・経過の評価),理学療法、作業療法と言語聴覚療法について概要を理解している。,Jkxir1k,"F-02-14-na-06,F-02-14-na-02","理学療法、作業療法と言語聴覚療法を概説できる。,リハビリテーション・チームの構成を理解し、医師の役割を説明できる。",●,理学療法、作業療法と言語聴覚療法について理解している。,理学療法、作業療法と言語聴覚療法について理解している。,,,,,,,理学療法、作業療法と言語聴覚療法を説明できる。,理学療法、作業療法と言語聴覚療法を説明できる。,理学療法、作業療法と言語聴覚療法について理解している。,,,2.0,,理学療法、作業療法と言語聴覚療法について理解している。,,技能で審議しこのままとしました,,,,,,を理解し、指導医に提案できる。,,,,
患者情報の統合、分析と評価、診療計画,治療(計画・経過の評価),主な歩行補助具、車椅子、義肢（義手、義足）と装具について概要を理解している。,Jkxir1o,F-02-14-na-07,主な歩行補助具、車椅子、義肢（義手、義足）と装具を概説できる。,●,主な歩行補助具、車椅子、義肢（義手、義足）と装具について理解している。,主な歩行補助具、車椅子、義肢（義手、義足）と装具について理解している。,,,,,,,主な歩行補助具、車椅子、義肢（義手、義足）と装具を説明できる。,主な歩行補助具、車椅子、義肢（義手、義足）と装具を説明できる。,主な歩行補助具、車椅子、義肢（義手、義足）と装具について理解している。,,,2.0,,主な歩行補助具、車椅子、義肢（義手、義足）と装具について理解している。,,技能で審議しこのままとしました,,,,,,,,,,
患者情報の統合、分析と評価、診療計画,治療(計画・経過の評価),主要診療科(表[主要診療科])の基本的な治療計画を立案できる。,Jkxir20,"F-03-05-08-03,G-04-01-01-03,G-04-01-03-03,G-04-02-01-03,G-04-02-02-03,G-04-02-03-03,G-04-02-04-03,G-04-02-05-03,G-04-02-06-03,G-04-02-07-03,G-04-02-08-03,G-04-02-09-03,G-04-02-10-03,G-04-02-11-03,G-04-02-13-02,G-04-02-14-03,G-04-02-15-03","治療の立案・実施に可能な範囲で参加できる。,内科的治療の立案・実施に可能な範囲で参加する。,治療の立案・実施に可能な範囲で参加する。,該当診療科の治療に可能な範囲で参加する。,該当診療科の治療に可能な範囲で参加する。,該当診療科の治療に可能な範囲で参加する。,該当診療科の治療に可能な範囲で参加する。,該当診療科の治療に可能な範囲で参加する。,該当診療科の治療に可能な範囲で参加する。,該当診療科の治療に可能な範囲で参加する。,該当診療科の治療に可能な範囲で参加する。,該当診療科の治療に可能な範囲で参加する。,該当診療科の治療に可能な範囲で参加する。,該当診療科の治療に可能な範囲で参加する。,該当診療科の治療に可能な範囲で参加する。,該当診療科の治療に可能な範囲で参加する。,該当診療科の治療に可能な範囲で参加する。",,主要診療科(表[主要診療科])の基本的な治療計画を立案できる。,主要診療科(表[主要診療科])の基本的な治療計画を立案できる。,2.0,修正しました,,出力時に??となっていることに留意。,,,主要診療科[^table:主要診療科]の基本的な治療を実施できる。,主要診療科[^table:主要診療科]の基本的な治療を実施できる。,主要診療科[@tbl:主要診療科]の基本的な治療計画を立案できる。,「治療を実施」は学生レベルを超えている,,2.0,,主要診療科[@tbl:主要診療科]の基本的な治療計画を立案できる。,"以下から統合、小児科,内科,泌尿器科,脳神経外科,麻酔科,リハビリテーション科,眼科,歯科口腔外科,皮膚科,病理診断科,臨床検査科,放射線科,耳鼻咽喉科,形成外科,整形外科,小児の診察,その他",技能で審議しこのままとしました,治療を実施できると記載する場合は、「指導医とともに」「指導医の監督のもと」などの文言を入れておくのがよいと思います,,それぞれの科で何が基本的な治療に含まれるのかが記載されていないとカリキュラム策定に反映できない。また、全ての治療において実施できるレベルはが学生に求められるのかも疑問。対象となる治療に関して個別に扱い、これは削除でよいのでは？,,,,,,,
患者情報の統合、分析と評価、診療計画,教育計画,代表的な疾患における患者指導の計画を立案できる。,Jkxir28,,,,代表的な疾患における患者指導の計画を立案できる。,代表的な疾患における患者指導の計画を立案できる。,,,,,,,代表的な疾患における患者指導が計画できる。,代表的な疾患における患者指導が計画できる,代表的な疾患における患者指導の計画を立案できる。,日本語を読みやすく,,2.0,,代表的な疾患における患者指導の計画を立案できる。,説明文書を作成できるから患者指導が計画できるに変更(近藤)(2022/2/14)教育計画は学生のレベルとしては高いので第3層から削除→学生でも実現可能と思われるものを新設してみました,技能で審議しこのままとしました,"できることを入れることに賛成です。
診断書などの発行は学生では無理ですのでご配慮を",,,,,を作成し、指導医に提案できる,,,,
治療を含む対応の実施,検査手技,検査に関する基本的臨床手技(表[基本的臨床手技])を実施できる,Jkxir3E,"F-03-06-01-01,F-03-06-01-02,F-03-06-02-01,F-03-06-02-02,F-03-06-02-03,F-03-06-02-04,G-03-01-na-05,G-03-01-na-08,G-03-01-na-09,G-03-02-na-01,G-03-02-na-02,G-03-02-na-03,G-03-02-na-04,G-03-02-na-05,G-03-02-na-06,G-03-02-na-07,G-03-02-na-08,G-03-02-na-09,G-03-02-na-10,G-03-02-na-11,G-03-02-na-12,G-03-03-na-01","皮膚消毒を実施できる。,静脈採血をシミュレータで実施できる。,尿検査（尿沈渣を含む）を実施できる。,末梢血塗抹標本を作成し、観察できる。,微生物学検査（Gram染色を含む）を実施できる。,12誘導心電図を記録できる。,静脈採血を実施できる。,動脈血採血・動脈ラインの確保を見学し、介助する。,腰椎穿刺を見学し、介助する。,尿検査（尿沈渣を含む）を実施できる。,末梢血塗抹標本を作成し、観察できる。,微生物学検査（Gram染色を含む）を実施できる。,妊娠反応検査を実施できる。,血液型判定を実施できる。,視力、視野、聴力、平衡機能検査を実施できる。,12誘導心電図を記録できる。,脳波検査の記録ができる。,眼球に直接触れる検査を見学し、介助する。,心臓、腹部の超音波検査を実施できる。,経皮的酸素飽和度を測定できる。,エックス線撮影、コンピュータ断層撮影<CT>、磁気共鳴画像法<MRI>、核医学検査、内視鏡検査を見学し、介助する。,無菌操作を実施できる。",,検査に関する基本的臨床手技(表[基本的臨床手技])を実施できる,検査に関する基本的臨床手技(表[基本的臨床手技])を実施できる,2.0,修正しました,,出力時に??となっていることに留意。,,,検査に関する基本的臨床手技[^table:基本的臨床手技]に関して定められた目標を達成できる。,検査に関する基本的臨床手技[^table:基本的臨床手技]に関して定められた目標を達成できる。,検査に関する基本的臨床手技[@tbl:基本的臨床手技]を実施できる,基本的臨床手技のみ第４層に詳細を書かないのは粒度の違いが大きい。学修目標を並べているコアカリの本文に「目標を達成できる」はトートロジーになっている。,,2.0,,検査に関する基本的臨床手技[@tbl:基本的臨床手技]を実施できる,,項目は別表で提示されます,この基本的臨床手技はH28年度版から持ってきたでしょうか。内容に関しての吟味が必要だと思います,「定められた目標」とはどこにあるのか？,,,,ここは項目の提示が必要では？,,,,【宮地】別表にそれぞれどのレベルが目標になるかが記載されていましたが、それはそのまま採用ですか？であれば「〜に関する基本的臨床手技を実施できる」でもよいのでは。
治療を含む対応の実施,治療手技,治療に関する基本的臨床手技(表[基本的臨床手技])を実施できる。,Jkxir3I,"G-03-01-na-01,G-03-01-na-06,F-03-06-03-01,F-03-06-03-02,F-03-06-03-03,G-03-01-na-02,G-03-01-na-03,G-03-01-na-04,G-03-01-na-07,G-03-01-na-10,G-03-01-na-11,G-03-01-na-12,G-03-01-na-13,G-03-01-na-14,G-03-01-na-15,G-03-03-na-02,G-03-03-na-03,G-03-03-na-04,G-03-03-na-05,G-03-03-na-06,G-04-01-02-04,G-04-01-02-05,G-04-01-04-01,G-04-01-05-03,G-04-01-05-04","体位交換、移送ができる。,末梢静脈の血管確保を実施できる。,無菌操作を実施できる。,手術や手技のための手洗いができる。,手術室におけるガウンテクニックができる。,皮膚消毒ができる。,外用薬の貼付・塗布ができる。,気道内吸引、ネブライザーを実施できる。,中心静脈カテーテル挿入を見学し、介助する。,胃管の挿入と抜去ができる。,尿道カテーテルの挿入と抜去を実施できる。,ドレーンの挿入と抜去を見学し、介助する。,注射（皮内、皮下、筋肉、静脈内）を実施できる。,全身麻酔、局所麻酔、輸血を見学し、介助する。,眼球に直接触れる治療を見学し、介助する。,手術や手技のための手洗いができる。,手術室におけるガウンテクニックができる。,基本的な縫合と抜糸ができる。,創の消毒やガーゼ交換ができる。,手術、術前・術中・術後管理を見学し、介助する。,手術等の外科的治療に可能な範囲で参加する。,基本的な外科的手技について学ぶ。,妊婦の周産期診察及び分娩に可能な範囲で参加する。,精神科的治療に可能な範囲で参加する。,基本的な精神科面接技法について学ぶ。",,治療に関する基本的臨床手技(表[基本的臨床手技])を実施できる。,治療に関する基本的臨床手技(表[基本的臨床手技])を実施できる。,2.0,修正しました,,出力時に??となっていることに留意。,,,治療に関する基本的臨床手技[^table:基本的臨床手技]に関して定められた目標を達成できる。,治療に関する基本的臨床手技[^table:基本的臨床手技]に関して定められた目標を達成できる。,治療に関する基本的臨床手技[@tbl:基本的臨床手技]を実施できる。,基本的臨床手技のみ第４層に詳細を書かないのは粒度の違いが大きい。学修目標を並べているコアカリの本文に「目標を達成できる」はトートロジーになっている。,,2.0,,治療に関する基本的臨床手技[@tbl:基本的臨床手技]を実施できる。,,項目は別表で提示されます,この基本的臨床手技はH28年度版から持ってきたでしょうか。内容に関しての吟味が必要だと思います,「定められた目標」とはどこにあるのか？,,,,ここは項目の提示が必要では？,,,,【宮地】同上
治療を含む対応の実施,救急・初期対応,バイタルサインや身体徴候から緊急性の高い状態にある患者を認識できる。,Jkxir3Q,"G-03-04-na-01,F-02-09-02-02,F-03-06-04-01","身体徴候、バイタルサインから緊急性の高い状況であることを判断できる。,基本的バイタルサイン（体温、呼吸、脈拍、血圧）の意義とモニターの方法を説明できる。,緊急性の高い状況かどうかをある程度判断できるようになる。",,バイタルサインや身体徴候から緊急性の高い状態にある患者を認識できる。,バイタルサインや身体徴候から緊急性の高い状態にある患者を認識できる。,,,,,,,バイタルサインや身体徴候から緊急性の高い状態にある患者を認識（識別）できる。,バイタルサインや身体徴候から緊急性の高い状態にある患者を認識（識別）できる。,バイタルサインや身体徴候から緊急性の高い状態にある患者を認識できる。,（識別）を削除,,2.0,,バイタルサインや身体徴候から緊急性の高い状態にある患者を認識できる。,初期対応への分類とどちらが良いか？（小松）,対応しました,同上,,173とまとめてよいのでは,,,１７３と統合可能そうです・,,,,
治療を含む対応の実施,救急・初期対応,一次救命処置を実施できる。,Jkxir3U,"G-03-04-na-02,F-03-06-04-02,G-04-01-07-01","一次救命処置を実施できる。,一次救命処置を実施できる。,呼吸、循環を安定化するための初期治療を学ぶ。",,一次救命処置を実施できる。,一次救命処置を実施できる。,,,,,,,一次救命処置を実施できる。,一次救命処置を実施できる。,一次救命処置を実施できる。,ママ,,1.0,,一次救命処置を実施できる。,,,,,,,,,,,,
治療を含む対応の実施,救急・初期対応,頻度・緊急性の高い患者に対する初期対応（二次救命処置を含む）の実施を補助できる。,Jkxir3Y,"G-03-04-na-03,G-04-01-07-01","二次救命処置を含む緊急性の高い患者の初期対応に可能な範囲で参加する。,呼吸、循環を安定化するための初期治療を学ぶ。",,頻度・緊急性の高い患者に対する初期対応（二次救命処置を含む）の実施を補助できる。,頻度・緊急性の高い患者に対する初期対応（二次救命処置を含む）の実施を補助できる。,,,,,,,二次救命処置を含む頻度の高い緊急性の高い患者の初期対応を実演できる。,二次救命処置を含む頻度の高い緊急性の高い患者の初期対応を実演できる。,頻度・緊急性の高い患者に対する初期対応（二次救命処置を含む）の実施を補助できる。,学生レベルに合わせて文言を修正,,2.0,,頻度・緊急性の高い患者に対する初期対応（二次救命処置を含む）の実施を補助できる。,二次救命処置を含む緊急性の高い患者の初期対応に可能な範囲で参加する。から実演できるに変更(近藤),,,,,,,,,,,
治療を含む対応の実施,救急・初期対応,外傷の病態生理と診断について理解している。,Jkxir3g,"F-01-37-na-02,F-01-37-na-03","外傷・熱傷の診断の要点を説明できる。,外傷・熱傷がある患者の治療の要点を説明し、専門的治療が必要な状態を概説できる。",,外傷の病態生理と診断について理解している。,外傷の病態生理と診断について理解している。,,,,,,,外傷の病態生理と診断の要点を説明できる。,外傷の病態生理と診断の要点を説明できる。,外傷の病態生理と診断について理解している。,,,2.0,,外傷の病態生理と診断について理解している。,,,,,179とまとめて「外傷の鑑別診断、病態生理と診断、初期対応の要点を説明できる」,,,,,,,
治療を含む対応の実施,救急・初期対応,外傷の初期対応の実施を補助できる。,Jkxir3k,"G-02-37-na-01,G-02-37-na-02, G-02-37-na-03, G-02-37-na-04, G-02-37-na-05, G-02-37-na-06, G-02-37-na-07, G-02-37-na-08, G-02-37-na-09,F-01-37-na-02,F-01-37-na-03","一次性：頭部外傷,一次性：骨折,一次性：外傷性気胸,一次性：脊髄損傷,一次性：熱傷,二次性：急性大動脈解離,二次性：脳出血,二次性：くも膜下出血,二次性：頭蓋内血腫,外傷・熱傷の診断の要点を説明できる。,外傷・熱傷がある患者の治療の要点を説明し、専門的治療が必要な状態を概説できる。",,外傷の初期対応の実施を補助できる。,外傷の初期対応の実施を補助できる。,,,,,,,外傷の場合に適切な鑑別（頭部外傷、骨折、外傷性気胸、脊髄損傷、熱傷、急性大動脈解離、脳出血、くも膜下出血、頭蓋内血腫等）を検討しながら初期対応できる。,"外傷の場合に適切な鑑別(頭部外傷, 骨折, 外傷性気胸, 脊髄損傷, 熱傷, 急性大動脈解離, 脳出血, くも膜下出血, 頭蓋内血腫など)を検討しながら初期対応できる。",外傷の初期対応の実施を補助できる。,170に含められるが、外傷特異的な対応(JATECなど)はACLSとは異なるので残す,,2.0,,外傷の初期対応の実施を補助できる。,この鑑別診断の部分は統合しても良い(近藤),技能で審議しこのままとしました,初期対応できるでもいいと思いますが、「鑑別を行い、指導医に報告できる」という記載もあるように思います,,178にまとめて削除？,,,１７８統合可能そうです・,,,,
治療を含む対応の実施,救急・初期対応,アナフィラキシーショックの対応を補助できる。,Jkxirvw,F-02-08-na-03,薬物によるアナフィラキシーショックの症候、診断、対処法を説明できる。,,アナフィラキシーショックの対応を補助できる。,アナフィラキシーショックの対応を補助できる。,,,,,,,薬物によるアナフィラキシーショックの対処を実演できる。,薬物によるアナフィラキシーショックの対処を実演できる。,アナフィラキシーショックの対応を補助できる。,"薬物による、を削除
対応を補助",,2.0,,アナフィラキシーショックの対応を補助できる。,臨床推論から移動(2022/2/7)(近藤),技能で審議しこのままとしました,臨床推論のなかで、個別のものは第三層の記載を分けてはいかがでしょうか,ここから急に各論になり、びっくりしました,薬物に限らずでよいのでは？あるいは、知識312-313でショック全般についての診断と対応が説明できることが扱われているので、削除。,,薬物に限定する必要はない∴他所へ統合で良いのでは？,,,ショックは知識にあります,,【宮地】知識314で「ショックの治療を理解している」があるが、薬物によるアナフィラキシーショックだけ、対応が補助できるレベルが求められる理由は？
治療を含む対応の実施,書類の作成,各種診断書・証明書の下書きを作成できる。,Jkxir3o,G-03-01-na-17,各種診断書・検案書・証明書の作成を見学し、介助する。,,各種診断書・証明書の下書きを作成できる。,各種診断書・証明書の下書きを作成できる。,,,,,,,各種診断書・証明書の下書きを作成できる。,各種診断書・証明書の下書きを作成できる。,各種診断書・証明書の下書きを作成できる。,ママ,,1.0,,各種診断書・証明書の下書きを作成できる。,変更案-作成を見学する→下書きを作成する(近藤),技能で審議しこのままとしました,作成し、指導医に提示できる,,,,,下書きを作成し、指導医に提案できる,,,,
治療を含む対応の実施,書類の作成,各種検案書の下書きを作成できる。,Jkxir3s,G-03-01-na-17,各種診断書・検案書・証明書の作成を見学し、介助する。,,各種検案書の下書きを作成できる。,各種検案書の下書きを作成できる。,,,,,,,各種検案書の作成を実演できる。,各種検案書の作成を実演できる,各種検案書の下書きを作成できる。,の下書きを作成,,2.0,,各種検案書の下書きを作成できる。,変更案-作成を見学する→実演できる(近藤),技能で審議しこのままとしました,各種検案書とはなんでしょうか？しかも実演とはなんでしょうか？行180で十分では？,,,,,下書きを作成し、指導医に提案できる,,,,
治療を含む対応の実施,患者ケアに必要な連携,主要診療科(表[主要診療科])にどのようにコンサルテーションすればよいかを理解している。,Jkxir4Q,"F-03-05-08-07,G-04-01-01-06,G-04-01-02-06,G-04-01-03-07,G-04-01-04-07,G-04-01-05-05,G-04-02-01-05,G-04-02-02-05,G-04-02-03-05,G-04-02-04-05,G-04-02-05-05,G-04-02-06-05,G-04-02-07-05,G-04-02-08-05,G-04-02-09-05,G-04-02-10-05,G-04-02-11-05,G-04-02-13-04,G-04-02-14-05,G-04-02-15-05","どのように小児科にコンサルテーションすればよいか説明できる。,どのように内科にコンサルテーションすればよいかわかる。,どのように外科にコンサルテーションすればよいかわかる。,どのように小児科にコンサルテーションすればよいかわかる。,どのように産婦人科にコンサルテーションすればよいかわかる。,どのように精神科にコンサルテーションすればよいかわかる。,どのように該当診療科にコンサルテーションすればよいかわかる。,どのように該当診療科にコンサルテーションすればよいかわかる。,どのように該当診療科にコンサルテーションすればよいかわかる。,どのように該当診療科にコンサルテーションすればよいかわかる。,どのように該当診療科にコンサルテーションすればよいかわかる。,どのように該当診療科にコンサルテーションすればよいかわかる。,どのように該当診療科にコンサルテーションすればよいかわかる。,どのように該当診療科にコンサルテーションすればよいかわかる。,どのように該当診療科にコンサルテーションすればよいかわかる。,どのように該当診療科にコンサルテーションすればよいかわかる。,どのように該当診療科にコンサルテーションすればよいかわかる。,どのように該当診療科にコンサルテーションすればよいかわかる。,どのように該当診療科にコンサルテーションすればよいかわかる。,どのように該当診療科にコンサルテーションすればよいかわかる。",,主要診療科(表[主要診療科])にどのようにコンサルテーションすればよいかを理解している。,主要診療科(表[主要診療科])にどのようにコンサルテーションすればよいかを理解している。,2.0,修正しました,,出力時に??となっていることに留意。,,,主要診療科[^table:主要診療科]にどのようにコンサルテーションすればよいか説明できる。,主要診療科[^table:主要診療科]にどのようにコンサルテーションすればよいか説明できる。,主要診療科[@tbl:主要診療科]にどのようにコンサルテーションすればよいかを理解している。,説明→理解,,2.0,,主要診療科[@tbl:主要診療科]にどのようにコンサルテーションすればよいかを理解している。,"分かる→説明できるに。以下から統合。小児科,脳神経外科,臨床検査科,耳鼻咽喉科,産婦人科,皮膚科,形成外科,整形外科,小児の診察,その他,泌尿器科,麻酔科,歯科口腔外科,眼科,病理診断科,外科,リハビリテーション科,放射線科,精神科,内科",技能で審議しこのままとしました,基本診療科へのコンサルテーションの方法について説明でき、指導医とともに実施することができる,,,,,,,183と合併でいいと思います,,
治療を含む対応の実施,患者ケアに必要な連携,褥瘡の予防、評価、処置・治療について理解している。,Jkxir40,F-02-15-na-03,褥瘡の予防、評価、処置・治療及びチーム医療の重要性を説明できる。,,褥瘡の予防、評価、処置・治療について理解している。,褥瘡の予防、評価、処置・治療について理解している。,,,,,,,褥瘡の予防、評価、処置・治療及びチーム医療の重要性を説明できる。,褥瘡の予防、評価、処置・治療及びチーム医療の重要性を説明できる。,褥瘡の予防、評価、処置・治療について理解している。,説明→理解、チーム医療を削除,,2.0,,褥瘡の予防、評価、処置・治療について理解している。,,,,,,,,,,,,
治療を含む対応の実施,診療計画カンファレンス,症例検討会において適切にプレゼンテーションできる。,Jkxir48,F-03-03-na-03,症例を適切に要約する習慣を身に付け、状況に応じて提示できる。,,症例検討会において適切にプレゼンテーションできる。,症例検討会において適切にプレゼンテーションできる。,,,,,,,医師カンファレンスにおいて症例を適切に要約し提示できる。,医師カンファレンスにおいて症例を適切に要約し提示できる。,症例検討会において適切にプレゼンテーションできる。,日本語を修正,,2.0,,症例検討会において適切にプレゼンテーションできる。,（≒プレゼンテーションスキル、小松）,技能で審議しこのままとしました,医師カンファレンスと限定しなくてよいのでは,,,,,,,,,
治療を含む対応の実施,診療計画カンファレンス,診察で得た情報を上級医にわかりやすく報告できる。,Jkxir5E,F-03-02-na-05,診察で得た所見、診断、必要な検査を上級医に説明、報告できる。,,診察で得た情報を上級医にわかりやすく報告できる。,診察で得た情報を上級医にわかりやすく報告できる。,,,,,,,診察で得た所見、診断、必要な検査を上級医に説明、報告できる。,診察で得た所見、診断、必要な検査を上級医に説明、報告できる。,診察で得た情報を上級医にわかりやすく報告できる。,日本語を修正,,2.0,,診察で得た情報を上級医にわかりやすく報告できる。,（≒プレゼンテーションスキル、小松）,技能で審議しこのままとしました,,,診察所見を説明・報告する（Reporter）レベルでよいのか、所見を解釈した診断推論および必要な検査の提案（Interpreter）レベルなのか。後者を卒業時レベルのアウトカムにするなら、それを明確にしたほうがよい。「診察で得た所見を解釈し、診断および必要な検査についての考察を上級医に説明できる。」,,,,,,201と203の配置を入れ替え。,
診療経過の振り返りと改善,振り返りカンファレンス,M&Mカンファレンスに参加して自身の意見を述べることができる。,Jkxir5I,,,,M&Mカンファレンスに参加して自身の意見を述べることができる。,M&Mカンファレンスに参加して自身の意見を述べることができる。,,,,,, 診療経過の振り返りと改善、に項目がM＆MとCPCしかないが問題ないか？,M&Mカンファレンスに参加し発言することができる。,M&Mカンファレンスに参加し発言することができる,M&Mカンファレンスに参加して自身の意見を述べることができる。,,,2.0,,M&Mカンファレンスに参加して自身の意見を述べることができる。,多職種カンファレンスに入れてしまう（もしくは患者安全の方？）。Ｍ＆Ｍを第4層でもよい。→第4層としてみました。文言はこれで良いでしょうか?(近藤),技能で審議しこのままとしました,発言が何を意味するか？,いいですね！,M&M (Morbidity and Mortality) カンファレンス,,具体的で良いですが、発言できるかどうかは、学生の態度以上に会の空気次第だと思います。,,,,,
診療経過の振り返りと改善,振り返りカンファレンス,CPCに参加して自身の意見を述べることができる。,Jkxir5M,,,,CPCに参加して自身の意見を述べることができる。,CPCに参加して自身の意見を述べることができる。,,,,,, 診療経過の振り返りと改善、に項目がM＆MとCPCしかないが問題ないか？,CPCカンファレンスに参加し発言することができる。,CPCカンファレンスに参加し発言することができる,CPCに参加して自身の意見を述べることができる。,CPCカンファランスは日本語がおかしい,,2.0,,CPCに参加して自身の意見を述べることができる。,医師カンファレンスに入れてしまう。ＣＰＣを第4層にでもよい。→第4層の場合医師カンファレンスが第3層でしょうか? CPCは治療を含む対応の実施では内転が気にかかります(近藤),技能で審議しこのままとしました,上とまとめてもいいのでは,いいですね！,CPC (Clinico-pathological conference)。「カンファレンス」が重複するので削除。,,同上,,,,,【宮地】（やっぱり「CPCカンファレンス」って変だと思うんですけど、私だけですか？CPCか臨床病理検討会では？）
医療の質と患者安全,医療の質向上,品質改善の手法を用いて医療を改善する重要性を理解し、繰り返し評価する姿勢を身に着ける。,JkxoFEA,,,,品質改善の手法を用いて医療を改善する重要性を理解し、繰り返し評価する姿勢を身に着ける。,品質改善の手法を用いて医療を改善する重要性を理解し、繰り返し評価する姿勢を身に着ける。,,,,,,,品質改善の手法を用いて医療を改善する重要性を理解し、繰り返し評価する姿勢を身に着ける。,品質改善の手法を用いて医療を改善する重要性を理解し、繰り返し評価する姿勢を身に着ける。,品質改善の手法を用いて医療を改善する重要性を理解し、繰り返し評価する姿勢を身に着ける。,ママ,,2.0,,品質改善の手法を用いて医療を改善する重要性を理解し、繰り返し評価する姿勢を身に着ける。,新規,,,,,,,,,,,
医療の質と患者安全,医療従事者の健康管理,医療従事者に求められる健康管理（生活習慣改善、予防接種、被ばく低減策）、職業感染対策（結核スクリーニング、ワクチン接種）を実践する。,JkxoFEE,A-06-03-na-01、A-06-03-na-04,{not found: A-06-03-na-01、A-06-03-na-04},,医療従事者に求められる健康管理（生活習慣改善、予防接種、被ばく低減策）、職業感染対策（結核スクリーニング、ワクチン接種）を実践する。,医療従事者に求められる健康管理（生活習慣改善、予防接種、被ばく低減策）、職業感染対策（結核スクリーニング、ワクチン接種）を実践する。,,,,,,,医療従事者の健康管理（生活習慣改善、予防接種、被ばく低減策）、職業感染対策（結核スクリーニング、ワクチン接種）を実践できる。,医療従事者の健康管理（生活習慣改善、予防接種、被ばく低減策）、職業感染対策（結核スクリーニング、ワクチン接種）を実践できる。,医療従事者に求められる健康管理（生活習慣改善、予防接種、被ばく低減策）、職業感染対策（結核スクリーニング、ワクチン接種）を実践する。,日本語を修正,,2.0,,医療従事者に求められる健康管理（生活習慣改善、予防接種、被ばく低減策）、職業感染対策（結核スクリーニング、ワクチン接種）を実践する。,睡眠、過重労働、生活習慣とリスク,,,,,,,,,,,
医療の質と患者安全,医療従事者の健康管理,自身を含む医療者の労働環境の改善の必要性を理解し、実際の医療現場において改善に努めることができる。,JkxoFEM,A-06-03-na-05,医療現場における労働環境の改善の必要性を説明できる。,,自身を含む医療者の労働環境の改善の必要性を理解し、実際の医療現場において改善に努めることができる。,自身を含む医療者の労働環境の改善の必要性を理解し、実際の医療現場において改善に努めることができる。,,,,,,,自身を含む医療者の労働環境の改善の必要性を理解し、実際の医療現場において改善に努めることができる。,自身を含む医療者の労働環境の改善の必要性を理解し、実際の医療現場において改善に努めることができる。,自身を含む医療者の労働環境の改善の必要性を理解し、実際の医療現場において改善に努めることができる。,ママ,,2.0,,自身を含む医療者の労働環境の改善の必要性を理解し、実際の医療現場において改善に努めることができる。,"長時間労働の医師の健康管理,自身を含む医療者の労働環境の改善の必要性を説明できる。から改変",,,,,,,,,,,
医療の質と患者安全,安全管理体制,患者安全のための管理体制と各々の役割（リスクマネージャー、医療安全管理委員会等）を概要を理解している。,JkxoFD4,A-06-01-na-06,医療機関における医療安全管理体制の在り方（事故報告書、インシデントレポート、医療事故防止マニュアル、医療廃棄物処理、医療安全管理者（リスクマネージャー）、安全管理委員会、事故調査委員会、医療事故調査制度、産科医療補償制度）を概説できる。,●,患者安全のための管理体制と各々の役割（リスクマネージャー、医療安全管理委員会等）を理解している。,患者安全のための管理体制と各々の役割（リスクマネージャー、医療安全管理委員会等）を理解している。,,,,,,,患者安全のための管理体制と各々の役割（リスクマネージャー、医療安全管理委員会等）を説明できる。,患者安全のための管理体制と各々の役割（リスクマネージャー、医療安全管理委員会等）を説明できる,患者安全のための管理体制と各々の役割（リスクマネージャー、医療安全管理委員会等）を理解している。,説明→理解,,2.0,,患者安全のための管理体制と各々の役割（リスクマネージャー、医療安全管理委員会等）を理解している。,,,,,,,,,,,,
医療の質と患者安全,安全管理体制,医療過誤に関連した刑事・民事責任や医師法に基づく行政処分を理解している。,JlBpVX0,A-06-02-na-03,医療過誤に関連した刑事・民事責任や医師法に基づく行政処分を説明できる。,,医療過誤に関連した刑事・民事責任や医師法に基づく行政処分を理解している。,医療過誤に関連した刑事・民事責任や医師法に基づく行政処分を理解している。,,,,,,,医療過誤に関連した刑事・民事責任や医師法に基づく行政処分を説明できる。,医療過誤に関連した刑事・民事責任や医師法に基づく行政処分を説明できる。,医療過誤に関連した刑事・民事責任や医師法に基づく行政処分を理解している。,説明→理解,,2.0,,医療過誤に関連した刑事・民事責任や医師法に基づく行政処分を理解している。,,,,,,,,,,,,
医療の質と患者安全,感染制御,医療関連感染症に関連したシステム（院内感染対策委員会、院内感染サーベイランス、感染制御チーム、感染対策マニュアル等)の役割や意義を理解して参加する。,JkxoFD8,A-06-01-na-07,医療関連感染症の原因及び回避する方法（院内感染対策委員会、院内感染サーベイランス、院内感染対策チーム(infection control team <ICT>)、感染対策マニュアル等)を概説できる。,,医療関連感染症に関連したシステム（院内感染対策委員会、院内感染サーベイランス、感染制御チーム（ICT）、感染対策マニュアル等)の役割や意義を理解して参加する。,医療関連感染症に関連したシステム（院内感染対策委員会、院内感染サーベイランス、感染制御チーム（ICT）、感染対策マニュアル等)の役割や意義を理解して参加する。,,,,,,,医療関連感染症の原因と対策（院内感染対策委員会、院内感染サーベイランス、感染制御チーム（ICT）、感染対策マニュアル等)を理解し、積極的に参加できる。,医療関連感染症の原因と対策（院内感染対策委員会、院内感染サーベイランス、院内感染対策チーム(infection control team <ICT>)、感染対策マニュアル等)を理解し、積極的に参加できる。,医療関連感染症に関連したシステム（院内感染対策委員会、院内感染サーベイランス、感染制御チーム（ICT）、感染対策マニュアル等)の役割や意義を理解して参加する。,日本語を変更,,2.0,,医療関連感染症に関連したシステム（院内感染対策委員会、院内感染サーベイランス、感染制御チーム（ICT）、感染対策マニュアル等)の役割や意義を理解して参加する。,ICTはこのままでよいか、Information and Communication Technology,,,,,,,,,,,
医療の質と患者安全,感染制御,標準予防策（スタンダード・プリコーション）の必要性を説明し、実践できる。,JkxoFEI,A-06-03-na-02,標準予防策(standard precautions)の必要性を説明し、実行できる。,,標準予防策（スタンダード・プリコーション）の必要性を説明し、実践できる。,標準予防策（Standard precautions）の必要性を説明し、実践できる。,1.0,,標準予防策（スタンダード・プリコーション）の必要性を説明し、実践できる。,専門知識に基づいた問題解決能力にある表記と統一するのはいかがでしょうか。,,,標準予防策（Standard precautions）の必要性を説明し、実践できる。,標準予防策〈standard precautions〉の必要性を説明し、実践できる。,標準予防策（Standard precautions）の必要性を説明し、実践できる。,ママ,,2.0,,標準予防策（Standard precautions）の必要性を説明し、実践できる。,患者ケアと重複する→削除？安全の項目として重視するのであればむしろこちらを残す？,,,,,,,,,,,
医療の質と患者安全,感染制御,針刺切創、体液暴露等に遭遇した際、適切に対処できる。,JlBpVX4,A-06-03-na-04,針刺し事故（針刺切創）等に遭遇した際の対処の仕方を説明できる。,,針刺切創、体液暴露等に遭遇した際、適切に対処できる。,針刺切創、体液暴露等に遭遇した際、適切に対処できる。,,,,,,,針刺切創、体液暴露等に遭遇した際、適切に対処できる。,針刺切創、体液暴露等に遭遇した際、適切に対処できる。,針刺切創、体液暴露等に遭遇した際、適切に対処できる。,ママ,,2.0,,針刺切創、体液暴露等に遭遇した際、適切に対処できる。,文言を変更,,,,,,,,,,,
医療の質と患者安全,患者安全の配慮と促進,基本的予防策（患者確認、ダブルチェック、チェックリスト法、類似名称薬への注意喚起、フェイルセイフ・フールプルーフの考え方等）を実践できる。,JlBpVX8,A-06-02-na-04,基本的予防策（ダブルチェック、チェックリスト法、薬品名称の改善、フェイルセイフ・フールプルーフの考え方等）を概説し、指導医の指導の下に実践できる。,,基本的予防策（患者確認、ダブルチェック、チェックリスト法、類似名称薬への注意喚起、フェイルセイフ・フールプルーフの考え方等）を実践できる。,基本的予防策（患者確認、ダブルチェック、チェックリスト法、類似名称薬への注意喚起、フェイルセイフ・フールプルーフの考え方等）を実践できる。,,,,,基本的予防策（患者確認、ダブルチェック、チェックリスト法、類似名称薬への注意喚起、フェイルセ-フ・フールプルーフの考え方等）を実践できる。,,基本的予防策（患者確認、ダブルチェック、チェックリスト法、類似名称薬への注意喚起、フェイルセイフ・フールプルーフの考え方等）を説明し、実践できる。,基本的予防策（患者確認、ダブルチェック、チェックリスト法、類似名称薬への注意喚起、フェイルセイフ・フールプルーフの考え方等）を説明し、実践できる。,基本的予防策（患者確認、ダブルチェック、チェックリスト法、類似名称薬への注意喚起、フェイルセイフ・フールプルーフの考え方等）を実践できる。,説明→実践,,2.0,,基本的予防策（患者確認、ダブルチェック、チェックリスト法、類似名称薬への注意喚起、フェイルセイフ・フールプルーフの考え方等）を実践できる。,患者確認を追加、類似名称薬への注意喚起と表現の変更,,,,,,,,,,,
医療の質と患者安全,患者安全の配慮と促進,医療の安全性に関する情報（薬剤等の副作用、薬害、医療過誤、やってはいけないこと、優れた取組事例等）を共有し、事後に役立てるための分析ができる。,JkxoFD0,A-06-01-na-04,医療の安全性に関する情報（薬剤等の副作用、薬害、医療過誤（事例や経緯を含む）、やってはいけないこと、優れた取組事例等）を共有し、事後に役立てるための分析の重要性を説明できる。,,医療の安全性に関する情報（薬剤等の副作用、薬害、医療過誤、やってはいけないこと、優れた取組事例等）を共有し、事後に役立てるための分析ができる。,医療の安全性に関する情報（薬剤等の副作用、薬害、医療過誤、やってはいけないこと、優れた取組事例等）を共有し、事後に役立てるための分析ができる。,,,,,,,医療の安全性に関する情報（薬剤等の副作用、薬害、医療過誤、やってはいけないこと、優れた取組事例等）を共有し、事後に役立てるための分析ができる。,医療の安全性に関する情報（薬剤等の副作用、薬害、医療過誤、やってはいけないこと、優れた取組事例等）を共有し、事後に役立てるための分析ができる。,医療の安全性に関する情報（薬剤等の副作用、薬害、医療過誤、やってはいけないこと、優れた取組事例等）を共有し、事後に役立てるための分析ができる。,ママ,,2.0,,医療の安全性に関する情報（薬剤等の副作用、薬害、医療過誤、やってはいけないこと、優れた取組事例等）を共有し、事後に役立てるための分析ができる。,薬剤の誤投与のビデオ→分析 90×2時間,,,,,,,,,,,
医療の質と患者安全,患者安全の実践,個人及び組織における患者安全管理の重要性を理解し、行動できる。,JkxoFDo,A-06-01-na-02,医療上の事故等を防止するためには、個人の注意（ヒューマンエラーの防止）はもとより、組織的なリスク管理（制度・組織エラーの防止）が重要であることを説明できる。,,個人及び組織における患者安全管理の重要性を理解し、行動できる。,個人及び組織における患者安全管理の重要性を理解し、行動できる。,,,,,,,個人及び組織における患者安全管理の重要性を理解し、行動できる。,個人及び組織における患者安全管理の重要性を理解し、行動できる。,個人及び組織における患者安全管理の重要性を理解し、行動できる。,ママ,,2.0,,個人及び組織における患者安全管理の重要性を理解し、行動できる。,患者安全のための個人および組織におけるリスク管理の重要性を理解し、行動できる。ヒューマンファクターズ 90分 講義,,,,,,,,,,,
医療の質と患者安全,患者安全の実践,診療録の重要性を理解し、適切に記載し取り扱うことができる。,JkxoFDs,A-06-01-na-03,医療現場における報告・連絡・相談と記録の重要性や、診療録（カルテ）改竄の違法性を説明できる。,,診療録の重要性を理解し、適切に記載し取り扱うことができる。,診療録の重要性を理解し、適切に記載し取り扱うことができる。,,,,,,,診療録の重要性を理解し、適切に記載し取り扱うことができる。,診療録の重要性を理解し、適切に記載し取り扱うことができる。,診療録の重要性を理解し、適切に記載し取り扱うことができる。,ママ,,2.0,,診療録の重要性を理解し、適切に記載し取り扱うことができる。,"医療現場における報告・連絡・相談を実践し、記録の重要性を理解する。から改変,インシデントレポート、M＆Mカンファ、2 challenge rule",,,,,,,,,,,
医療の質と患者安全,患者安全の実践,真摯に疑義に応じることができる。,JlBpRvs,A-06-01-na-08,真摯に疑義に応じることができる。,,真摯に疑義に応じることができる。,真摯に疑義に応じることができる。,,,,,真摯に疑義照会に応じることができる。,疑義→疑義照会,真摯に疑義に応じることができる。,真摯に疑義に応じることができる。,真摯に疑義に応じることができる。,ママ,,2.0,,真摯に疑義に応じることができる。,患者ケアのための診療技能,,,,,,,,,,,
医療の質と患者安全,患者安全の実践,医療上の事故等（インシデントを含む）が発生した際に、緊急対応や記録、報告できる。,JlBpRvw,"A-06-02-na-01,A-06-02-na-02","医療上の事故等（インシデントを含む）と合併症の違いを説明できる。,医療上の事故等（インシデントを含む）が発生したときの緊急処置や記録、報告を説明し、実践できる。",,医療上の事故等（インシデントを含む）が発生した際に、緊急対応や記録、報告できる。,医療上の事故等（インシデントを含む）が発生した際に、緊急対応や記録、報告することができる。,1.0,,医療上の事故等（インシデントを含む）が発生した際に、緊急対応や記録、報告できる。,「することが」を削除しました。,,,医療上の事故等（インシデントを含む）が発生したときの緊急対応や記録、報告を説明し、実践できる。,医療上の事故等（インシデントを含む）が発生したときの緊急対応や記録、報告を説明し、実践できる。,医療上の事故等（インシデントを含む）が発生した際に、緊急対応や記録、報告することができる。,説明→実践的な動詞,,2.0,,医療上の事故等（インシデントを含む）が発生した際に、緊急対応や記録、報告することができる。,医療上の事故等（インシデントを含む）と合併症の違いを説明できる。をまとめた,,,,,,,,,,,
