臓器,分類,項目名,UID,H28対応項目,H28表記,項目名(202004113)作業用,項目名(20220413),"座長・副座長返答(1.医学教育課の意見を反映,2.原案ママ,3.その他)(20220411)",座長・副座長コメント(20220411),チームからの修正提案(20220317),チームからのコメント(20220317),医学教育課修正案(20220317),医学教育課からのコメント(20220317),項目名(20220302査読直前),修正提案(20220302),査読コメント(20220302),チームからの返信（原案どおりなら１、修正案に賛成なら２）,チームからのコメント（あれば）,削除項目,追加項目,メモ,査読への返答,A,B,C,D,E,F,G,H,I
血液・造血器・リンパ系,構造と機能,骨髄の構造,JlAKpVg,D-01-01-na-01,骨髄の構造を説明できる。,骨髄の構造,骨髄の構造,,,,,,,骨髄の構造,,,,,,,,,,,,,,,,,
血液・造血器・リンパ系,構造と機能,造血幹細胞から各血球への分化と成熟の過程,JlAKpVk,D-01-01-na-02,造血幹細胞から各血球への分化と成熟の過程を説明できる。,造血幹細胞から各血球への分化と成熟の過程,造血幹細胞から各血球への分化と成熟の過程,,,,,,,造血幹細胞から各血球への分化と成熟の過程,,,,,,,,,,,,,,,,,
血液・造血器・リンパ系,構造と機能,主な造血因子（エリスロポエチン、顆粒球コロニー刺激因子（G-CSF）、トロンボポエチン）,JlAKpVo,D-01-01-na-03,主な造血因子（エリスロポエチン、顆粒球コロニー刺激因子(granulocyte-colony stimulating factor <G-CSF>)、トロンボポエチン）を説明できる。,主な造血因子（エリスロポエチン、顆粒球コロニー刺激因子（G-CSF）、トロンボポエチン）,主な造血因子（エリスロポエチン、顆粒球コロニー刺激因子（G-CSF）、トロンボポエチン）,,,,,,,主な造血因子（エリスロポエチン、顆粒球コロニー刺激因子（G-CSF）、トロンボポエチン）,,,,,,,,,,,,,,,,,
血液・造血器・リンパ系,構造と機能,脾臓、胸腺、リンパ節、扁桃とPeyer板の構造と機能,JlAKpVs,D-01-01-na-04,脾臓、胸腺、リンパ節、扁桃とPeyer板の構造と機能を説明できる。,脾臓、胸腺、リンパ節、扁桃とPeyer板の構造と機能,脾臓、胸腺、リンパ節、扁桃とPeyer板の構造と機能,,,,,,,脾臓、胸腺、リンパ節、扁桃とPeyer板の構造と機能,脾臓、胸腺、リンパ節、扁桃とパイエル板の構造と機能,,,,,,,,,,,,,,,,
血液・造血器・リンパ系,構造と機能,血漿タンパク質の種類と機能,JlAKpVw,D-01-01-na-05,血漿タンパク質の種類と機能を説明できる。,血漿タンパク質の種類と機能,血漿タンパク質の種類と機能,,,,,,,血漿タンパク質の種類と機能,,,,,,,,,,,,,,,,,
血液・造血器・リンパ系,構造と機能,赤血球とヘモグロビンの構造と機能,JlAKpV0,D-01-01-na-06,赤血球とヘモグロビンの構造と機能を説明できる。,赤血球とヘモグロビンの構造と機能,赤血球とヘモグロビンの構造と機能,,,,,,,赤血球とヘモグロビンの構造と機能,,,,,,,,,,,,,,,,,
血液・造血器・リンパ系,構造と機能,白血球の種類と機能,JlAKpV4,D-01-01-na-07,白血球の種類と機能を説明できる。,白血球の種類と機能,白血球の種類と機能,,,,,,,白血球の種類と機能,,,,,,,,,,,,,,,,,
血液・造血器・リンパ系,構造と機能,血小板の機能と止血や凝固・線溶の機序,JlAKpV8,D-01-01-na-08,血小板の機能と止血や凝固・線溶の機序を説明できる。,血小板の機能と止血や凝固・線溶の機序,血小板の機能と止血や凝固・線溶の機序,,,,,,,血小板の機能と止血や凝固・線溶の機序,,,,,,,,,,,,,,,,,
血液・造血器・リンパ系,症候,発熱,JlAKpWA,"D-01-03-na-01,D-01-03-na-02, D-01-03-na-03, D-01-03-na-04, D-01-03-na-05, D-01-03-na-06,","発熱,全身倦怠感,黄疸,貧血,出血傾向,リンパ節腫脹,{not found: }",発熱,発熱,,,,,,,発熱,,,,,"D-01-03-na-04, D-01-03-na-05, D-01-03-na-07",,,,,,,,,,,,
血液・造血器・リンパ系,症候,全身倦怠感,JlAKpWE,"D-01-03-na-01,D-01-03-na-02, D-01-03-na-03, D-01-03-na-04, D-01-03-na-05, D-01-03-na-06,","発熱,全身倦怠感,黄疸,貧血,出血傾向,リンパ節腫脹,{not found: }",全身倦怠感,全身倦怠感,,,,,,,全身倦怠感,,,,,"D-01-03-na-04, D-01-03-na-05, D-01-03-na-07",,,,,,,,,,,,
血液・造血器・リンパ系,症候,黄疸,JlAKpWI,"D-01-03-na-01,D-01-03-na-02, D-01-03-na-03, D-01-03-na-04, D-01-03-na-05, D-01-03-na-06,","発熱,全身倦怠感,黄疸,貧血,出血傾向,リンパ節腫脹,{not found: }",黄疸,黄疸,,,,,,,黄疸,,,,,"D-01-03-na-04, D-01-03-na-05, D-01-03-na-07",,,,,,,,,,,,
血液・造血器・リンパ系,症候,リンパ節腫脹,JlAKpWM,"D-01-03-na-01,D-01-03-na-02, D-01-03-na-03, D-01-03-na-04, D-01-03-na-05, D-01-03-na-06,","発熱,全身倦怠感,黄疸,貧血,出血傾向,リンパ節腫脹,{not found: }",リンパ節腫脹,リンパ節腫脹,,,,,,,リンパ節腫脹,,,,,"D-01-03-na-04, D-01-03-na-05, D-01-03-na-07",,,,,,,,,,,,
血液・造血器・リンパ系,症候,貧血,JlAKpWQ,"D-01-03-na-04, D-01-03-na-05,","貧血,出血傾向,{not found: }",貧血,貧血,,,,,,,貧血,,,,,,血栓傾向,,,,,,,,,,,
血液・造血器・リンパ系,症候,出血傾向,JlAKpWU,"D-01-03-na-04, D-01-03-na-05,","貧血,出血傾向,{not found: }",出血傾向,出血傾向,,,,,,,出血傾向,,,,,,血栓傾向,,,,,,,,,,,
血液・造血器・リンパ系,症候,血栓傾向,JlAKpWY,"D-01-03-na-04, D-01-03-na-05,","貧血,出血傾向,{not found: }",血栓傾向,血栓傾向,,,,,,,血栓傾向,,,,,,血栓傾向,,,,,,,,,,,
血液・造血器・リンパ系,検査方法,末梢血塗抹,JlAKpWg,D-01-02-na-01,末梢血の血球数の基準値とその変化の意義を説明できる。,末梢血塗抹,末梢血塗抹,,,,,,,末梢血塗抹,,,,,末梢血の血球数の基準値とその変化の意義,末梢血塗抹,シンプルな表現に（国試ガイドp8に従う）,,,,,,,,,,
血液・造血器・リンパ系,検査方法,凝固・線溶・血小板機能検査,JlAKpWk,,,凝固・線溶・血小板機能検査,凝固・線溶・血小板機能検査,,,,,,,凝固・線溶・血小板機能検査,,,,,,,新規,,,,,,,,,,
血液・造血器・リンパ系,検査方法,骨髄検査（骨髄穿刺、骨髄生検）,JlAKpWo,D-01-02-na-02,骨髄検査（骨髄穿刺、骨髄生検）を説明できる。,骨髄検査（骨髄穿刺、骨髄生検）,骨髄検査（骨髄穿刺、骨髄生検）,,,,,,,骨髄検査（骨髄穿刺、骨髄生検）,,,,,,,,,,,,,,,,,
血液・造血器・リンパ系,検査方法,輸血関連検査,JlAKpWs,,,輸血関連検査,輸血関連検査,,,,,,,輸血関連検査,,,,,,,新規,,,,,,,,,,
血液・造血器・リンパ系,検査方法,タンパク分画、免疫電気泳動,JlAKpWw,D-01-02-na-02,骨髄検査（骨髄穿刺、骨髄生検）を説明できる。,タンパク分画、免疫電気泳動,タンパク分画、免疫電気泳動,,,,,,,タンパク分画、免疫電気泳動,,査読Dが保留,1.0,,,免疫電気泳動,血清・尿があるので検体名は削除した,,,,,免疫固定法を追記,,,,,
血液・造血器・リンパ系,検査方法,遺伝子・染色体検査,JlAKpW0,,,遺伝子・染色体検査,遺伝子・染色体検査,,,,,,,遺伝子・染色体検査,,,,,,,新規,,,,,,,,,,
血液・造血器・リンパ系,特異的治療法,輸血,JlAKpW4,,,輸血,輸血,,,,,,,輸血,,,,,,,新規,,,,,,,,,,
血液・造血器・リンパ系,特異的治療法,造血幹細胞移植,JlAKpW8,,,造血幹細胞移植,造血幹細胞移植,,,,,,,造血幹細胞移植,,,,,,,新規,,,,,,,,,,
神経系,構造と機能,中枢神経系と末梢神経系の構成,JlAKpXU,D-02-01-01-01,中枢神経系と末梢神経系の構成を概説できる。,中枢神経系と末梢神経系の構成,中枢神経系と末梢神経系の構成,,,,,,,中枢神経系と末梢神経系の構成,,,,,D-02-01-03-03,,,,,,,,,,,,
神経系,構造と機能,脳の血管支配と血液脳関門,JlAKpXY,D-02-01-01-02,脳の血管支配と血液脳関門を説明できる。,脳の血管支配と血液脳関門,脳の血管支配と血液脳関門,,,,,,,脳の血管支配と血液脳関門,,,,,D-02-01-04-02,,,,,,,,,,,,
神経系,構造と機能,脳のエネルギー代謝の特徴,JlAKpXc,D-02-01-01-03,脳のエネルギー代謝の特徴を説明できる。,脳のエネルギー代謝の特徴,脳のエネルギー代謝の特徴,,,,,,,脳のエネルギー代謝の特徴,,,,,,,,,,,,,,,,,
神経系,構造と機能,主な脳内神経伝達物質（アセチルコリン・ドパミン・ノルアドレナリン）とその作用,JlAKpXg,D-02-01-01-04,主な脳内神経伝達物質（アセチルコリン、ドパミン、ノルアドレナリン）とその作用を説明できる。,主な脳内神経伝達物質（アセチルコリン・ドパミン・ノルアドレナリン）とその作用,主な脳内神経伝達物質（アセチルコリン・ドパミン・ノルアドレナリン）とその作用,,,,,,,主な脳内神経伝達物質（アセチルコリン・ドパミン・ノルアドレナリン）とその作用,,査読Eが保留,1.0,,,,,,,,,,ノルアドレナリンは割愛できないか（精神科領域では重要かもしれないが）？,,,,
神経系,構造と機能,髄膜・脳室系の構造と脳脊髄液の産生と循環,JlAKpXk,D-02-01-01-05,髄膜・脳室系の構造と脳脊髄液の産生と循環を説明できる。,髄膜・脳室系の構造と脳脊髄液の産生と循環,髄膜・脳室系の構造と脳脊髄液の産生と循環,,,,,,,髄膜・脳室系の構造と脳脊髄液の産生と循環,,,,,,,,,,,,,,,,,
神経系,構造と機能,脊髄の構造、機能局在と伝導路,JlAKpXo,D-02-01-02-01,脊髄の構造、機能局在と伝導路を説明できる。,脊髄の構造、機能局在と伝導路,脊髄の構造、機能局在と伝導路,,,,,,,脊髄の構造、機能局在と伝導路,,,,,,,,,,,,,,,,,
神経系,構造と機能,脊髄反射（伸張反射、屈筋反射）と筋の相反神経支配,JlAKpXs,D-02-01-02-02,脊髄反射（伸張反射、屈筋反射）と筋の相反神経支配を説明できる。,脊髄反射（伸張反射、屈筋反射）と筋の相反神経支配,脊髄反射（伸張反射、屈筋反射）と筋の相反神経支配,,,,,,,脊髄反射（伸張反射、屈筋反射）と筋の相反神経支配,,,,,,,,,,,,,,,,,
神経系,構造と機能,脊髄神経と神経叢（頸・腕・腰仙骨）の構成および主な骨格筋支配と皮膚分布（デルマトーム）,JlAKpXw,D-02-01-02-03,脊髄神経と神経叢（頸神経叢、腕神経叢、腰神経叢、仙骨神経叢）の構成及び主な骨格筋支配と皮膚分布（デルマトーム）を概説できる。,脊髄神経と神経叢（頸・腕・腰仙骨）の構成および主な骨格筋支配と皮膚分布（デルマトーム）,脊髄神経と神経叢（頸・腕・腰仙骨）の構成および主な骨格筋支配と皮膚分布（デルマトーム）,,,,,,,脊髄神経と神経叢（頸・腕・腰仙骨）の構成および主な骨格筋支配と皮膚分布（デルマトーム）,,,,,,,,,,,,,,,,,
神経系,構造と機能,脳幹の構造と機能、および伝導路,JlAKpX0,"D-02-01-03-01, D-02-01-03-03","脳幹の構造と伝導路を説明できる。,脳幹の機能を概説できる。",脳幹の構造と機能、および伝導路,脳幹の構造と機能、および伝導路,,,,,,,脳幹の構造と機能、および伝導路,,,,,,,,,,,,,,,,,
神経系,構造と機能,脳神経の名称、核の局在、走行・分布と機能,JlAKpX4,D-02-01-03-02,脳神経の名称、核の局在、走行・分布と機能を概説できる。,脳神経の名称、核の局在、走行・分布と機能,脳神経の名称、核の局在、走行・分布と機能,,,,,,,脳神経の名称、核の局在、走行・分布と機能,,,,,,,,,,,,,,,,,
神経系,構造と機能,大脳の構造と大脳皮質の機能局在（運動野・感覚野・言語野）,JlAKpX8,"D-02-01-04-01,D-02-01-04-02","大脳の構造を説明できる。,大脳皮質の機能局在（運動野・感覚野・言語野）を説明できる。",大脳の構造と大脳皮質の機能局在（運動野・感覚野・言語野）,大脳の構造と大脳皮質の機能局在（運動野・感覚野・言語野）,,,,,,,大脳の構造と大脳皮質の機能局在（運動野・感覚野・言語野）,,,,,,,,,,,,,,,,,
神経系,構造と機能,辺縁系の構造と記憶・学習の機序との関連,JlAKpYA,D-02-01-04-03,記憶、学習の機序を辺縁系の構成と関連させて概説できる。,辺縁系の構造と記憶・学習の機序との関連,辺縁系の構造と記憶・学習の機序との関連,,,,,,,辺縁系の構造と記憶・学習の機序との関連,,,,,,,,,,,,,,,,,
神経系,構造と機能,錐体路を中心とした随意運動の発現機構,JlAKpYE,D-02-01-05-01,随意運動の発現機構を錐体路を中心として概説できる。,錐体路を中心とした随意運動の発現機構,錐体路を中心とした随意運動の発現機構,,,,,,,錐体路を中心とした随意運動の発現機構,,,,,,,,,,,,,,,,,
神経系,構造と機能,小脳の構造と機能,JlAKpYI,D-02-01-05-02,小脳の構造と機能を概説できる。,小脳の構造と機能,小脳の構造と機能,,,,,,,小脳の構造と機能,,,,,,,,,,,,,,,,,
神経系,構造と機能,大脳基底核（線条体・淡蒼球・黒質）の線維結合と機能,JlAKpYM,D-02-01-05-03,大脳基底核（線条体、淡蒼球、黒質）の線維結合と機能を概説できる。,大脳基底核（線条体・淡蒼球・黒質）の線維結合と機能,大脳基底核（線条体・淡蒼球・黒質）の線維結合と機能,,,,,,,大脳基底核（線条体・淡蒼球・黒質）の線維結合と機能,,,,,,,,,,,,,,,,,
神経系,構造と機能,痛覚、温度覚、触覚と深部感覚の受容機序と伝導路,JlAKpYQ,D-02-01-06-01,痛覚、温度覚、触覚と深部感覚の受容機序と伝導路を説明できる。,痛覚、温度覚、触覚と深部感覚の受容機序と伝導路,痛覚、温度覚、触覚と深部感覚の受容機序と伝導路,,,,,,,痛覚、温度覚、触覚と深部感覚の受容機序と伝導路,,,,,,,,,,,,,,,,,
神経系,構造と機能,視覚、聴覚・平衡覚、嗅覚、味覚の受容機序と伝導路,JlAKpYU,D-02-01-06-02,視覚、聴覚・平衡覚、嗅覚、味覚の受容機序と伝導路を概説できる。,視覚、聴覚・平衡覚、嗅覚、味覚の受容機序と伝導路,視覚、聴覚・平衡覚、嗅覚、味覚の受容機序と伝導路,,,,,,,視覚、聴覚・平衡覚、嗅覚、味覚の受容機序と伝導路,,,,,,,,,,,,,,,,,
神経系,構造と機能,交感神経系と副交感神経系の中枢内局在、末梢分布、機能と伝達物質,JlAKpYY,D-02-01-07-01,交感神経系と副交感神経系の中枢内局在、末梢分布、機能と伝達物質を概説できる。,交感神経系と副交感神経系の中枢内局在、末梢分布、機能と伝達物質,交感神経系と副交感神経系の中枢内局在、末梢分布、機能と伝達物質,,,,,,,交感神経系と副交感神経系の中枢内局在、末梢分布、機能と伝達物質,,,,,,,,,,,,,,,,,
神経系,構造と機能,内分泌および自律機能と関連づけた視床下部の構造と機能,JlAKpYc,D-02-01-07-02,視床下部の構造と機能を内分泌及び自律機能と関連付けて概説できる。,内分泌および自律機能と関連づけた視床下部の構造と機能,内分泌および自律機能と関連づけた視床下部の構造と機能,,,,,,,内分泌および自律機能と関連づけた視床下部の構造と機能,,,,,,,,,,,,,,,,,
神経系,構造と機能,ストレス反応と本能・情動行動の発現機序,JlAKpYg,D-02-01-07-03,ストレス反応と本能・情動行動の発現機序を概説できる。,ストレス反応と本能・情動行動の発現機序,ストレス反応と本能・情動行動の発現機序,,,,,,,ストレス反応と本能・情動行動の発現機序,,,,,,,,,,,,,,,,,
神経系,症候,頭痛,JlAKpYk,"D-02-03-na-01, D-02-03-na-02, D-02-03-na-03, D-02-03-na-04, D-02-03-na-05","けいれん,意識障害・失神,めまい,頭痛,運動麻痺・筋力低下",頭痛,頭痛,,,,,,,頭痛,,,,,,⑤運動麻痺・筋力低下、⑥歩行障害、⑦感覚障害,,,,,,,,,,,
神経系,症候,めまい,JlAKpYo,"D-02-03-na-01, D-02-03-na-02, D-02-03-na-03, D-02-03-na-04, D-02-03-na-05","けいれん,意識障害・失神,めまい,頭痛,運動麻痺・筋力低下",めまい,めまい,,,,,,,めまい,,,,,,⑤運動麻痺・筋力低下、⑥歩行障害、⑦感覚障害,,,,,,,,,,,
神経系,症候,けいれん,JlAKpYs,"D-02-03-na-01, D-02-03-na-02, D-02-03-na-03, D-02-03-na-04, D-02-03-na-05","けいれん,意識障害・失神,めまい,頭痛,運動麻痺・筋力低下",けいれん,けいれん,,,,,,,けいれん,,,,,,⑤運動麻痺・筋力低下、⑥歩行障害、⑦感覚障害,,,,,,,,,,,
神経系,症候,意識障害,JlAKpYw,"D-02-03-na-01, D-02-03-na-02, D-02-03-na-03, D-02-03-na-04, D-02-03-na-05","けいれん,意識障害・失神,めまい,頭痛,運動麻痺・筋力低下",意識障害,意識障害,,,,,,,意識障害,,,,,,⑤運動麻痺・筋力低下、⑥歩行障害、⑦感覚障害,,,,,,,,,,,
神経系,症候,運動麻痺・筋力低下,JlAKpY4,"D-02-03-na-01, D-02-03-na-02, D-02-03-na-03, D-02-03-na-04, D-02-03-na-05","けいれん,意識障害・失神,めまい,頭痛,運動麻痺・筋力低下",運動麻痺・筋力低下,運動麻痺・筋力低下,,,,,,,運動麻痺・筋力低下,,,,,,⑤運動麻痺・筋力低下、⑥歩行障害、⑦感覚障害,,,,,,,,,,,
神経系,症候,歩行障害,JlAKpY8,"D-02-03-na-01, D-02-03-na-02, D-02-03-na-03, D-02-03-na-04, D-02-03-na-05","けいれん,意識障害・失神,めまい,頭痛,運動麻痺・筋力低下",歩行障害,歩行障害,,,,,,,歩行障害,,,,,,⑤運動麻痺・筋力低下、⑥歩行障害、⑦感覚障害,,,,,,,,,,,
神経系,症候,感覚障害,JlAKpZA,"D-02-03-na-01, D-02-03-na-02, D-02-03-na-03, D-02-03-na-04, D-02-03-na-05","けいれん,意識障害・失神,めまい,頭痛,運動麻痺・筋力低下",感覚障害,感覚障害,,,,,,,感覚障害,,,,,,⑤運動麻痺・筋力低下、⑥歩行障害、⑦感覚障害,,,,,,,,,,,
神経系,症候,認知障害,JlAKpZE,"D-02-03-na-01, D-02-03-na-02, D-02-03-na-03, D-02-03-na-04, D-02-03-na-05","けいれん,意識障害・失神,めまい,頭痛,運動麻痺・筋力低下",認知障害,認知障害,,,,,,,認知障害,,,,,,⑤運動麻痺・筋力低下、⑥歩行障害、⑦感覚障害,,,,,,,,,,,
神経系,症候,失語症・構音障害,JlAKpZI,"D-02-03-01-01, D-02-03-01-02,　D-02-03-01-03, D-02-03-03-01, D-02-03-04-02, D-02-03-04-03","{not found: D-02-03-01-01},{not found:  D-02-03-01-02},{not found: 　D-02-03-01-03},歩行障害を病態に基づいて分類できる。,{not found:  D-02-03-04-02},{not found:  D-02-03-04-03}",失語症・構音障害,失語症・構音障害,,,,,,,失語症・構音障害,,査読G保留,1.0,,D-02-03-04-01,,,,,,,,,,言語障害（失語症・構音障害）にするのはいかがでしょうか。,,
神経系,症候,振戦,JlAKpZM,"D-02-03-01-01, D-02-03-01-02,　D-02-03-01-03, D-02-03-03-01, D-02-03-04-02, D-02-03-04-03","{not found: D-02-03-01-01},{not found:  D-02-03-01-02},{not found: 　D-02-03-01-03},歩行障害を病態に基づいて分類できる。,{not found:  D-02-03-04-02},{not found:  D-02-03-04-03}",振戦,振戦,,,,,,,振戦,,,,,D-02-03-04-01,,,,,,,,,,,,
神経系,症候,小脳性・前庭性・感覚性運動失調障害,JlAKpZQ,"D-02-03-01-01, D-02-03-01-02,　D-02-03-01-03, D-02-03-03-01, D-02-03-04-02, D-02-03-04-03","{not found: D-02-03-01-01},{not found:  D-02-03-01-02},{not found: 　D-02-03-01-03},歩行障害を病態に基づいて分類できる。,{not found:  D-02-03-04-02},{not found:  D-02-03-04-03}",小脳性・前庭性・感覚性運動失調障害,小脳性・前庭性・感覚性運動失調障害,,,,,,,小脳性・前庭性・感覚性運動失調障害,,,,,D-02-03-04-01,,,,,,,,,,,,
神経系,症候,不随意運動（ミオクローヌス・舞踏運動・ジストニア・固定姿勢保持困難・アテトーシス・チック）,JlAKpZU,"D-02-03-01-01, D-02-03-01-02,　D-02-03-01-03, D-02-03-03-01, D-02-03-04-02, D-02-03-04-03","{not found: D-02-03-01-01},{not found:  D-02-03-01-02},{not found: 　D-02-03-01-03},歩行障害を病態に基づいて分類できる。,{not found:  D-02-03-04-02},{not found:  D-02-03-04-03}",不随意運動（ミオクローヌス・舞踏運動・ジストニア・固定姿勢保持困難・アテトーシス・チック）,不随意運動（ミオクローヌス・舞踏運動・ジストニア・固定姿勢保持困難・アテトーシス・チック）,,,,,,,不随意運動（ミオクローヌス・舞踏運動・ジストニア・固定姿勢保持困難・アテトーシス・チック）,,,,,D-02-03-04-01,,,,,,,,,,,,
神経系,症候,頭蓋内圧亢進（急性・慢性）,JlAKpZY,"D-02-03-01-01, D-02-03-01-02,　D-02-03-01-03, D-02-03-03-01, D-02-03-04-02, D-02-03-04-03","{not found: D-02-03-01-01},{not found:  D-02-03-01-02},{not found: 　D-02-03-01-03},歩行障害を病態に基づいて分類できる。,{not found:  D-02-03-04-02},{not found:  D-02-03-04-03}",頭蓋内圧亢進（急性・慢性）,頭蓋内圧亢進（急性・慢性）,,,,,,,頭蓋内圧亢進（急性・慢性）,,,,,D-02-03-04-01,,,,,,,,,,,,
神経系,症候,脳ヘルニア,JlAKpZc,"D-02-03-01-01, D-02-03-01-02,　D-02-03-01-03, D-02-03-03-01, D-02-03-04-02, D-02-03-04-03","{not found: D-02-03-01-01},{not found:  D-02-03-01-02},{not found: 　D-02-03-01-03},歩行障害を病態に基づいて分類できる。,{not found:  D-02-03-04-02},{not found:  D-02-03-04-03}",脳ヘルニア,脳ヘルニア,,,,,,,脳ヘルニア,,,,,D-02-03-04-01,,,,,,,,,,,,
神経系,検査方法,脳・脊髄の画像検査（CT・MRI）,JlAKpZg,D-02-02-na-01,脳・脊髄のコンピュータ断層撮影(computed tomography <CT>)・磁気共鳴画像法(magnetic resonance imaging <MRI>)検査の適応と異常所見を説明し、結果を解釈できる。,脳・脊髄の画像検査（CT・MRI）,脳・脊髄の画像検査（CT・MRI）,,,,,,,脳・脊髄の画像検査（CT・MRI）,,,,,,,"CT, MRIのフルスペルを削除し簡略化",,,,,,,,,,
神経系,検査方法,神経系の電気生理学的検査(脳波検査、針筋電図検査、末梢神経伝導検査）,JlAKpZk,D-02-02-na-02,神経系の電気生理学的検査（脳波検査、筋電図、末梢神経伝導検査）で得られる情報を説明できる。,神経系の電気生理学的検査(脳波検査、針筋電図検査、末梢神経伝導検査）,神経系の電気生理学的検査(脳波検査、針筋電図検査、末梢神経伝導検査）,,,,,,,神経系の電気生理学的検査(脳波検査、針筋電図検査、末梢神経伝導検査）,,,,,,,,,,,,,,,,,
神経系,特異的治療法,脳血管障害の急性期治療とリハビリテーション医療,JlAKpZo,D-02-04-01-02,脳血管障害の治療と急性期・回復期・維持期（生活期）のリハビリテーション医療を概説できる。,脳血管障害の急性期治療とリハビリテーション医療,脳血管障害の急性期治療とリハビリテーション医療,,,,,,,脳血管障害の急性期治療とリハビリテーション医療,,,,,,,,,,,,,,,,,
皮膚系,構造と機能,皮膚の組織構造,JlAKpaM,D-03-01-na-01,皮膚の組織構造を図示して説明できる。,皮膚の組織構造,皮膚の組織構造,,,,,,,皮膚の組織構造,,,,,,,,,,,,,,,,,
皮膚系,構造と機能,皮膚の細胞動態と角化の機構,JlAKpaQ,D-03-01-na-02,皮膚の細胞動態と角化の機構を説明できる。,皮膚の細胞動態と角化の機構,皮膚の細胞動態と角化の機構,,,,,,,皮膚の細胞動態と角化の機構,,,,,,,,,,,,,,,,,
皮膚系,構造と機能,皮膚の免疫防御能,JlAKpaU,D-03-01-na-03,皮膚の免疫防御能を説明できる。,皮膚の免疫防御能,皮膚の免疫防御能,,,,,,,皮膚の免疫防御能,,,,,,,,,,,,,,,,,
皮膚系,症候,皮疹（紅斑・紫斑・色素斑・丘疹・結節・腫瘤・水疱・膿疱・嚢腫・びらん・潰瘍・毛細血管拡張・硬化・瘢痕・萎縮・鱗屑・痂皮・苔癬化・壊疽）,JlAKpaY,D-03-03-na-01,発疹,皮疹（紅斑・紫斑・色素斑・丘疹・結節・腫瘤・水疱・膿疱・嚢腫・びらん・潰瘍・毛細血管拡張・硬化・瘢痕・萎縮・鱗屑・痂皮・苔癬化・壊疽）,皮疹（紅斑・紫斑・色素斑・丘疹・結節・腫瘤・水疱・膿疱・嚢腫・びらん・潰瘍・毛細血管拡張・硬化・瘢痕・萎縮・鱗屑・痂皮・苔癬化・壊疽）,,,,,,,皮疹（紅斑・紫斑・色素斑・丘疹・結節・腫瘤・水疱・膿疱・嚢腫・びらん・潰瘍・毛細血管拡張・硬化・瘢痕・萎縮・鱗屑・痂皮・苔癬化・壊疽）,,,,,,具体的な皮膚所見を加えました（医師国家試験ガイドラインに準じて）,発疹（rash）とは一過性の皮疹を総称する用語である。ゆえに皮疹にしませんか（そもそも班に通知をお願いしたいと思います。）,,,,,,,,,,
皮膚系,症候,そう痒,JlAKpac,D-03-03-na-01,発疹,そう痒,そう痒,,,,,,,そう痒,,,,,,具体的な皮膚所見を加えました（医師国家試験ガイドラインに準じて）,発疹（rash）とは一過性の皮疹を総称する用語である。ゆえに皮疹にしませんか（そもそも班に通知をお願いしたいと思います。）,,,,,,,,,,
皮膚系,症候,粘膜疹,JlAKpag,D-03-03-na-01,発疹,粘膜疹,粘膜疹,,,,,,,粘膜疹,,,,,,具体的な皮膚所見を加えました（医師国家試験ガイドラインに準じて）,発疹（rash）とは一過性の皮疹を総称する用語である。ゆえに皮疹にしませんか（そもそも班に通知をお願いしたいと思います。）,,,,,,,,,,
皮膚系,症候,脱毛,JlAKpak,D-03-03-na-01,発疹,脱毛,脱毛,,,,,,,脱毛,,,,,,具体的な皮膚所見を加えました（医師国家試験ガイドラインに準じて）,発疹（rash）とは一過性の皮疹を総称する用語である。ゆえに皮疹にしませんか（そもそも班に通知をお願いしたいと思います。）,,,,,,,,,,
皮膚系,検査方法,皮膚検査法（硝子圧法・皮膚描記法（Darier 徴候）・Nikolsky 現象・Tzanck 試験・光線テスト）,JlAKpao,D-03-02-na-01,皮膚検査法（硝子圧法、皮膚描記法（Darier徴候）、Nikolsky現象、Tzanck試験、光線テスト）を概説できる。,皮膚検査法（硝子圧法・皮膚描記法（Darier 徴候）・Nikolsky 現象・Tzanck 試験・光線テスト）,皮膚検査法（硝子圧法・皮膚描記法(Darier 徴候)・Nikolsky 現象・Tzanck 試験・光線テスト）,1.0,,,,皮膚検査法（硝子圧法・皮膚描記法（Darier 徴候）・Nikolsky 現象・Tzanck 試験・光線テスト）,,皮膚検査法（硝子圧法・皮膚描記法(Darier 徴候)・Nikolsky 現象・Tzanck 試験・光線テスト）,皮膚検査法（硝子圧法・皮膚描記法(ダリエ徴候)・ニコルスキー現象・ツァンク試験・光線テスト）,,,,,,,,,,,,,,,,
皮膚系,検査方法,皮膚アレルギー検査法（プリックテスト・皮内テスト・パッチテスト）,JlAKpas,D-03-02-na-02,皮膚アレルギー検査法（プリックテスト、皮内テスト、パッチテスト）を説明できる。,皮膚アレルギー検査法（プリックテスト・皮内テスト・パッチテスト）,皮膚アレルギー検査法（プリックテスト・皮内テスト・パッチテスト）,,,,,,,皮膚アレルギー検査法（プリックテスト・皮内テスト・パッチテスト）,,,,,,,,,,,,,,,,,
皮膚系,検査方法,微生物検査法（検体採取法・苛性カリ（KOH）直接検鏡法）,JlAKpaw,D-03-02-na-03,微生物検査法（検体採取法、苛性カリ<KOH>直接検鏡法）を概説できる。,微生物検査法（検体採取法・苛性カリ（KOH）直接検鏡法）,微生物検査法（検体採取法・苛性カリ（KOH）直接検鏡法）,,,,,,,微生物検査法（検体採取法・苛性カリ（KOH）直接検鏡法）,微生物検査法（検体採取法・苛性カリ(KOH)直接検鏡法）,,,,,,,,,,,,,,,,
皮膚系,検査方法,ダーモスコピー,JlAKpa0,,,ダーモスコピー,ダーモスコピー,,,,,,,ダーモスコピー,,,,,,新設,,,,,,,,,,,
皮膚系,特異的治療法,外用療法,JlAKpa4,,,外用療法,外用療法,,,,,,,外用療法,,,,,,新設,,,,,,,,,,,
皮膚系,特異的治療法,凍結療法,JlAKpa8,,,凍結療法,凍結療法,,,,,,,凍結療法,,,,,,新設,,,,,,,,,,,
皮膚系,特異的治療法,光線療法（PUVA療法）,JlAKpbA,,,光線療法（PUVA療法）,光線療法（PUVA療法）,,,,,,,光線療法（PUVA療法）,,,,,,新設,,,,,,,,,,,
運動器（筋骨格）系,構造と機能,骨・軟骨・関節・靱帯の構成と機能,JlAKpb0,D-04-01-na-01,骨・軟骨・関節・靱帯の構成と機能を説明できる。,骨・軟骨・関節・靱帯の構成と機能,骨・軟骨・関節・靱帯の構成と機能,,,,,,,骨・軟骨・関節・靱帯の構成と機能,,,,,,,,,,,,,,,,,
運動器（筋骨格）系,構造と機能,頭頸部の構成,JlAKpb4,D-04-01-na-02,頭頸部の構成を説明できる。,頭頸部の構成,頭頸部の構成,,,,,,,頭頸部の構成,,,,,,,,,,,,,,,,,
運動器（筋骨格）系,構造と機能,脊柱の構成と機能,JlAKpb8,D-04-01-na-03,脊柱の構成と機能を説明できる。,脊柱の構成と機能,脊柱の構成と機能,,,,,,,脊柱の構成と機能,,,,,,,,,,,,,,,,,
運動器（筋骨格）系,構造と機能,四肢の骨格、主要筋群の運動と神経支配,JlAKpcA,D-04-01-na-04,四肢の骨格、主要筋群の運動と神経支配を説明できる。,四肢の骨格、主要筋群の運動と神経支配,四肢の骨格、主要筋群の運動と神経支配,,,,,,,四肢の骨格、主要筋群の運動と神経支配,,,,,,,,,,,,,,,,,
運動器（筋骨格）系,構造と機能,骨盤の構成と性差,JlAKpcE,D-04-01-na-05,骨盤の構成と性差を説明できる。,骨盤の構成と性差,骨盤の構成と性差,,,,,,,骨盤の構成と性差,,,,,,,,,,,,,,,,,
運動器（筋骨格）系,構造と機能,骨の成長と骨形成・吸収の機序,JlAKpcI,D-04-01-na-06,骨の成長と骨形成・吸収の機序を説明できる。,骨の成長と骨形成・吸収の機序,骨の成長と骨形成・吸収の機序,,,,,,,骨の成長と骨形成・吸収の機序,,,,,,,,,,,,,,,,,
運動器（筋骨格）系,構造と機能,姿勢と体幹の運動にかかわる筋群,JlAKpcM,D-04-01-na-07,姿勢と体幹の運動にかかわる筋群を概説できる。,姿勢と体幹の運動にかかわる筋群,姿勢と体幹の運動にかかわる筋群,,,,,,,姿勢と体幹の運動にかかわる筋群,,,,,,,,,,,,,,,,,
運動器（筋骨格）系,構造と機能,抗重力筋,JlAKpcQ,D-04-01-na-08,抗重力筋を説明できる。,抗重力筋,抗重力筋,,,,,,,抗重力筋,削除,査読者Eの意見,2.0,,,,,,,,,,8で代替可。∴割愛,,,,
運動器（筋骨格）系,症候,運動麻痺・筋力低下,JlAKpcU,"D-04-03-na-01, D-04-03-na-02, D-04-03-na-03","運動麻痺・筋力低下,関節痛・関節腫脹,腰背部痛",運動麻痺・筋力低下,運動麻痺・筋力低下,,,,,,,運動麻痺・筋力低下,,,,,,"D-04-03-na-04, D-04-03-na-05",※歩行障害、感覚障害を追加下さい（宮地先生報告書より）,,,,,,,,,,
運動器（筋骨格）系,症候,関節痛・関節腫脹,JlAKpcY,"D-04-03-na-01, D-04-03-na-02, D-04-03-na-03","運動麻痺・筋力低下,関節痛・関節腫脹,腰背部痛",関節痛・関節腫脹,関節痛・関節腫脹,,,,,,,関節痛・関節腫脹,,,,,,"D-04-03-na-04, D-04-03-na-05",※歩行障害、感覚障害を追加下さい（宮地先生報告書より）,,,,,,,,,,
運動器（筋骨格）系,症候,腰背部痛,JlAKpcc,"D-04-03-na-01, D-04-03-na-02, D-04-03-na-03","運動麻痺・筋力低下,関節痛・関節腫脹,腰背部痛",腰背部痛,腰背部痛,,,,,,,腰背部痛,,,,,,"D-04-03-na-04, D-04-03-na-05",※歩行障害、感覚障害を追加下さい（宮地先生報告書より）,,,,,,,,,,
運動器（筋骨格）系,症候,歩行障害,JlAKpcg,"D-04-03-na-01, D-04-03-na-02, D-04-03-na-03","運動麻痺・筋力低下,関節痛・関節腫脹,腰背部痛",歩行障害,歩行障害,,,,,,,歩行障害,,,,,,"D-04-03-na-04, D-04-03-na-05",※歩行障害、感覚障害を追加下さい（宮地先生報告書より）,,,,,,,,,,
運動器（筋骨格）系,症候,感覚障害,JlAKpck,"D-04-03-na-01, D-04-03-na-02, D-04-03-na-03","運動麻痺・筋力低下,関節痛・関節腫脹,腰背部痛",感覚障害,感覚障害,,,,,,,感覚障害,,,,,,"D-04-03-na-04, D-04-03-na-05",※歩行障害、感覚障害を追加下さい（宮地先生報告書より）,,,,,,,,,,
運動器（筋骨格）系,検査方法,筋骨格系の病態に即した徒手検査（四肢と脊柱の可動域検査・神経学的検査等）,JlAKpco,D-04-02-na-01,筋骨格系の病態に即した徒手検査（四肢・脊柱の可動域検査、神経学的検査等）を説明できる。,筋骨格系の病態に即した徒手検査（四肢と脊柱の可動域検査・神経学的検査等）,筋骨格系の病態に即した徒手検査（四肢と脊柱の可動域検査・神経学的検査等）,,,,,,,筋骨格系の病態に即した徒手検査（四肢と脊柱の可動域検査・神経学的検査等）,,,,,,,,,,,,,,,,,
運動器（筋骨格）系,検査方法,筋骨格系画像診断（エックス線撮影・CT・MRI・超音波検査・骨塩定量）,JlAKpcs,D-04-02-na-02,筋骨格系画像診断（エックス線撮影、コンピュータ断層撮影<CT>、磁気共鳴画像法<MRI>、超音波検査、骨塩定量）の適応を概説できる。,筋骨格系画像診断（エックス線撮影・CT・MRI・超音波検査・骨塩定量）,筋骨格系画像診断（単純エックス線撮影・CT・MRI・超音波検査・骨塩定量）,1.0,,,,筋骨格系画像診断（エックス線撮影・CT・MRI・超音波検査・骨塩定量）,単純の削除,筋骨格系画像診断（単純エックス線撮影・CT・MRI・超音波検査・骨塩定量）,,,,,,,,,,,,,,,,,
運動器（筋骨格）系,検査方法,関節液検査,JlAKpcw,,,関節液検査,関節液検査,,,,,,,関節液検査,,,,,,新設,,,,,,,,,,,
運動器（筋骨格）系,特異的治療法,運動器疾患のリハビリテーション,JlAKpc0,D-04-04-01-15,運動器疾患のリハビリテーションを概説できる。,運動器疾患のリハビリテーション,運動器疾患のリハビリテーション,,,,,,,運動器疾患のリハビリテーション,,,,,,,,,,,,,,,,,
運動器（筋骨格）系,特異的治療法,捻挫・骨折・脱臼の治療・処置,JlAKpc4,,,捻挫・骨折・脱臼の治療・処置,捻挫・骨折・脱臼の治療・処置,,,,,,,捻挫・骨折・脱臼の治療・処置,,,,,,新設,,,,,,,,,,,
循環器系,構造と機能,心臓の構造と分布する血管・神経、冠動脈の特長とその分布域,JlAKpeQ,D-05-01-na-01,心臓の構造と分布する血管・神経、冠動脈の特長とその分布域を説明できる。,心臓の構造と分布する血管・神経、冠動脈の特長とその分布域,心臓の構造と分布する血管・神経、冠動脈の特長とその分布域,,,,,,,心臓の構造と分布する血管・神経、冠動脈の特長とその分布域,,,,,,,,,,,,,,,,,
循環器系,構造と機能,心筋細胞の微細構造と機能,JlAKpeU,D-05-01-na-02,心筋細胞の微細構造と機能を説明できる。,心筋細胞の微細構造と機能,心筋細胞の微細構造と機能,,,,,,,心筋細胞の微細構造と機能,,,,,,,,,,,,,,,,,
循環器系,構造と機能,心筋細胞の電気現象と心臓の興奮（刺激）伝導系,JlAKpeY,D-05-01-na-03,心筋細胞の電気現象と心臓の興奮（刺激）伝導系を説明できる。,心筋細胞の電気現象と心臓の興奮（刺激）伝導系,心筋細胞の電気現象と心臓の興奮（刺激）伝導系,,,,,,,心筋細胞の電気現象と心臓の興奮（刺激）伝導系,,,,,,,,,,,,,,,,,
循環器系,構造と機能,興奮収縮連関,JlAKpec,D-05-01-na-04,興奮収縮連関を概説できる。,興奮収縮連関,興奮収縮連関,,,,,,,興奮収縮連関,,,,,,,,,,,,,,,,,
循環器系,構造と機能,体循環、肺循環と胎児・胎盤循環,JlAKpeg,D-05-01-na-05,体循環、肺循環と胎児・胎盤循環を説明できる。,体循環、肺循環と胎児・胎盤循環,体循環、肺循環と胎児・胎盤循環,,,,,,,体循環、肺循環と胎児・胎盤循環,,,,,,,,,,,,,,,,,
循環器系,構造と機能,大動脈と主な分枝（頭頸部、上肢、胸部、腹部、下肢）を図示し、分布域,JlAKpek,D-05-01-na-06,大動脈と主な分枝（頭頸部、上肢、胸部、腹部、下肢）を図示し、分布域を概説できる。,大動脈と主な分枝（頭頸部、上肢、胸部、腹部、下肢）を図示し、分布域,大動脈と主な分枝（頭頸部、上肢、胸部、腹部、下肢）を図示し、分布域,,,,,,,大動脈と主な分枝（頭頸部、上肢、胸部、腹部、下肢）を図示し、分布域,,,,,,,,,,,,,,,,,
循環器系,構造と機能,主な静脈、門脈系と上・下大静脈系,JlAKpeo,D-05-01-na-07,主な静脈を図示し、門脈系と上・下大静脈系を説明できる。,主な静脈、門脈系と上・下大静脈系,主な静脈、門脈系と上・下大静脈系,,,,,,,主な静脈、門脈系と上・下大静脈系,,,,,,,,,,,,,,,,,
循環器系,構造と機能,毛細血管における物質・水分交換,JlAKpes,D-05-01-na-08,毛細血管における物質・水分交換を説明できる。,毛細血管における物質・水分交換,毛細血管における物質・水分交換,,,,,,,毛細血管における物質・水分交換,,,,,,,,,,,,,,,,,
循環器系,構造と機能,胸管を経由するリンパの流れ,JlAKpew,D-05-01-na-09,胸管を経由するリンパの流れを概説できる。,胸管を経由するリンパの流れ,胸管を経由するリンパの流れ,,,,,,,胸管を経由するリンパの流れ,,,,,,,,,,,,,,,,,
循環器系,構造と機能,心周期にともなう血行動態,JlAKpe0,D-05-01-na-10,心周期にともなう血行動態を説明できる。,心周期にともなう血行動態,心周期にともなう血行動態,,,,,,,心周期にともなう血行動態,,,,,,,,,,,,,,,,,
循環器系,構造と機能,心機能曲線と心拍出量の調節機序,JlAKpe4,D-05-01-na-11,心機能曲線と心拍出量の調節機序を説明できる。,心機能曲線と心拍出量の調節機序,心機能曲線と心拍出量の調節機序,,,,,,,心機能曲線と心拍出量の調節機序,,,,,,,,,,,,,,,,,
循環器系,構造と機能,主な臓器（脳、心臓、肺、腎臓）の循環調節,JlAKpe8,D-05-01-na-12,主な臓器（脳、心臓、肺、腎臓）の循環調節を概説できる。,主な臓器（脳、心臓、肺、腎臓）の循環調節,主な臓器（脳、心臓、肺、腎臓）の循環調節,,,,,,,主な臓器（脳、心臓、肺、腎臓）の循環調節,,,,,,,,,,,,,,,,,
循環器系,構造と機能,血圧調節の機序,JlAKpfA,D-05-01-na-13,血圧調節の機序を説明できる。,血圧調節の機序,血圧調節の機序,,,,,,,血圧調節の機序,,,,,,,,,,,,,,,,,
循環器系,構造と機能,体位や運動に伴う循環反応とその機序,JlAKpfE,D-05-01-na-14,体位や運動に伴う循環反応とその機序を説明できる。,体位や運動に伴う循環反応とその機序,体位や運動に伴う循環反応とその機序,,,,,,,体位や運動に伴う循環反応とその機序,,,,,,,,,,,,,,,,,
循環器系,症候,胸痛,JlAKpfI,"D-05-03-na-04, D-05-03-na-06, D-05-03-na-09, D-05-03-na-10, D-05-03-na-12, D-05-03-na-13, D-05-03-na-14, D-05-03-na-19","体重減少・体重増加,意識障害・失神,浮腫,咳・痰,胸痛,動悸,胸水,腰背部痛",胸痛,胸痛,,,,,,,胸痛,,,,,"D-05-03-na-01, D-05-03-na-02, D-05-03-na-03, D-05-03-na-04, D-05-03-na-07, D-05-03-na-08, D-05-03-na-15, D-05-03-na-16, D-05-03-na-17, D-05-03-na-18",,,,,,,,,,,,
循環器系,症候,腰背部痛,JlAKpfM,"D-05-03-na-04, D-05-03-na-06, D-05-03-na-09, D-05-03-na-10, D-05-03-na-12, D-05-03-na-13, D-05-03-na-14, D-05-03-na-19","体重減少・体重増加,意識障害・失神,浮腫,咳・痰,胸痛,動悸,胸水,腰背部痛",腰背部痛,腰背部痛,,,,,,,腰背部痛,,,,,"D-05-03-na-01, D-05-03-na-02, D-05-03-na-03, D-05-03-na-04, D-05-03-na-07, D-05-03-na-08, D-05-03-na-15, D-05-03-na-16, D-05-03-na-17, D-05-03-na-18",,,,,,,,,,,,
循環器系,症候,動悸,JlAKpfQ,"D-05-03-na-04, D-05-03-na-06, D-05-03-na-09, D-05-03-na-10, D-05-03-na-12, D-05-03-na-13, D-05-03-na-14, D-05-03-na-19","体重減少・体重増加,意識障害・失神,浮腫,咳・痰,胸痛,動悸,胸水,腰背部痛",動悸,動悸,,,,,,,動悸,,,,,"D-05-03-na-01, D-05-03-na-02, D-05-03-na-03, D-05-03-na-04, D-05-03-na-07, D-05-03-na-08, D-05-03-na-15, D-05-03-na-16, D-05-03-na-17, D-05-03-na-18",,,,,,,,,,,,
循環器系,症候,呼吸困難,JlAKpfU,"D-05-03-na-04, D-05-03-na-06, D-05-03-na-09, D-05-03-na-10, D-05-03-na-12, D-05-03-na-13, D-05-03-na-14, D-05-03-na-19","体重減少・体重増加,意識障害・失神,浮腫,咳・痰,胸痛,動悸,胸水,腰背部痛",呼吸困難,呼吸困難,,,,,,,呼吸困難,,,,,"D-05-03-na-01, D-05-03-na-02, D-05-03-na-03, D-05-03-na-04, D-05-03-na-07, D-05-03-na-08, D-05-03-na-15, D-05-03-na-16, D-05-03-na-17, D-05-03-na-18",,,,,,,,,,,,
循環器系,症候,咳・痰,JlAKpfY,"D-05-03-na-04, D-05-03-na-06, D-05-03-na-09, D-05-03-na-10, D-05-03-na-12, D-05-03-na-13, D-05-03-na-14, D-05-03-na-19","体重減少・体重増加,意識障害・失神,浮腫,咳・痰,胸痛,動悸,胸水,腰背部痛",咳・痰,咳・痰,,,,,,,咳・痰,,,,,"D-05-03-na-01, D-05-03-na-02, D-05-03-na-03, D-05-03-na-04, D-05-03-na-07, D-05-03-na-08, D-05-03-na-15, D-05-03-na-16, D-05-03-na-17, D-05-03-na-18",,,,,,,,,,,,
循環器系,症候,浮腫,JlAKpfc,"D-05-03-na-04, D-05-03-na-06, D-05-03-na-09, D-05-03-na-10, D-05-03-na-12, D-05-03-na-13, D-05-03-na-14, D-05-03-na-19","体重減少・体重増加,意識障害・失神,浮腫,咳・痰,胸痛,動悸,胸水,腰背部痛",浮腫,浮腫,,,,,,,浮腫,,,,,"D-05-03-na-01, D-05-03-na-02, D-05-03-na-03, D-05-03-na-04, D-05-03-na-07, D-05-03-na-08, D-05-03-na-15, D-05-03-na-16, D-05-03-na-17, D-05-03-na-18",,,,,,,,,,,,
循環器系,症候,体重増加,JlAKpfg,"D-05-03-na-04, D-05-03-na-06, D-05-03-na-09, D-05-03-na-10, D-05-03-na-12, D-05-03-na-13, D-05-03-na-14, D-05-03-na-19","体重減少・体重増加,意識障害・失神,浮腫,咳・痰,胸痛,動悸,胸水,腰背部痛",体重増加,体重増加,,,,,,,体重増加,,,,,"D-05-03-na-01, D-05-03-na-02, D-05-03-na-03, D-05-03-na-04, D-05-03-na-07, D-05-03-na-08, D-05-03-na-15, D-05-03-na-16, D-05-03-na-17, D-05-03-na-18",,,,,,,,,,,,
循環器系,症候,意識障害,JlAKpfk,"D-05-03-na-04, D-05-03-na-06, D-05-03-na-09, D-05-03-na-10, D-05-03-na-12, D-05-03-na-13, D-05-03-na-14, D-05-03-na-19","体重減少・体重増加,意識障害・失神,浮腫,咳・痰,胸痛,動悸,胸水,腰背部痛",意識障害,意識障害,,,,,,,意識障害,,,,,"D-05-03-na-01, D-05-03-na-02, D-05-03-na-03, D-05-03-na-04, D-05-03-na-07, D-05-03-na-08, D-05-03-na-15, D-05-03-na-16, D-05-03-na-17, D-05-03-na-18",,,,,,,,,,,,
循環器系,症候,失神,JlAKpfo,"D-05-03-na-04, D-05-03-na-06, D-05-03-na-09, D-05-03-na-10, D-05-03-na-12, D-05-03-na-13, D-05-03-na-14, D-05-03-na-19","体重減少・体重増加,意識障害・失神,浮腫,咳・痰,胸痛,動悸,胸水,腰背部痛",失神,失神,,,,,,,失神,,,,,"D-05-03-na-01, D-05-03-na-02, D-05-03-na-03, D-05-03-na-04, D-05-03-na-07, D-05-03-na-08, D-05-03-na-15, D-05-03-na-16, D-05-03-na-17, D-05-03-na-18",,,,,,,,,,,,
循環器系,症候,胸水,JlAKpfs,,,胸水,胸水,,,,,,,胸水,,,,,,,①発熱、②全身倦怠感、③食思(欲)不振、④体重減少、⑦けいれん、⑧めまい、⑮嚥下困難・障害、⑯腹痛、⑰悪心・嘔吐、⑱頭痛,,,,,,,,,,
循環器系,検査方法,胸部単純エックス線撮影,JlAKpfw,D-05-02-na-01,胸部単純エックス線撮影写真、心電図の主な所見を説明できる。,胸部単純エックス線撮影,胸部単純エックス線撮影,,,,,,,胸部単純エックス線撮影,胸部単純X線撮影,,,,,,E-5に移動,,,,,胸部単純エックス線撮影の単純は削除,,,,,
循環器系,検査方法,心電図（安静時・運動負荷心電図・ホルタ―心電図）,JlAKpf0,D-05-02-na-03,運動負荷心電図、ホルタ―心電図を説明できる。,心電図（安静時・運動負荷心電図・ホルタ―心電図）,心電図（安静時・運動負荷心電図・ホルタ―心電図）,,,,,,,心電図（安静時・運動負荷心電図・ホルタ―心電図）,,,,,,,心電図として一つにまとめた,,,,,ホルタ―心電図はHolter心電図と記載する,,,,,
循環器系,検査方法,心臓超音波検査,JlAKpf4,D-05-02-na-02,心臓超音波検査の主な所見を説明できる,心臓超音波検査,心臓超音波検査,,,,,,,心臓超音波検査,,,,,,,,,,,,心臓超音波検査は心エコー検査と記載する,,,,,
循環器系,検査方法,心臓シンチグラフィ－,JlAKpf8,D-05-02-na-04,心臓シンチグラフィ－を説明できる。,心臓シンチグラフィ－,心臓シンチグラフィ－,,,,,,,心臓シンチグラフィ－,心臓シンチグラフィ？,技術参与確認,,,,,,,,,,心臓シンチグラフィ－は心臓シンチグラフィと記載,,,,,
循環器系,検査方法,冠動脈造影、冠動脈CT、MRI,JlAKpgA,D-05-02-na-05,冠動脈造影、冠動脈コンピュータ断層撮影<CT>及び心臓磁気共鳴画像法<MRI>の主な所見を説明できる。,冠動脈造影、冠動脈CT、MRI,冠動脈造影、冠動脈CT、MRI,,,,,,,冠動脈造影、冠動脈CT、MRI,,,,,,,,,,,,,,,,,
循環器系,検査方法,心カテーテル検査（心内圧・心機能・シャント率の測定）,JlAKpgE,D-05-02-na-06,心カテーテル検査（心内圧、心機能、シャント率の測定）と結果の解釈を説明できる。,心カテーテル検査（心内圧・心機能・シャント率の測定）,心カテーテル検査（心内圧・心機能・シャント率の測定）,,,,,,,心カテーテル検査（心内圧・心機能・シャント率の測定）,,,,,,,,,,,,,,,,,
循環器系,特異的治療法,虚血性心疾患に対する血行再建術（経皮的冠動脈形成術・ステント留置術・冠動脈バイパス術）,JlAKpgI,D-05-04-02-06,虚血性心疾患の薬物治療、非薬物療法（血行再建術（経皮的冠動脈形成術、ステント留置術、冠動脈バイパス術））、心臓リハビリテーションを説明できる。,虚血性心疾患に対する血行再建術（経皮的冠動脈形成術・ステント留置術・冠動脈バイパス術）,虚血性心疾患に対する血行再建術（経皮的冠動脈形成術・ステント留置術・冠動脈バイパス術）,,,,,,,虚血性心疾患に対する血行再建術（経皮的冠動脈形成術・ステント留置術・冠動脈バイパス術）,,査読者F保留,1.0,,D-05-04-09-05,,④他疾患（脳血管疾患、心疾患、腎疾患、糖尿病）を合併する場合の血圧管理,,,,,,,"特異的な治療法として　　大動脈弁狭窄症に対するカテーテル治療（TAVI　経カテーテル大動脈弁留置術）や、肥大型心筋症に対する経皮的中隔心筋焼灼術などが、一般的にかなり行われてきておりますが、学生時代から知っておくべき特異的治療法として、追記なしでもよろしいでしょうか？　不要かもしれませんが、経皮的冠動脈形成術やカテーテルアブレーションが記載されているので、確認でした。
",,,
循環器系,特異的治療法,不整脈に対する非薬物療法（カテーテルアブレーション・電気的除細動・ペースメーカー植え込み・植え込み型除細動器）,JlAKpgM,D-05-04-03-05,不整脈の薬物療法、非薬物療法（カテーテルアブレーション、電気的除細動、ペースメーカー植え込み、植え込み型除細動器）を概説できる。,不整脈に対する非薬物療法（カテーテルアブレーション・電気的除細動・ペースメーカー植え込み・植え込み型除細動器）,不整脈に対する非薬物療法（カテーテルアブレーション・電気的除細動・ペースメーカー植え込み・植え込み型除細動器）,,,,,,,不整脈に対する非薬物療法（カテーテルアブレーション・電気的除細動・ペースメーカー植え込み・植え込み型除細動器）,,,,,,,,,,,,,,,,,
循環器系,特異的治療法,心臓リハビリテーションなどの疾病管理プログラム,JlAKpgQ,"D-05-04-01-04, D-05-04-02-06","心不全診療における多職種連携（チーム医療）による疾病管理プログラムを概説できる。,虚血性心疾患の薬物治療、非薬物療法（血行再建術（経皮的冠動脈形成術、ステント留置術、冠動脈バイパス術））、心臓リハビリテーションを説明できる。",心臓リハビリテーションなどの疾病管理プログラム,心臓リハビリテーションなどの疾病管理プログラム,,,,,,,心臓リハビリテーションなどの疾病管理プログラム,,,,,D-05-04-09-03,,加えてみました（野村）,,,,,,,,,,
呼吸器系,構造と機能,気道の構造、肺葉・肺区域と肺門の構造,JlAKphE,D-06-01-na-01,気道の構造、肺葉・肺区域と肺門の構造を説明できる。,気道の構造、肺葉・肺区域と肺門の構造,気道の構造、肺葉・肺区域と肺門の構造,,,,,,,気道の構造、肺葉・肺区域と肺門の構造,,,,,,,,,,,,,,,,,
呼吸器系,構造と機能,肺循環と体循環の違い,JlAKphI,D-06-01-na-02,肺循環と体循環の違いを説明できる。,肺循環と体循環の違い,肺循環と体循環の違い,,,,,,,肺循環と体循環の違い,,,,,,,,,,,,,,,,,
呼吸器系,構造と機能,縦隔と胸膜腔の構造,JlAKphM,D-06-01-na-03,縦隔と胸膜腔の構造を説明できる。,縦隔と胸膜腔の構造,縦隔と胸膜腔の構造,,,,,,,縦隔と胸膜腔の構造,,,,,,,,,,,,,,,,,
呼吸器系,構造と機能,呼吸筋と呼吸運動の機序,JlAKphQ,D-06-01-na-04,呼吸筋と呼吸運動の機序を説明できる。,呼吸筋と呼吸運動の機序,呼吸筋と呼吸運動の機序,,,,,,,呼吸筋と呼吸運動の機序,,,,,,,,,,,,,,,,,
呼吸器系,構造と機能,肺気量分画、換気、死腔（換気力学（胸腔内圧、肺コンプライアンス、抵抗、クロージングボリューム(closing volume)））,JlAKphU,D-06-01-na-05,肺気量分画、換気、死腔（換気力学（胸腔内圧、肺コンプライアンス、抵抗、クロージングボリューム(closing volume)））を説明できる。,肺気量分画、換気、死腔（換気力学（胸腔内圧、肺コンプライアンス、抵抗、クロージングボリューム(closing volume)））,肺気量分画、換気、死腔（換気力学（胸腔内圧、肺コンプライアンス、抵抗、クロージングボリューム(closing volume)））,,,,,,,肺気量分画、換気、死腔（換気力学（胸腔内圧、肺コンプライアンス、抵抗、クロージングボリューム(closing volume)））,肺気量分画、換気、死腔（換気力学（胸腔内圧、肺コンプライアンス、抵抗、クロージングボリューム））,,,,,,,,,,,,,,,,
呼吸器系,構造と機能,肺胞におけるガス交換と血流の関係,JlAKphY,D-06-01-na-06,肺胞におけるガス交換と血流の関係を説明できる。,肺胞におけるガス交換と血流の関係,肺胞におけるガス交換と血流の関係,,,,,,,肺胞におけるガス交換と血流の関係,,,,,,,,,,,,,,,,,
呼吸器系,構造と機能,肺の換気と血流（換気血流比）が動脈血ガスにおよぼす影響（肺胞気-動脈血酸素分圧較差（A-aDO2））,JlAKphc,D-06-01-na-07,肺の換気と血流（換気血流比）が動脈血ガスにおよぼす影響（肺胞気-動脈血酸素分圧較差(alveolar-arterial oxygen difference <A-aDO2>)）を説明できる。,肺の換気と血流（換気血流比）が動脈血ガスにおよぼす影響（肺胞気-動脈血酸素分圧較差（A-aDO2））,肺の換気と血流（換気血流比）が動脈血ガスにおよぼす影響（肺胞気-動脈血酸素分圧較差(alveolar-arterial oxygen difference （A-aDO2）)）,1.0,,,,肺の換気と血流（換気血流比）が動脈血ガスにおよぼす影響（肺胞気-動脈血酸素分圧較差（A-aDO2））,,肺の換気と血流（換気血流比）が動脈血ガスにおよぼす影響（肺胞気-動脈血酸素分圧較差(alveolar-arterial oxygen difference （A-aDO2）)）,肺の換気と血流（換気血流比）が動脈血ガスにおよぼす影響（肺胞気-動脈血酸素分圧較差(alveolar-arterial oxygen difference （A-aDO2）)）,技術参与確認,,,,,,,,,,,,,,,
呼吸器系,構造と機能,呼吸中枢を介する呼吸調節の機序,JlAKphg,D-06-01-na-08,呼吸中枢を介する呼吸調節の機序を説明できる。,呼吸中枢を介する呼吸調節の機序,呼吸中枢を介する呼吸調節の機序,,,,,,,呼吸中枢を介する呼吸調節の機序,,,,,,,,,,,,,,,,,
呼吸器系,構造と機能,血液による酸素 と二酸化炭素 の運搬の仕組み,JlAKphk,D-06-01-na-09,血液による酸素 と二酸化炭素 の運搬の仕組みを説明できる。,血液による酸素 と二酸化炭素 の運搬の仕組み,血液による酸素 と二酸化炭素 の運搬の仕組み,,,,,,,血液による酸素 と二酸化炭素 の運搬の仕組み,,,,,,,,,,,,,,,,,
呼吸器系,構造と機能,気道と肺の防御機構（免疫学的・非免疫学的）と代謝機能,JlAKpho,D-06-01-na-10,気道と肺の防御機構（免疫学的・非免疫学的）と代謝機能を説明できる。,気道と肺の防御機構（免疫学的・非免疫学的）と代謝機能,気道と肺の防御機構（免疫学的・非免疫学的）と代謝機能,,,,,,,気道と肺の防御機構（免疫学的・非免疫学的）と代謝機能,,,,,,,,,,,,,,,,,
呼吸器系,症候,胸痛,JlAKphs,"D-06-03-02-01, D-06-03-02-02, D-06-03-02-03, D-06-03-02-04, D-06-03-02-05","胸水,胸痛・胸部圧迫感,呼吸困難・息切れ,咳・痰,血痰・喀血",胸痛,胸痛,,,,,,,胸痛,,,,,"D-06-03-02-01,D-06-03-02-03の「息切れのみ」",,そもそもグループの記載ガイドに従う,,,,,,,,,,
呼吸器系,症候,呼吸困難,JlAKphw,"D-06-03-02-01, D-06-03-02-02, D-06-03-02-03, D-06-03-02-04, D-06-03-02-05","胸水,胸痛・胸部圧迫感,呼吸困難・息切れ,咳・痰,血痰・喀血",呼吸困難,呼吸困難,,,,,,,呼吸困難,,,,,"D-06-03-02-01,D-06-03-02-03の「息切れのみ」",,そもそもグループの記載ガイドに従う,,,,,,,,,,
呼吸器系,症候,咳・痰,JlAKph0,"D-06-03-02-01, D-06-03-02-02, D-06-03-02-03, D-06-03-02-04, D-06-03-02-05","胸水,胸痛・胸部圧迫感,呼吸困難・息切れ,咳・痰,血痰・喀血",咳・痰,咳・痰,,,,,,,咳・痰,,,,,"D-06-03-02-01,D-06-03-02-03の「息切れのみ」",,そもそもグループの記載ガイドに従う,,,,,,,,,,
呼吸器系,症候,血痰・喀血,JlAKph4,"D-06-03-02-01, D-06-03-02-02, D-06-03-02-03, D-06-03-02-04, D-06-03-02-05","胸水,胸痛・胸部圧迫感,呼吸困難・息切れ,咳・痰,血痰・喀血",血痰・喀血,血痰・喀血,,,,,,,血痰・喀血,,,,,"D-06-03-02-01,D-06-03-02-03の「息切れのみ」",,そもそもグループの記載ガイドに従う,,,,,,,,,,
呼吸器系,症候,喘鳴,JlAKph8,"D-06-03-01-01,D-06-04-01-01,D-06-04-01-02","喘鳴の発生機序と原因疾患を説明できる。,呼吸不全の定義、分類、病態生理と主な病因を説明できる。,低酸素血症と高二酸化炭素血症の病因、分類と診断を説明し、治療を概説できる。",喘鳴,喘鳴,,,,,,,喘鳴,,,,,,"D-06-03-02-01-03（新設）,D-06-03-02-01-04,（新設）",D-06-04-01-01と-D-06-04-01-02は統合して呼吸不全（Ⅰ/Ⅱ形呼吸不全としてはいかがでしょうか）,,,,,,,,,,
呼吸器系,症候,胸部圧迫感,JlAKpiA,"D-06-03-01-01,D-06-04-01-01,D-06-04-01-02","喘鳴の発生機序と原因疾患を説明できる。,呼吸不全の定義、分類、病態生理と主な病因を説明できる。,低酸素血症と高二酸化炭素血症の病因、分類と診断を説明し、治療を概説できる。",胸部圧迫感,胸部圧迫感,,,,,,,胸部圧迫感,,,,,,"D-06-03-02-01-03（新設）,D-06-03-02-01-04,（新設）",D-06-04-01-01と-D-06-04-01-02は統合して呼吸不全（Ⅰ/Ⅱ形呼吸不全としてはいかがでしょうか）,,,,,,,,,,
呼吸器系,症候,呼吸数・リズムの異常,JlAKpiE,"D-06-03-01-01,D-06-04-01-01,D-06-04-01-02","喘鳴の発生機序と原因疾患を説明できる。,呼吸不全の定義、分類、病態生理と主な病因を説明できる。,低酸素血症と高二酸化炭素血症の病因、分類と診断を説明し、治療を概説できる。",呼吸数・リズムの異常,呼吸数・リズムの異常,,,,,,,呼吸数・リズムの異常,,,,,,"D-06-03-02-01-03（新設）,D-06-03-02-01-04,（新設）",D-06-04-01-01と-D-06-04-01-02は統合して呼吸不全（Ⅰ/Ⅱ形呼吸不全としてはいかがでしょうか）,,,,,,,,,,
呼吸器系,症候,胸水,JlAKpiI,"D-06-03-01-01,D-06-04-01-01,D-06-04-01-02","喘鳴の発生機序と原因疾患を説明できる。,呼吸不全の定義、分類、病態生理と主な病因を説明できる。,低酸素血症と高二酸化炭素血症の病因、分類と診断を説明し、治療を概説できる。",胸水,胸水,,,,,,,胸水,,,,,,"D-06-03-02-01-03（新設）,D-06-03-02-01-04,（新設）",D-06-04-01-01と-D-06-04-01-02は統合して呼吸不全（Ⅰ/Ⅱ形呼吸不全としてはいかがでしょうか）,,,,,,,,,,
呼吸器系,検査方法,喀痰検査（喀痰細胞診・喀痰培養）,JlAKpiM,D-06-02-na-03,喀痰検査（喀痰細胞診、喀痰培養）の意義を説明できる。,喀痰検査（喀痰細胞診・喀痰培養）,喀痰検査（喀痰細胞診・喀痰培養）,,,,,,,喀痰検査（喀痰細胞診・喀痰培養）,,,,,,,,,,,,,,,,,
呼吸器系,検査方法,胸水検査、胸膜生検,JlAKpiQ,D-06-04-08-04,胸膜生検の適応を説明できる。,胸水検査、胸膜生検,胸水検査、胸膜生検,,,,,,,胸水検査、胸膜生検,,,,,,,,,,,,,,,,,
呼吸器系,検査方法,呼吸機能検査（スパイロメトリ・肺拡散能力・flow-volume曲線）、動脈血ガス分析、ポリソムノグラフィ、ピークフローメトリ,JlAKpiU,,,呼吸機能検査（スパイロメトリ・肺拡散能力・flow-volume曲線）、動脈血ガス分析、ポリソムノグラフィ、ピークフローメトリ,呼吸機能検査（スパイロメトリ・肺拡散能力・flow-volume曲線）、動脈血ガス分析、ポリソムノグラフィ、ピークフローメトリ,,,,,,,呼吸機能検査（スパイロメトリ・肺拡散能力・flow-volume曲線）、動脈血ガス分析、ポリソムノグラフィ、ピークフローメトリ,呼吸機能検査（スパイロメトリ・肺拡散能力・フローボリューム曲線）、動脈血ガス分析、ポリソムノグラフィ、ピークフローメトリ,,,,,新設,,,,,,,,,,,
呼吸器系,検査方法,画像検査（エックス線撮影・CT・MRI）、核医学検査（ポジトロン断層法（PET））,JlAKpiY,D-06-02-na-01,単純エックス線撮影、コンピュータ断層撮影<CT>、磁気共鳴画像法<MRI>、及び核医学検査（ポジトロン断層法(positron emission tomography <PET>)検査を含む）等の画像検査の意義を説明できる。,画像検査（エックス線撮影・CT・MRI）、核医学検査（ポジトロン断層法（PET））,画像検査（単純エックス線撮影・CT・MRI）、核医学検査（ポジトロン断層法(positron emission tomography （PET）),1.0,,,,画像検査（エックス線撮影・CT・MRI）、核医学検査（ポジトロン断層法（PET））,,画像検査（単純エックス線撮影・CT・MRI）、核医学検査（ポジトロン断層法(positron emission tomography （PET）),,査読者E保留,1.0,,,,,,,,,,呼吸器疾患でのMRIの利用は稀∴割愛,,,,
呼吸器系,検査方法,気管支内視鏡検査,JlAKpic,D-06-02-na-02,気管支内視鏡検査の意義を説明できる。,気管支内視鏡検査,気管支内視鏡検査,,,,,,,気管支内視鏡検査,,,,,,,,,,,,,,,,,
呼吸器系,特異的治療法,呼吸器理学療法・リハビリテーション,JlAKpig,,,呼吸器理学療法・リハビリテーション,呼吸器理学療法・リハビリテーション,,,,,,,呼吸器理学療法・リハビリテーション,,,,,,新設,医師国家試験ガイドラインの記載に準拠,,,,,,,,,,
呼吸器系,特異的治療法,酸素療法,JlAKpik,,,酸素療法,酸素療法,,,,,,,酸素療法,,,,,,新設,,,,,,,,,,,
呼吸器系,特異的治療法,人工換気,JlAKpio,,,人工換気,人工換気,,,,,,,人工換気,,,,,,新設,,,,,,,,,,,
消化器系,構造と機能,各消化器官の位置、形態と関係する血管,JlAKpjQ,D-07-01-na-01,各消化器官の位置、形態と関係する血管を図示できる。,各消化器官の位置、形態と関係する血管,各消化器官の位置、形態と関係する血管,,,,,,,各消化器官の位置、形態と関係する血管,,,,,,,,,,,,,,,,,
消化器系,構造と機能,腹膜と臓器の関係,JlAKpjU,D-07-01-na-02,腹膜と臓器の関係を説明できる。,腹膜と臓器の関係,腹膜と臓器の関係,,,,,,,腹膜と臓器の関係,,,,,,,,,,,,,,,,,
消化器系,構造と機能,食道・胃・小腸・大腸の基本構造と部位による違い,JlAKpjY,D-07-01-na-03,食道・胃・小腸・大腸の基本構造と部位による違いを説明できる。,食道・胃・小腸・大腸の基本構造と部位による違い,食道・胃・小腸・大腸の基本構造と部位による違い,,,,,,,食道・胃・小腸・大腸の基本構造と部位による違い,,,,,,,,,,,,,,,,,
消化器系,構造と機能,消化管運動の仕組み,JlAKpjc,D-07-01-na-04,消化管運動の仕組みを説明できる。,消化管運動の仕組み,消化管運動の仕組み,,,,,,,消化管運動の仕組み,,,,,,,,,,,,,,,,,
消化器系,構造と機能,消化器官に対する自律神経の作用,JlAKpjg,D-07-01-na-05,消化器官に対する自律神経の作用を説明できる。,消化器官に対する自律神経の作用,消化器官に対する自律神経の作用,,,,,,,消化器官に対する自律神経の作用,,,,,,,,,,,,,,,,,
消化器系,構造と機能,肝の構造と機能,JlAKpjk,D-07-01-na-06,肝の構造と機能を説明できる。,肝の構造と機能,肝の構造と機能,,,,,,,肝の構造と機能,,,,,,,,,,,,,,,,,
消化器系,構造と機能,胃液の作用と分泌機序,JlAKpjo,D-07-01-na-07,胃液の作用と分泌機序を説明できる。,胃液の作用と分泌機序,胃液の作用と分泌機序,,,,,,,胃液の作用と分泌機序,,,,,,,,,,,,,,,,,
消化器系,構造と機能,胆汁の作用と胆嚢収縮の調節機序,JlAKpjs,D-07-01-na-08,胆汁の作用と胆嚢収縮の調節機序を説明できる。,胆汁の作用と胆嚢収縮の調節機序,胆汁の作用と胆嚢収縮の調節機序,,,,,,,胆汁の作用と胆嚢収縮の調節機序,,,,,,,,,,,,,,,,,
消化器系,構造と機能,膵外分泌系の構造と膵液の作用,JlAKpjw,D-07-01-na-09,膵外分泌系の構造と膵液の作用を説明できる。,膵外分泌系の構造と膵液の作用,膵外分泌系の構造と膵液の作用,,,,,,,膵外分泌系の構造と膵液の作用,,,,,,,,,,,,,,,,,
消化器系,構造と機能,小腸における消化・吸収の仕組み,JlAKpj0,D-07-01-na-10,小腸における消化・吸収の仕組みを説明できる。,小腸における消化・吸収の仕組み,小腸における消化・吸収の仕組み,,,,,,,小腸における消化・吸収の仕組み,,,,,,,,,,,,,,,,,
消化器系,構造と機能,大腸における糞便形成と排便の仕組み,JlAKpj4,D-07-01-na-11,大腸における糞便形成と排便の仕組みを説明できる。,大腸における糞便形成と排便の仕組み,大腸における糞便形成と排便の仕組み,,,,,,,大腸における糞便形成と排便の仕組み,,,,,,,,,,,,,,,,,
消化器系,構造と機能,主な消化管ホルモンの作用,JlAKpj8,D-07-01-na-12,主な消化管ホルモンの作用を説明できる。,主な消化管ホルモンの作用,主な消化管ホルモンの作用,,,,,,,主な消化管ホルモンの作用,,,,,,,,,,,,,,,,,
消化器系,構造と機能,歯、舌、唾液腺の構造と機能,JlAKpkA,D-07-01-na-13,歯、舌、唾液腺の構造と機能を説明できる。,歯、舌、唾液腺の構造と機能,歯、舌、唾液腺の構造と機能,,,,,,,歯、舌、唾液腺の構造と機能,,,,,,,,,,,,,,,,,
消化器系,構造と機能,咀しゃくと嚥下の機構,JlAKpkE,D-07-01-na-14,咀しゃくと嚥下の機構を説明できる。,咀しゃくと嚥下の機構,咀しゃくと嚥下の機構,,,,,,,咀しゃくと嚥下の機構,,,,,,,,,,,,,,,,,
消化器系,構造と機能,消化管の正常細菌叢（腸内細菌叢）の役割,JlAKpkI,D-07-01-na-15,消化管の正常細菌叢（腸内細菌叢）の役割を説明できる。,消化管の正常細菌叢（腸内細菌叢）の役割,消化管の正常細菌叢（腸内細菌叢）の役割,,,,,,,消化管の正常細菌叢（腸内細菌叢）の役割,,,,,,,,,,,,,,,,,
消化器系,症候,腹痛,JlAKpkM,"D-07-03-02-01,D-07-03-02-02,D-07-03-02-03,D-07-03-02-04,D-07-03-02-05,D-07-03-02-06,D-07-03-02-07","黄疸,腹痛,悪心・嘔吐,食思(欲)不振,便秘・下痢・血便,吐血・下血,腹部膨隆（腹水を含む）・膨満・腫瘤",腹痛,腹痛,,,,,,,腹痛,,,,,,,,,,,,,,,,,
消化器系,症候,悪心・嘔吐,JlAKpkQ,"D-07-03-02-01,D-07-03-02-02,D-07-03-02-03,D-07-03-02-04,D-07-03-02-05,D-07-03-02-06,D-07-03-02-07","黄疸,腹痛,悪心・嘔吐,食思(欲)不振,便秘・下痢・血便,吐血・下血,腹部膨隆（腹水を含む）・膨満・腫瘤",悪心・嘔吐,悪心・嘔吐,,,,,,,悪心・嘔吐,,,,,,,,,,,,,,,,,
消化器系,症候,食思（欲）不振,JlAKpkU,"D-07-03-02-01,D-07-03-02-02,D-07-03-02-03,D-07-03-02-04,D-07-03-02-05,D-07-03-02-06,D-07-03-02-07","黄疸,腹痛,悪心・嘔吐,食思(欲)不振,便秘・下痢・血便,吐血・下血,腹部膨隆（腹水を含む）・膨満・腫瘤",食思（欲）不振,食思（欲）不振,,,,,,,食思（欲）不振,,,,,,,,,,,,,,,,,
消化器系,症候,便秘,JlAKpkY,"D-07-03-02-01,D-07-03-02-02,D-07-03-02-03,D-07-03-02-04,D-07-03-02-05,D-07-03-02-06,D-07-03-02-07","黄疸,腹痛,悪心・嘔吐,食思(欲)不振,便秘・下痢・血便,吐血・下血,腹部膨隆（腹水を含む）・膨満・腫瘤",便秘,便秘,,,,,,,便秘,,,,,,,,,,,,,,,,,
消化器系,症候,下痢,JlAKpkc,"D-07-03-02-01,D-07-03-02-02,D-07-03-02-03,D-07-03-02-04,D-07-03-02-05,D-07-03-02-06,D-07-03-02-07","黄疸,腹痛,悪心・嘔吐,食思(欲)不振,便秘・下痢・血便,吐血・下血,腹部膨隆（腹水を含む）・膨満・腫瘤",下痢,下痢,,,,,,,下痢,,,,,,,,,,,,,,,,,
消化器系,症候,吐血,JlAKpkg,"D-07-03-02-01,D-07-03-02-02,D-07-03-02-03,D-07-03-02-04,D-07-03-02-05,D-07-03-02-06,D-07-03-02-07","黄疸,腹痛,悪心・嘔吐,食思(欲)不振,便秘・下痢・血便,吐血・下血,腹部膨隆（腹水を含む）・膨満・腫瘤",吐血,吐血,,,,,,,吐血,,,,,,,,,,,,,,,,,
消化器系,症候,下血,JlAKpkk,"D-07-03-02-01,D-07-03-02-02,D-07-03-02-03,D-07-03-02-04,D-07-03-02-05,D-07-03-02-06,D-07-03-02-07","黄疸,腹痛,悪心・嘔吐,食思(欲)不振,便秘・下痢・血便,吐血・下血,腹部膨隆（腹水を含む）・膨満・腫瘤",下血,下血,,,,,,,下血,,,,,,,,,,,,,,,,,
消化器系,症候,腹部膨隆・腫瘤,JlAKpko,"D-07-03-02-01,D-07-03-02-02,D-07-03-02-03,D-07-03-02-04,D-07-03-02-05,D-07-03-02-06,D-07-03-02-07","黄疸,腹痛,悪心・嘔吐,食思(欲)不振,便秘・下痢・血便,吐血・下血,腹部膨隆（腹水を含む）・膨満・腫瘤",腹部膨隆・腫瘤,腹部膨隆・腫瘤,,,,,,,腹部膨隆・腫瘤,,,,,,,,,,,,,,,,,
消化器系,症候,黄疸,JlAKpks,"D-07-03-02-01,D-07-03-02-02,D-07-03-02-03,D-07-03-02-04,D-07-03-02-05,D-07-03-02-06,D-07-03-02-07","黄疸,腹痛,悪心・嘔吐,食思(欲)不振,便秘・下痢・血便,吐血・下血,腹部膨隆（腹水を含む）・膨満・腫瘤",黄疸,黄疸,,,,,,,黄疸,,,,,,,,,,,,,,,,,
消化器系,症候,胸やけ,JlAKpkw,"D-07-03-01-01,D-07-03-01-02","肝腫大をきたす疾患を列挙し、その病態生理を説明できる。,肝腫大のある患者における医療面接、診察と診断の要点を説明できる。",胸やけ,胸やけ,,,,,,,胸やけ,,,,,,②胸やけ,,,,,,,,,,,
消化器系,症候,肝腫大,JlAKpk0,"D-07-03-01-01,D-07-03-01-02","肝腫大をきたす疾患を列挙し、その病態生理を説明できる。,肝腫大のある患者における医療面接、診察と診断の要点を説明できる。",肝腫大,肝腫大,,,,,,,肝腫大,,,,,,②胸やけ,,,,,,,,,,,
消化器系,検査方法,肝炎ウイルス検査,JlAKpk4,D-07-02-na-01,代表的な肝炎ウイルス検査の検査項目を列挙し、その意義を説明できる。,肝炎ウイルス検査,肝炎ウイルス検査,,,,,,,肝炎ウイルス検査,,,,,,,,,,,,,,,,,
消化器系,検査方法,腫瘍マーカー（AFP・ CEA・ CA 19-9・ PIVKA-Ⅱなど）,JlAKpk8,D-07-02-na-02,消化器関連の代表的な腫瘍マーカー（α-fetoprotein <AFP>、 carcinoembryonic antigen <CEA>、carbohydrate antigen <CA> 19-9、protein induced by vitamin K absence or antagonists <PIVKA>-II）の意義を説明できる。,腫瘍マーカー（AFP・ CEA・ CA 19-9・ PIVKA-Ⅱなど）,腫瘍マーカー（AFP・ CEA・ CA 19-9・ PIVKA-Ⅱなど）,,,,,,,腫瘍マーカー（AFP・ CEA・ CA 19-9・ PIVKA-Ⅱなど）,,,,,,,検査のフルスペルを略語のみへ簡素化,,,,,,,,,,
消化器系,検査方法,画像検査（エックス線撮影・CT・MRI）,JlAKplA,D-07-02-na-03,消化器系疾患の画像検査を列挙し、その適応と異常所見を説明し、結果を解釈できる。,画像検査（エックス線撮影・CT・MRI）,画像検査（単純エックス線撮影・CT・MRI）,1.0,,,,画像検査（エックス線撮影・CT・MRI）,,画像検査（単純エックス線撮影・CT・MRI）,画像検査（単純X線撮影・CT・MRI）,,,,,,,,,,,,,,,,
消化器系,検査方法,内視鏡検査,JlAKplE,D-07-02-na-04,消化器内視鏡検査から得られる情報を説明できる。,内視鏡検査,内視鏡検査,,,,,,,内視鏡検査,,,,,,,,,,,,,,,,,
消化器系,検査方法,生検、細胞診,JlAKplI,D-07-02-na-05,生検と細胞診の意義と適応を説明できる。,生検、細胞診,生検、細胞診,,,,,,,生検、細胞診,,,,,,,,,,,,,,,,,
消化器系,特異的治療法,経管・経腸栄養,JlAKplM,,,経管・経腸栄養,経管・経腸栄養,,,,,,,経管・経腸栄養,,,,,,新規追加,,,,,,,,,,,
消化器系,特異的治療法,内視鏡治療（止血・凝固・クリッピング・硬化療法など）,JlAKplQ,,,内視鏡治療（止血・凝固・クリッピング・硬化療法など）,内視鏡治療（止血・凝固・クリッピング・硬化療法など）,,,,,,,内視鏡治療（止血・凝固・クリッピング・硬化療法など）,,,,,,新規追加,,,,,,,,,,,
消化器系,特異的治療法,血管内治療（動脈塞栓術など）,JlAKplU,,,血管内治療（動脈塞栓術など）,血管内治療（動脈塞栓術など）,,,,,,,血管内治療（動脈塞栓術など）,,,,,,新規追加,,,,,,,,,,,
腎・尿路系（体液・電解質バランスを含む）,構造と機能,体液の量と組成・浸透圧（小児と成人の違いを含めて）,JlAKpl8,D-08-01-na-01,体液の量と組成・浸透圧を小児と成人を区別して説明できる。,体液の量と組成・浸透圧（小児と成人の違いを含めて）,体液の量と組成・浸透圧（小児と成人の違いを含めて）,,,,,,,体液の量と組成・浸透圧（小児と成人の違いを含めて）,,,,,,,,,,,,,,,,,
腎・尿路系（体液・電解質バランスを含む）,構造と機能,腎・尿路系の位置・形態と血管分布・神経支配,JlAKpmA,D-08-01-na-02,腎・尿路系の位置・形態と血管分布・神経支配を説明できる。,腎・尿路系の位置・形態と血管分布・神経支配,腎・尿路系の位置・形態と血管分布・神経支配,,,,,,,腎・尿路系の位置・形態と血管分布・神経支配,,,,,,,,,,,,,,,,,
腎・尿路系（体液・電解質バランスを含む）,構造と機能,腎の機能の全体像やネフロン各部の構造と機能,JlAKpmE,D-08-01-na-03,腎の機能の全体像やネフロン各部の構造と機能を概説できる。,腎の機能の全体像やネフロン各部の構造と機能,腎の機能の全体像やネフロン各部の構造と機能,,,,,,,腎の機能の全体像やネフロン各部の構造と機能,,,,,,,,,,,,,,,,,
腎・尿路系（体液・電解質バランスを含む）,構造と機能,腎糸球体における濾過の機序,JlAKpmI,D-08-01-na-04,腎糸球体における濾過の機序を説明できる。,腎糸球体における濾過の機序,腎糸球体における濾過の機序,,,,,,,腎糸球体における濾過の機序,,,,,,,,,,,,,,,,,
腎・尿路系（体液・電解質バランスを含む）,構造と機能,尿細管各部における再吸収・分泌機構と尿の濃縮機序,JlAKpmM,D-08-01-na-05,尿細管各部における再吸収・分泌機構と尿の濃縮機序を説明できる。,尿細管各部における再吸収・分泌機構と尿の濃縮機序,尿細管各部における再吸収・分泌機構と尿の濃縮機序,,,,,,,尿細管各部における再吸収・分泌機構と尿の濃縮機序,,,,,,,,,,,,,,,,,
腎・尿路系（体液・電解質バランスを含む）,構造と機能,水電解質、酸・塩基平衡の調節機構,JlAKpmQ,D-08-01-na-06,水電解質、酸・塩基平衡の調節機構を概説できる。,水電解質、酸・塩基平衡の調節機構,水電解質、酸・塩基平衡の調節機構,,,,,,,水電解質、酸・塩基平衡の調節機構,,,,,,,,,,,,,,,,,
腎・尿路系（体液・電解質バランスを含む）,構造と機能,腎で産生される又は腎に作用するホルモン・血管作動性物質（エリスロポエチン・ビタミンD、レニン・アンギオテンシンII、アルドステロン）の作用,JlAKpmU,D-08-01-na-07,腎で産生される又は腎に作用するホルモン・血管作動性物質（エリスロポエチン、ビタミンD、レニン、アンギオテンシンII、アルドステロン）の作用を説明できる。,腎で産生される又は腎に作用するホルモン・血管作動性物質（エリスロポエチン・ビタミンD、レニン・アンギオテンシンII、アルドステロン）の作用,腎で産生される又は腎に作用するホルモン・血管作動性物質（エリスロポエチン・ビタミンD、レニン・アンギオテンシンII、アルドステロン）の作用,,,,,,,腎で産生される又は腎に作用するホルモン・血管作動性物質（エリスロポエチン・ビタミンD、レニン・アンギオテンシンII、アルドステロン）の作用,,,,,,,,,,,,,,,,,
腎・尿路系（体液・電解質バランスを含む）,構造と機能,蓄排尿の機序,JlAKpmY,D-08-01-na-08,蓄排尿の機序を説明できる。,蓄排尿の機序,蓄排尿の機序,,,,,,,蓄排尿の機序,,,,,,,,,,,,,,,,,
腎・尿路系（体液・電解質バランスを含む）,症候,血尿,JlAKpmc,,,血尿,血尿,,,,,,,血尿,,,,,,,,,,,,,,,,,
腎・尿路系（体液・電解質バランスを含む）,症候,タンパク尿,JlAKpmg,,,タンパク尿,タンパク尿,,,,,,,タンパク尿,,,,,,,,,,,,,,,,,
腎・尿路系（体液・電解質バランスを含む）,症候,浮腫,JlAKpmk,,,浮腫,浮腫,,,,,,,浮腫,,,,,,,,,,,,,,,,,
腎・尿路系（体液・電解質バランスを含む）,症候,脱水,JlAKpmo,,,脱水,脱水,,,,,,,脱水,,,,,,,,,,,,,,,,,
腎・尿路系（体液・電解質バランスを含む）,症候,尿量・排尿の異常,JlAKpms,,,尿量・排尿の異常,尿量・排尿の異常,,,,,,,尿量・排尿の異常,,,,,,,,,,,,,,,,,
腎・尿路系（体液・電解質バランスを含む）,症候,臨床症候の分類（急性腎炎症候群・慢性腎炎症候群・ネフローゼ症候群・急速進行性腎炎症候群・反復性または持続性血尿症候群）,JlAKpmw,D-08-04-02-05,臨床症候分類（急性腎炎症候群、慢性腎炎症候群、ネフローゼ症候群、急速進行性腎炎症候群、反復性または持続性血尿症候群）を概説できる。,臨床症候の分類（急性腎炎症候群・慢性腎炎症候群・ネフローゼ症候群・急速進行性腎炎症候群・反復性または持続性血尿症候群）,臨床症候の分類（急性腎炎症候群・慢性腎炎症候群・ネフローゼ症候群・急速進行性腎炎症候群・反復性または持続性血尿症候群）,,,,,,,臨床症候の分類（急性腎炎症候群・慢性腎炎症候群・ネフローゼ症候群・急速進行性腎炎症候群・反復性または持続性血尿症候群）,,,,,,,臨床症候群？　でしょうか？　「症候」の分類で適切でしょうか？,,,,,,,,,,
腎・尿路系（体液・電解質バランスを含む）,検査方法,糸球体濾過量（実測・推算）を含む腎機能検査法,JlAKpm0,D-08-02-na-02,糸球体濾過量（実測、推算）を含む腎機能検査法を概説できる。,糸球体濾過量（実測・推算）を含む腎機能検査法,糸球体濾過量（実測・推算）を含む腎機能検査法,,,,,,,糸球体濾過量（実測・推算）を含む腎機能検査法,,,,,,,,,,,,,,,,,
腎・尿路系（体液・電解質バランスを含む）,検査方法,腎・尿路系の画像診断（エックス線撮影・尿路造影・CT・MRI）,JlAKpm4,D-08-02-na-01,腎・尿路系の画像診断の適応と異常所見を概説できる。,腎・尿路系の画像診断（エックス線撮影・尿路造影・CT・MRI）,腎・尿路系の画像診断（単純エックス線撮影・尿路造影・CT・MRI）,1.0,,,,腎・尿路系の画像診断（エックス線撮影・尿路造影・CT・MRI）,,腎・尿路系の画像診断（単純エックス線撮影・尿路造影・CT・MRI）,腎・尿路系の画像診断（単純X線撮影・尿路造影・CT・MRI）,,,,,,,,,,,,,,,,エックス線撮影に変更
腎・尿路系（体液・電解質バランスを含む）,検査方法,腎生検の適応と禁忌,JlAKpm8,D-08-02-na-03,腎生検の適応と禁忌を説明できる。,腎生検の適応と禁忌,腎生検の適応と禁忌,,,,,,,腎生検の適応と禁忌,,,,,,,,,,,,,,,,,
腎・尿路系（体液・電解質バランスを含む）,検査方法,尿流動態検査,JlAKpnA,D-08-02-na-04,尿流動態検査を説明できる。,尿流動態検査,尿流動態検査,,,,,,,尿流動態検査,,,,,,,,,,,,,,,,,
腎・尿路系（体液・電解質バランスを含む）,特異的治療法,腎代替療法（血液透析・腹膜透析・腎移植）,JlAKpnE,D-08-04-01-06,腎不全の治療（血液透析・腹膜透析・腎移植）を説明できる。,腎代替療法（血液透析・腹膜透析・腎移植）,腎代替療法（血液透析・腹膜透析・腎移植）,,,,,,,腎代替療法（血液透析・腹膜透析・腎移植）,,,,,,,,,,,,,,,,,
生殖機能,構造と機能,生殖腺の発生と性分化の過程,JlAKpnw,D-09-01-na-01,生殖腺の発生と性分化の過程を説明できる。,生殖腺の発生と性分化の過程,生殖腺の発生と性分化の過程,,,,,,,生殖腺の発生と性分化の過程,,,,,,,,,,,,,,,,,
生殖機能,構造と機能,男性生殖器の発育の過程,JlAKpn0,D-09-01-na-02,男性生殖器の発育の過程を説明できる。,男性生殖器の発育の過程,男性生殖器の発育の過程,,,,,,,男性生殖器の発育の過程,,,,,,,,,,,,,,,,,
生殖機能,構造と機能,男性生殖器の形態と機能,JlAKpn4,D-09-01-na-03,男性生殖器の形態と機能を説明できる。,男性生殖器の形態と機能,男性生殖器の形態と機能,,,,,,,男性生殖器の形態と機能,,,,,,,,,,,,,,,,,
生殖機能,構造と機能,精巣の組織構造と精子形成の過程,JlAKpn8,D-09-01-na-04,精巣の組織構造と精子形成の過程を説明できる。,精巣の組織構造と精子形成の過程,精巣の組織構造と精子形成の過程,,,,,,,精巣の組織構造と精子形成の過程,,,,,,,,,,,,,,,,,
生殖機能,構造と機能,陰茎の組織構造と勃起・射精の機序,JlAKpoA,D-09-01-na-05,陰茎の組織構造と勃起・射精の機序を説明できる。,陰茎の組織構造と勃起・射精の機序,陰茎の組織構造と勃起・射精の機序,,,,,,,陰茎の組織構造と勃起・射精の機序,,,,,,,,,,,,,,,,,
生殖機能,構造と機能,女性生殖器の発育の過程,JlAKpoE,D-09-01-na-06,女性生殖器の発育の過程を説明できる。,女性生殖器の発育の過程,女性生殖器の発育の過程,,,,,,,女性生殖器の発育の過程,,,,,,,,,,,,,,,,,
生殖機能,構造と機能,女性生殖器の形態と機能,JlAKpoI,D-09-01-na-07,女性生殖器の形態と機能を説明できる。,女性生殖器の形態と機能,女性生殖器の形態と機能,,,,,,,女性生殖器の形態と機能,,,,,,,,,,,,,,,,,
生殖機能,構造と機能,性周期発現と排卵の機序,JlAKpoM,D-09-01-na-08,性周期発現と排卵の機序を説明できる。,性周期発現と排卵の機序,性周期発現と排卵の機序,,,,,,,性周期発現と排卵の機序,,,,,,,,,,,,,,,,,
生殖機能,構造と機能,閉経の過程と疾病リスクの変化,JlAKpoQ,D-09-01-na-09,閉経の過程と疾病リスクの変化を説明できる。,閉経の過程と疾病リスクの変化,閉経の過程と疾病リスクの変化,,,,,,,閉経の過程と疾病リスクの変化,,,,,,,,,,,,,,,,,
生殖機能,症候,腹痛,JlAKpoU,"D-09-03-02-01,D-09-03-02-02,D-09-03-02-04","腹痛,腹部膨隆（腹水を含む）・膨満・腫瘤,尿量・排尿の異常",腹痛,腹痛,,,,,,,腹痛,,,,,,,,,,,,,,,,,
生殖機能,症候,腹部膨隆・腫瘤,JlAKpoY,"D-09-03-02-01,D-09-03-02-02,D-09-03-02-04","腹痛,腹部膨隆（腹水を含む）・膨満・腫瘤,尿量・排尿の異常",腹部膨隆・腫瘤,腹部膨隆・腫瘤,,,,,,,腹部膨隆・腫瘤,,,,,,,,,,,,,,,,,
生殖機能,症候,,JlAKpoc,"D-09-03-02-01,D-09-03-02-02,D-09-03-02-04","腹痛,腹部膨隆（腹水を含む）・膨満・腫瘤,尿量・排尿の異常",,,,,,,,,,削除,査読者E保留,2.0,,,,,,,,,,腎尿路系へ∴割愛で良いのでは？,,,,
生殖機能,症候,,JlAKpog,"D-09-03-02-01,D-09-03-02-02,D-09-03-02-04","腹痛,腹部膨隆（腹水を含む）・膨満・腫瘤,尿量・排尿の異常",,,,,,,,,,削除,査読者E保留,2.0,,,,,,,,,,腎尿路系へ∴割愛で良いのでは？,,,,
生殖機能,症候,月経異常,JlAKpok,"D-09-03-02-01,D-09-03-02-02,D-09-03-02-04","腹痛,腹部膨隆（腹水を含む）・膨満・腫瘤,尿量・排尿の異常",月経異常,月経異常,,,,,,,月経異常,,,,,,,,,,,,,,,,,
生殖機能,症候,,JlAKpoo,"D-09-03-02-01,D-09-03-02-02,D-09-03-02-04","腹痛,腹部膨隆（腹水を含む）・膨満・腫瘤,尿量・排尿の異常",,,,,,,,,,削除,,,,,,,,,,,,,,,,
生殖機能,症候,勃起不全,JlAKpos,"D-09-03-01-01,D-09-03-01-02, D-09-03-02-03、D-09-03-03-01,D-09-03-04-01,D-09-03-04-05","勃起不全と射精障害を概説できる。,精巣機能障害を概説できる。,{not found:  D-09-03-02-03、D-09-03-03-01},貧血,月経異常・無月経",勃起不全,勃起不全,,,,,,,勃起不全,,,,,,,,,,,,,,,,,
生殖機能,症候,射精障害,JlAKpow,"D-09-03-01-01,D-09-03-01-02, D-09-03-02-03、D-09-03-03-01,D-09-03-04-01,D-09-03-04-05","勃起不全と射精障害を概説できる。,精巣機能障害を概説できる。,{not found:  D-09-03-02-03、D-09-03-03-01},貧血,月経異常・無月経",射精障害,射精障害,,,,,,,射精障害,,,,,,,,,,,,,,,,,
生殖機能,症候,精巣機能障害,JlAKpo0,"D-09-03-01-01,D-09-03-01-02, D-09-03-02-03、D-09-03-03-01,D-09-03-04-01,D-09-03-04-05","勃起不全と射精障害を概説できる。,精巣機能障害を概説できる。,{not found:  D-09-03-02-03、D-09-03-03-01},貧血,月経異常・無月経",精巣機能障害,精巣機能障害,,,,,,,精巣機能障害,,,,,,,,,,,,,,,,,
生殖機能,症候,不正性器出血,JlAKpo4,"D-09-03-01-01,D-09-03-01-02, D-09-03-02-03、D-09-03-03-01,D-09-03-04-01,D-09-03-04-05","勃起不全と射精障害を概説できる。,精巣機能障害を概説できる。,{not found:  D-09-03-02-03、D-09-03-03-01},貧血,月経異常・無月経",不正性器出血,不正性器出血,,,,,,,不正性器出血,,,,,,,,,,,,,,,,,
生殖機能,症候,乳汁漏出症,JlAKpo8,"D-09-03-01-01,D-09-03-01-02, D-09-03-02-03、D-09-03-03-01,D-09-03-04-01,D-09-03-04-05","勃起不全と射精障害を概説できる。,精巣機能障害を概説できる。,{not found:  D-09-03-02-03、D-09-03-03-01},貧血,月経異常・無月経",乳汁漏出症,乳汁漏出症,,,,,,,乳汁漏出症,,,,,,,,,,,,,,,,,
生殖機能,症候,腟分泌物（帯下）の増量,JlAKppA,"D-09-03-01-01,D-09-03-01-02, D-09-03-02-03、D-09-03-03-01,D-09-03-04-01,D-09-03-04-05","勃起不全と射精障害を概説できる。,精巣機能障害を概説できる。,{not found:  D-09-03-02-03、D-09-03-03-01},貧血,月経異常・無月経",腟分泌物（帯下）の増量,腟分泌物（帯下）の増量,,,,,,,腟分泌物（帯下）の増量,,,,,,,,,,,,,,,,,
生殖機能,症候,腟乾燥感,JlAKppE,"D-09-03-01-01,D-09-03-01-02, D-09-03-02-03、D-09-03-03-01,D-09-03-04-01,D-09-03-04-05","勃起不全と射精障害を概説できる。,精巣機能障害を概説できる。,{not found:  D-09-03-02-03、D-09-03-03-01},貧血,月経異常・無月経",腟乾燥感,腟乾燥感,,,,,,,腟乾燥感,,,,,,,,,,,,,,,,,
生殖機能,症候,性交痛,JlAKppI,"D-09-03-01-01,D-09-03-01-02, D-09-03-02-03、D-09-03-03-01,D-09-03-04-01,D-09-03-04-05","勃起不全と射精障害を概説できる。,精巣機能障害を概説できる。,{not found:  D-09-03-02-03、D-09-03-03-01},貧血,月経異常・無月経",性交痛,性交痛,,,,,,,性交痛,,,,,,,,,,,,,,,,,
生殖機能,症候,,JlAKppM,"D-09-03-01-01,D-09-03-01-02, D-09-03-02-03、D-09-03-03-01,D-09-03-04-01,D-09-03-04-05","勃起不全と射精障害を概説できる。,精巣機能障害を概説できる。,{not found:  D-09-03-02-03、D-09-03-03-01},貧血,月経異常・無月経",,,,,,,,,,削除,査読者E保留,2.0,,,,,,,,,,腎尿路系へ∴割愛で良いのでは？,,,,
生殖機能,検査方法,精巣と前立腺の画像検査法（尿路造影・CT・MRI）、超音波検査,JlAKppQ,D-09-02-01-01,精巣と前立腺の検査法（尿路造影、超音波検査、コンピュータ断層撮影<CT>、磁気共鳴画像法<MRI>）の適応と異常所見を説明し、結果を解釈できる。,精巣と前立腺の画像検査法（尿路造影・CT・MRI）、超音波検査,精巣と前立腺の画像検査法（尿路造影・CT・MRI）、超音波検査,,,,,,,精巣と前立腺の画像検査法（尿路造影・CT・MRI）、超音波検査,,,,,,,,,,,,,,,,,
生殖機能,検査方法,血中ホルモン（卵胞刺激ホルモン（FSH）、黄体形成ホルモン（LH）、プロラクチン、ヒト絨毛性ゴナドトロピン（hCG）、エストロゲン、プロゲステロン）の測定,JlAKppU,D-09-02-02-01,血中ホルモン（卵胞刺激ホルモン(follicle-stimulating hormone <FSH>)、黄体形成ホルモン(luteinizing hormone <LH>)、プロラクチン、ヒト絨毛性ゴナドトロピン(human chorionic gonadotropin <hCG>、エストロゲン、プロゲステロン）測定値を評価できる。,血中ホルモン（卵胞刺激ホルモン（FSH）、黄体形成ホルモン（LH）、プロラクチン、ヒト絨毛性ゴナドトロピン（hCG）、エストロゲン、プロゲステロン）の測定,血中ホルモン（卵胞刺激ホルモン(Follicle-Stimulating Hormone （FSH）)、黄体形成ホルモン(luteinizing hormone （LH）)、プロラクチン、ヒト絨毛性ゴナドトロピン(human chorionic gonadotropin （hCG）)、エストロゲン、プロゲステロン）の測定,1.0,,,,血中ホルモン（卵胞刺激ホルモン（FSH）、黄体形成ホルモン（LH）、プロラクチン、ヒト絨毛性ゴナドトロピン（hCG）、エストロゲン、プロゲステロン）の測定,,血中ホルモン（卵胞刺激ホルモン(Follicle-Stimulating Hormone （FSH）)、黄体形成ホルモン(luteinizing hormone （LH）)、プロラクチン、ヒト絨毛性ゴナドトロピン(human chorionic gonadotropin （hCG）)、エストロゲン、プロゲステロン）の測定,,技術参与確認,,,,,,,,,,,,,,,
生殖機能,検査方法,骨盤内臓器と腫瘍の画像診断（超音波断層法CT、MRI、子宮卵管造影（HSG））,JlAKppY,D-09-02-02-02,骨盤内臓器と腫瘍の画像診断（超音波検査、コンピュータ断層撮影<CT>、磁気共鳴画像法<MRI>、子宮卵管造影(hysterosalpingography <HSG>)所見を概説できる。,骨盤内臓器と腫瘍の画像診断（超音波断層法CT、MRI、子宮卵管造影（HSG））,骨盤内臓器と腫瘍の画像診断（超音波断層法CT、MRI、子宮卵管造影(hysterosalpingography （HSG）),1.0,,,,骨盤内臓器と腫瘍の画像診断（超音波断層法CT、MRI、子宮卵管造影（HSG））,,骨盤内臓器と腫瘍の画像診断（超音波断層法CT、MRI、子宮卵管造影(hysterosalpingography （HSG）),,技術参与確認,,,,,,,,,,,,,,,
生殖機能,検査方法,基礎体温測定,JlAKppc,D-09-02-02-03,基礎体温の所見を説明できる。,基礎体温測定,基礎体温測定,,,,,,,基礎体温測定,,,,,,,,,,,,,,,,,
生殖機能,検査方法,腟分泌物所見,JlAKppg,D-09-02-02-04,腟分泌物の所見を説明できる。,腟分泌物所見,腟分泌物所見,,,,,,,腟分泌物所見,,,,,,,,,,,,,,,,,
生殖機能,特異的治療法,体外受精―胚移植（IVF-ET）,JlAKppk,,,体外受精―胚移植（IVF-ET）,体外受精―胚移植（IVF-ET）,,,,,,,体外受精―胚移植（IVF-ET）,,,,,,①体外受精―胚移植<IVF-ET>を追加,,,,,,,,,,,
妊娠と分娩,構造と機能,妊娠・分娩・産褥での母体の解剖学的と生理学的変化,JlAKpp4,D-10-03-na-01,妊娠・分娩・産褥での母体の解剖学的と生理学的変化を説明できる。,妊娠・分娩・産褥での母体の解剖学的と生理学的変化,妊娠・分娩・産褥での母体の解剖学的と生理学的変化,,,,,,,妊娠・分娩・産褥での母体の解剖学的と生理学的変化,,,,,,,,,,,,,,,,,
妊娠と分娩,構造と機能,胎児・胎盤系の発達過程での機能・形態的変化,JlAKpp8,D-10-03-na-02,胎児・胎盤系の発達過程での機能・形態的変化を説明できる。,胎児・胎盤系の発達過程での機能・形態的変化,胎児・胎盤系の発達過程での機能・形態的変化,,,,,,,胎児・胎盤系の発達過程での機能・形態的変化,,,,,,,D-05-01-na-05との重複検討,,,,,,,,,,
妊娠と分娩,構造と機能,正常妊娠の経過（妊娠に伴う身体的変化を含む）,JlAKpqA,"D-10-03-na-03,D-10-01-na-02","正常妊娠の経過を説明できる。,妊娠に伴う身体的変化を概説できる。",正常妊娠の経過（妊娠に伴う身体的変化を含む）,正常妊娠の経過（妊娠に伴う身体的変化を含む）,,,,,,,正常妊娠の経過（妊娠に伴う身体的変化を含む）,,,,,,,,,,,,,,,,,
妊娠と分娩,構造と機能,正常分娩の経過,JlAKpqE,D-10-03-na-04,正常分娩の経過を説明できる。,正常分娩の経過,正常分娩の経過,,,,,,,正常分娩の経過,,,,,,,,,,,,,,,,,
妊娠と分娩,構造と機能,産褥の過程,JlAKpqI,D-10-03-na-05,産褥の過程を説明できる。,産褥の過程,産褥の過程,,,,,,,産褥の過程,,,,,,,,,,,,,,,,,
妊娠と分娩,構造と機能,育児に伴う母体の変化、精神問題および母子保健,JlAKpqM,"D-10-03-na-06, D-10-03-na-07","育児に伴う母体の構造的・生理的な変化、精神問題を説明できる。,母子保健の意義を医学的に説明できる。",育児に伴う母体の変化、精神問題および母子保健,育児に伴う母体の変化、精神問題および母子保健,,,,,,,育児に伴う母体の変化、精神問題および母子保健,,,,,,,,,,,,,,,,,
妊娠と分娩,症候,腹痛,JlAKpqQ,"D-10-02-na-01,D-10-02-na-02,D-10-02-na-03","腹痛,悪心・嘔吐,腹部膨隆（腹水を含む）・膨満・腫瘤",腹痛,腹痛,,,,,,,腹痛,,,,,,,,,,,,,,,,,
妊娠と分娩,症候,悪心・嘔吐,JlAKpqU,"D-10-02-na-01,D-10-02-na-02,D-10-02-na-03","腹痛,悪心・嘔吐,腹部膨隆（腹水を含む）・膨満・腫瘤",悪心・嘔吐,悪心・嘔吐,,,,,,,悪心・嘔吐,,,,,,,,,,,,,,,,,
妊娠と分娩,症候,腹部膨隆・腫瘤,JlAKpqY,"D-10-02-na-01,D-10-02-na-02,D-10-02-na-03","腹痛,悪心・嘔吐,腹部膨隆（腹水を含む）・膨満・腫瘤",腹部膨隆・腫瘤,腹部膨隆・腫瘤,,,,,,,腹部膨隆・腫瘤,,,,,,,,,,,,,,,,,
妊娠と分娩,症候,性器出血,JlAKpqc,"F-01-30-na-01,F-01-30-na-02,F-01-30-na-03, G-02-30-na-01,G-02-30-na-02,G-02-30-na-03,G-02-30-na-04,G-02-30-na-05","月経異常の原因と病態生理を説明できる。,月経異常をきたす疾患(群)を列挙し、診断の要点を説明できる。,月経異常がある患者の治療の要点を説明し、専門的治療が必要な状態を概説できる。,無月経：妊娠,月経困難：月経困難症,月経困難：子宮内膜症,不正性器出血：子宮頸癌,不正性器出血：子宮体癌",性器出血,性器出血,,,,,,,性器出血,,,,,,①性器出血、②月経異常,",G-02-30-na-02,G-02-30-na-03,G-02-30-na-04,G-02-30-na-05",,,,,,,,,,
妊娠と分娩,症候,月経異常,JlAKpqg,"F-01-30-na-01,F-01-30-na-02,F-01-30-na-03, G-02-30-na-01,G-02-30-na-02,G-02-30-na-03,G-02-30-na-04,G-02-30-na-05","月経異常の原因と病態生理を説明できる。,月経異常をきたす疾患(群)を列挙し、診断の要点を説明できる。,月経異常がある患者の治療の要点を説明し、専門的治療が必要な状態を概説できる。,無月経：妊娠,月経困難：月経困難症,月経困難：子宮内膜症,不正性器出血：子宮頸癌,不正性器出血：子宮体癌",月経異常,月経異常,,,,,,,月経異常,,,,,,①性器出血、②月経異常,",G-02-30-na-02,G-02-30-na-03,G-02-30-na-04,G-02-30-na-05",,,,,,,,,,
妊娠と分娩,検査方法,妊娠の検査（妊娠反応、超音波検査）,JlAKpqk,D-10-01-na-01,妊娠の診断法を説明できる。,妊娠の検査（妊娠反応、超音波検査）,妊娠の検査（妊娠反応、超音波検査）,,,,,,,妊娠の検査（妊娠反応、超音波検査）,,,,,,,,,,,,,,,,,
妊娠と分娩,検査方法,妊娠中の検査（血液検査・出生前遺伝学的検査・羊水検査・分泌物検査・ノンストレステスト・超音波検査・超音波ドプラ法・羊水量）,JlAKpqo,D-10-01-na-04,羊水検査法の意義と異常所見を説明できる。,妊娠中の検査（血液検査・出生前遺伝学的検査・羊水検査・分泌物検査・ノンストレステスト・超音波検査・超音波ドプラ法・羊水量）,妊娠中の検査（血液検査・出生前遺伝学的検査・羊水検査・分泌物検査・ノンストレステスト・超音波検査・超音波ドプラ法・羊水量）,,,,,,,妊娠中の検査（血液検査・出生前遺伝学的検査・羊水検査・分泌物検査・ノンストレステスト・超音波検査・超音波ドプラ法・羊水量）,,,,,,②妊娠中の検査（血液検査、出生前遺伝学的検査（NIPT）、羊水検査、分泌物検査、ノンストレステスト、超音波検査、超音波ドプラ法、羊水量）,,,,,,,,,,,
妊娠と分娩,検査方法,分娩の検査（超音波検査・胎児心拍数陣痛図）,JlAKpqs,D-10-01-na-03,胎児・胎盤検査法（超音波検査、分娩監視装置による）の意義を説明できる。,分娩の検査（超音波検査・胎児心拍数陣痛図）,分娩の検査（超音波検査・胎児心拍数陣痛図）,,,,,,,分娩の検査（超音波検査・胎児心拍数陣痛図）,,,,,,,,,,,,,,,,,
妊娠と分娩,特異的治療法,妊娠時の薬物療法の注意点,JlAKpqw,,,妊娠時の薬物療法の注意点,妊娠時の薬物療法の注意点,,,,,,,妊娠時の薬物療法の注意点,,,,,,,,,,,,,,,,,
妊娠と分娩,特異的治療法,人工妊娠中絶、鉗子・吸引分娩、帝王切開術の適応,JlAKpq0,D-10-03-na-08,妊娠時の薬物療法の注意点を説明できる。,人工妊娠中絶、鉗子・吸引分娩、帝王切開術の適応,人工妊娠中絶、鉗子・吸引分娩、帝王切開術の適応,,,,,,,人工妊娠中絶、鉗子・吸引分娩、帝王切開術の適応,,,,,,,,,,,,,,,,,
小児,症候,発熱,Jli6Jl0,"F-01-01-na-01,F-01-01-na-02,F-01-01-na-03,G-02-01-na-01,G-02-01-na-02,G-02-01-na-03,G-02-01-na-04,G-02-01-na-05,G-02-01-na-06,G-02-01-na-07,G-02-01-na-08","発熱の原因と病態生理を説明できる。,発熱をきたす疾患(群)を列挙し、診断の要点を説明できる。,発熱がある患者の治療の要点を説明し、専門的治療が必要な状態を概説できる。,感染症：肺炎,感染症：結核,感染症：尿路感染症,腫瘍：悪性リンパ腫,腫瘍：腎細胞癌,自己免疫：全身性エリテマトーデス<SLE>,自己免疫：炎症性腸疾患,環境：熱中症",発熱,発熱,,,,,,,発熱,,,,,E-07-01-na-02,,小児に頻度の多い症候,,,,,,,,,,
小児,症候,意識障害,Jli6Jl4,"F-01-07-na-01,F-01-07-na-02,F-01-07-na-03,G-02-07-na-01,G-02-07-na-02,G-02-07-na-03,G-02-07-na-04,G-02-07-na-05,G-02-07-na-06,G-02-07-na-07,G-02-07-na-08,G-02-07-na-09","意識障害・失神の原因と病態生理を説明できる。,意識障害・失神をきたす疾患(群)を列挙し、診断の要点を説明できる。,意識障害・失神がある患者の治療の要点を説明し、専門的治療が必要な状態を概説できる。,脳原発性：くも膜下出血,脳原発性：頭蓋内血腫,脳原発性：脳炎,全身性：心筋梗塞,全身性：不整脈,全身性：肺塞栓症,全身性：てんかん,全身性：急性消化管出血,全身性：肝不全",意識障害,意識障害,,,,,,,意識障害,,,,,,,小児に頻度の多い症候,,,,,,,,,,
小児,症候,けいれん,Jli6Jl8,"F-01-08-na-01,F-01-08-na-02,F-01-08-na-03,G-02-08-na-01,G-02-08-na-02,G-02-08-na-03,G-02-08-na-04,G-02-08-na-05,G-02-08-na-06","けいれんの原因と病態生理を説明できる。,けいれんをきたす疾患(群)を列挙し、診断の要点を説明できる。,けいれんがある患者の治療の要点を説明し、専門的治療が必要な状態を概説できる。,脳血管障害：脳梗塞,中毒：薬物依存症,中毒：アルコール依存症,感染症：脳炎,感染症：脳症,感染症：熱性けいれん",けいれん,けいれん,,,,,,,けいれん,,,,,,,小児に頻度の多い症候,,,,,,,,,,
小児,症候,浮腫,Jli6JmE,"F-01-11-na-01,F-01-11-na-02,F-01-11-na-03,G-02-11-na-01,G-02-11-na-02,G-02-11-na-03,G-02-11-na-04,G-02-11-na-05,G-02-11-na-06","浮腫の原因と病態生理を説明できる。,浮腫をきたす疾患(群)を列挙し、診断の要点を説明できる。,浮腫がある患者の治療の要点を説明し、専門的治療が必要な状態を概説できる。,局所性：深部静脈血栓症,全身性：心不全,全身性：ネフローゼ症候群,全身性：慢性腎臓病,全身性：肝硬変,全身性：甲状腺機能低下症",浮腫,浮腫,,,,,,,浮腫,,,,,,,小児に頻度の多い症候,,,,,,,,,,
小児,症候,発疹,Jli6JmI,"F-01-12-na-01,F-01-12-na-02,F-01-12-na-03,G-02-12-na-01,G-02-12-na-02,G-02-12-na-03,G-02-12-na-04,G-02-12-na-05,G-02-12-na-06,G-02-12-na-07","発疹の原因と病態生理を説明できる。,発疹をきたす疾患(群)を列挙し、診断の要点を説明できる。,発疹がある患者の治療の要点を説明し、専門的治療が必要な状態を概説できる。,感染症：ウイルス性発疹症（麻疹）,感染症：ウイルス性発疹症（風疹）,感染症：ウイルス性発疹症（水痘）,感染症：ウイルス性発疹症（ヘルペス）,アレルギー、自己免疫：蕁麻疹,アレルギー、自己免疫：薬疹,アレルギー、自己免疫：全身性エリテマトーデス<SLE>",発疹,発疹,,,,,,,発疹,,,,,,,小児に頻度の多い症候,,,,,,,,,,
小児,症候,咳・痰,Jli6JmQ,"F-01-13-na-01,F-01-13-na-02,F-01-13-na-03,G-02-13-na-01,G-02-13-na-02,G-02-13-na-03,G-02-13-na-04,G-02-13-na-05,G-02-13-na-06,G-02-13-na-07","咳・痰の原因と病態生理を説明できる。,咳・痰をきたす疾患(群)を列挙し、診断の要点を説明できる。,咳・痰がある患者の治療の要点を説明し、専門的治療が必要な状態を概説できる。,感染症：気管支炎,感染症：肺炎,感染症：副鼻腔炎,腫瘍：肺癌,特発性：間質性肺疾患,自己免疫：気管支喘息,消化器：胃食道逆流症<GERD>",咳・痰,咳・痰,,,,,,,咳・痰,,,,,,,小児に頻度の多い症候,,,,,,,,,,
小児,症候,呼吸困難,Jli6JmY,"F-01-15-na-01,F-01-15-na-02,F-01-15-na-03,G-02-15-na-01,G-02-15-na-02,G-02-15-na-03,G-02-15-na-04,G-02-15-na-05,G-02-15-na-06,G-02-15-na-07,G-02-15-na-08","呼吸困難の原因と病態生理を説明できる。,呼吸困難をきたす疾患(群)を列挙し、診断の要点を説明できる。,呼吸困難がある患者の治療の要点を説明し、専門的治療が必要な状態を概説できる。,呼吸器：肺塞栓症,呼吸器：急性呼吸促(窮)迫症候群<ARDS>,呼吸器：気管支喘息,呼吸器：慢性閉塞性肺疾患<COPD>,呼吸器：緊張性気胸,循環器：心不全,心因性：パニック障害,心因性：過換気症候群",呼吸困難,呼吸困難,,,,,,,呼吸困難,,,,,,,小児に頻度の多い症候,,,,,,,,,,
小児,症候,嚥下困難,Jli6Jmc,"F-01-19-na-01,F-01-19-na-02,F-01-19-na-03,G-02-19-na-01,G-02-19-na-02,G-02-19-na-03,G-02-19-na-04,G-02-19-na-05,G-02-19-na-06,G-02-19-na-07","嚥下困難・障害の原因と病態生理を説明できる。,嚥下困難・障害をきたす疾患(群)を列挙し、診断の要点を説明できる。,嚥下困難・障害がある患者の治療の要点を説明し、専門的治療が必要な状態を概説できる。,神経：脳出血,神経：脳梗塞,呼吸器：扁桃炎,呼吸器：肺癌,消化器：胃食道逆流症<GERD>,消化器：食道癌,心因性：身体症状症",嚥下困難,嚥下困難,,,,,,,嚥下困難,,,,,,,小児に頻度の多い症候,,,,,,,,,,
小児,症候,腹痛,Jli6Jmk,"F-01-20-na-01,F-01-20-na-02,F-01-20-na-03,G-02-20-na-01,G-02-20-na-02,G-02-20-na-03,G-02-20-na-04,G-02-20-na-05,G-02-20-na-06,G-02-20-na-07,G-02-20-na-08,G-02-20-na-09,G-02-20-na-10,G-02-20-na-11,G-02-20-na-12,G-02-20-na-13","腹痛の原因と病態生理を説明できる。,腹痛をきたす疾患(群)を列挙し、診断の要点を説明できる。,腹痛がある患者の治療の要点を説明し、専門的治療が必要な状態を概説できる。,消化器：機能性ディスペプシア<FD>,消化器：過敏性腸症候群,消化器：炎症性腸疾患,消化器：消化性潰瘍,消化器：急性虫垂炎,消化器：胆石症,消化器：急性膵炎,消化器：腸閉塞,消化器：鼠径ヘルニア,泌尿・生殖器：尿路結石,泌尿・生殖器：流・早産,循環器：急性冠症候群,心因性：身体症状症",腹痛,腹痛,,,,,,,腹痛,,,,,,,小児に頻度の多い症候,,,,,,,,,,
小児,症候,悪心・嘔吐,Jli6Jmo,"F-01-21-na-01,F-01-21-na-02,F-01-21-na-03,G-02-21-na-01,G-02-21-na-02,G-02-21-na-03,G-02-21-na-04,G-02-21-na-05,G-02-21-na-06,G-02-21-na-07,G-02-21-na-08,G-02-21-na-09","悪心・嘔吐の原因と病態生理を説明できる。,悪心・嘔吐をきたす疾患(群)を列挙し、診断の要点を説明できる。,悪心・嘔吐がある患者の治療の要点を説明し、専門的治療が必要な状態を概説できる。,消化管：機能性ディスペプシア<FD>,消化管：腸閉塞,消化管：食中毒,循環器：急性心筋梗塞,神経：片頭痛,神経：脳出血,神経：くも膜下出血,神経：頭蓋内血腫,精神：うつ病",悪心・嘔吐,悪心・嘔吐,,,,,,,悪心・嘔吐,,,,,,,小児に頻度の多い症候,,,,,,,,,,
小児,症候,下血,Jli6Jmw,"F-01-22-na-01,F-01-22-na-02,F-01-22-na-03,G-02-22-na-01,G-02-22-na-02,G-02-22-na-03,G-02-22-na-04,G-02-22-na-05,G-02-22-na-06,G-02-22-na-07,G-02-22-na-08","吐血・下血の原因と病態生理を説明できる。,吐血・下血をきたす疾患(群)を列挙し、診断の要点を説明できる。,吐血・下血がある患者の治療の要点を説明し、専門的治療が必要な状態を概説できる。,（吐血）食道：食道静脈瘤,（吐血）食道：食道癌,（吐血）胃：消化性潰瘍,（吐血）胃：胃癌,（下血）上部消化管：食道静脈瘤,（下血）上部消化管：消化性潰瘍,（下血）下部消化管：炎症性腸疾患,（下血）下部消化管：大腸癌",下血,下血,,,,,,,下血,,,,,,,小児に頻度の多い症候,,,,,,,,,,
小児,症候,便秘,Jli6Jm0,"F-01-23-na-01,F-01-23-na-02,F-01-23-na-03,G-02-23-na-01,G-02-23-na-02,G-02-23-na-03,G-02-23-na-04,G-02-23-na-05,G-02-23-na-06,G-02-23-na-07,G-02-23-na-08,G-02-23-na-09","便秘・下痢の原因と病態生理を説明できる。,便秘・下痢をきたす疾患(群)を列挙し、診断の要点を説明できる。,便秘・下痢がある患者の治療の要点を説明し、専門的治療が必要な状態を概説できる。,（便秘）機能性：過敏性腸症候群,（便秘）機能性：甲状腺機能低下症,（便秘）器質性：腸閉塞,（便秘）器質性：大腸癌,（下痢）炎症性：急性胃腸炎,（下痢）炎症性：炎症性腸疾患,（下痢）腸管運動異常：過敏性腸症候群,（下痢）腸管運動異常：甲状腺機能亢進症,（下痢）浸透圧性：慢性膵炎",便秘,便秘,,,,,,,便秘,,,,,,,小児に頻度の多い症候,,,,,,,,,,
小児,症候,下痢,Jli6Jm8,"F-01-23-na-01,F-01-23-na-02,F-01-23-na-03,G-02-23-na-01,G-02-23-na-02,G-02-23-na-03,G-02-23-na-04,G-02-23-na-05,G-02-23-na-06,G-02-23-na-07,G-02-23-na-08,G-02-23-na-09","便秘・下痢の原因と病態生理を説明できる。,便秘・下痢をきたす疾患(群)を列挙し、診断の要点を説明できる。,便秘・下痢がある患者の治療の要点を説明し、専門的治療が必要な状態を概説できる。,（便秘）機能性：過敏性腸症候群,（便秘）機能性：甲状腺機能低下症,（便秘）器質性：腸閉塞,（便秘）器質性：大腸癌,（下痢）炎症性：急性胃腸炎,（下痢）炎症性：炎症性腸疾患,（下痢）腸管運動異常：過敏性腸症候群,（下痢）腸管運動異常：甲状腺機能亢進症,（下痢）浸透圧性：慢性膵炎",下痢,下痢,,,,,,,下痢,,,,,,,小児に頻度の多い症候,,,,,,,,,,
小児,症候,黄疸,Jli6JnA,"F-01-24-na-01,F-01-24-na-02,F-01-24-na-03,G-02-24-na-01,G-02-24-na-02,G-02-24-na-03,G-02-24-na-04,G-02-24-na-05,G-02-24-na-06","黄疸の原因と病態生理を説明できる。,黄疸をきたす疾患(群)を列挙し、診断の要点を説明できる。,黄疸がある患者の治療の要点を説明し、専門的治療が必要な状態を概説できる。,抱合型：急性肝炎,抱合型：慢性肝炎,抱合型：肝硬変,抱合型：胆管炎,抱合型：膵癌,非抱合型：溶血性貧血",黄疸,黄疸,,,,,,,黄疸,,,,,,,小児に頻度の多い症候,,,,,,,,,,
小児,症候,腹部膨隆・腫瘤,Jli6JnI,"F-01-25-na-01,F-01-25-na-02,F-01-25-na-03,G-02-25-na-01,G-02-25-na-02,G-02-25-na-03,G-02-25-na-04,G-02-25-na-05,G-02-25-na-06,G-02-25-na-07","腹部膨隆（腹水を含む）・腫瘤の原因と病態生理を説明できる。,腹部膨隆（腹水を含む）・腫瘤をきたす疾患(群)を列挙し、診断の要点を説明できる。,腹部膨隆（腹水を含む）・腫瘤がある患者の治療の要点を説明し、専門的治療が必要な状態を概説できる。,消化管：腸閉塞,消化管：大腸癌,腹水：肝硬変,腹水：ネフローゼ症候群,腹水：心不全,腫瘤：肝癌,腫瘤：卵巣嚢腫",腹部膨隆・腫瘤,腹部膨隆・腫瘤,,,,,,,腹部膨隆・腫瘤,,,,,,,小児に頻度の多い症候,,,,,,,,,,
小児,症候,リンパ節腫脹,Jli6JnQ,"F-01-27-na-01,F-01-27-na-02,F-01-27-na-03,G-02-27-na-01,G-02-27-na-02,G-02-27-na-03,G-02-27-na-04,G-02-27-na-05,G-02-27-na-06","リンパ節腫脹の原因と病態生理を説明できる。,リンパ節腫脹をきたす疾患(群)を列挙し、診断の要点を説明できる。,リンパ節腫脹がある患者の治療の要点を説明し、専門的治療が必要な状態を概説できる。,感染症：ウイルス性発疹症（風疹）,感染症：ウイルス性発疹症（麻疹）,感染症：結核,自己免疫：全身性エリテマトーデス<SLE>,腫瘍：悪性リンパ腫,腫瘍：その他の悪性腫瘍全般",リンパ節腫脹,リンパ節腫脹,,,,,,,リンパ節腫脹,,,,,,,小児に頻度の多い症候,,,,,,,,,,
小児,症候,尿量・排尿の異常,Jli6JnU,"F-01-28-na-01,F-01-28-na-02,F-01-28-na-03,G-02-28-na-01,G-02-28-na-02,G-02-28-na-03,G-02-28-na-04,G-02-28-na-05,G-02-28-na-06,G-02-28-na-07","尿量・排尿の異常の原因と病態生理を説明できる。,尿量・排尿の異常をきたす疾患(群)を列挙し、診断の要点を説明できる。,尿量・排尿の異常がある患者の治療の要点を説明し、専門的治療が必要な状態を概説できる。,（多尿）：浸透圧利尿：糖尿病,（多尿）：中毒：薬剤性,（頻尿）畜尿障害：尿路感染症,（頻尿）畜尿障害：脊髄損傷,（頻尿）排出困難（排出障害）：前立腺肥大症,（頻尿）排出困難（排出障害）：尿路感染症,（頻尿）排出困難（排出障害）：前立腺癌",尿量・排尿の異常,尿量・排尿の異常,,,,,,,尿量・排尿の異常,,,,,,,小児に頻度の多い症候,,,,,,,,,,
小児,症候,哺乳力低下,Jli6Jnc,新設,{not found: 新設},哺乳力低下,哺乳力低下,,,,,,,哺乳力低下,,,,,,,"医師国家試験出題基準（平成30年版）のp18の必修部分に記載, 成人症候の食思(欲)不振に該当",,,,,,,,,,
小児,症候,体重増加不良,Jli6Jng,新設,{not found: 新設},体重増加不良,体重増加不良,,,,,,,体重増加不良,,,,,,,"医師国家試験出題基準（平成30年版）のp18の必修部分の徴候, 成人症候の体重減少に該当",,,,,,,,,,
小児,症候,活動性低下,Jli6Jno,新設,{not found: 新設},活動性低下,活動性低下,,,,,,,活動性低下,,,,,,,"医師国家試験出題基準（平成30年版）のp18の必修部分の徴候, 成人症候の全身倦怠感に該当",,,,,,,,,,
小児,検査方法,新生児マススクリーニング,Jli6Jns,E-07-01-na-06,新生児マススクリーニングを説明できる。,新生児マススクリーニング,新生児マススクリーニング,,,,,,,新生児マススクリーニング,,,,,,,,,,,,,,,,,
小児,検査方法,新生児聴覚スクリーニング,Jli6Jn0,新設,{not found: 新設},新生児聴覚スクリーニング,新生児聴覚スクリーニング,,,,,,,新生児聴覚スクリーニング,,,,,,,,,,,,,,,,,
小児,検査方法,乳幼児健康診査,Jli6Jn8,新設,{not found: 新設},乳幼児健康診査,乳幼児健康診査,,,,,,,乳幼児健康診査,,,,,,,,,,,,,,,,,
小児,特異的治療法,小児輸液療法,Jli6JoA,"F-02-11-na-05, D-08-01-na-01","乳幼児と小児の輸液療法を説明できる。,体液の量と組成・浸透圧を小児と成人を区別して説明できる。",小児輸液療法,小児輸液療法,,,,,,,小児輸液療法,,,,,,,,,,,,,,,,,
小児,特異的治療法,予防接種,Jli6JoI,E-07-03-na-04,小児保健における予防接種の意義と内容を説明できる。,予防接種,予防接種,,,,,,,予防接種,,,,,,,,,,,,,,,,,
乳房,構造と機能,乳房の構造と機能,JlAKprM,D-11-01-na-01,乳房の構造と機能を説明できる。,乳房の構造と機能,乳房の構造と機能,,,,,,,乳房の構造と機能,,,,,,,,,,,,,,,,,
乳房,構造と機能,成長発達に伴う乳房の変化,JlAKprQ,D-11-01-na-02,成長発達に伴う乳房の変化を説明できる。,成長発達に伴う乳房の変化,成長発達に伴う乳房の変化,,,,,,,成長発達に伴う乳房の変化,,,,,,,,,,,,,,,,,
乳房,構造と機能,乳汁分泌に関するホルモンの作用を説明できる。,JlAKprU,D-11-01-na-03,乳汁分泌に関するホルモンの作用を説明できる。,乳汁分泌に関するホルモンの作用を説明できる。,乳汁分泌に関するホルモンの作用を説明できる。,,,,,,,乳汁分泌に関するホルモンの作用を説明できる。,,,,,,,,,,,,,,,,,
乳房,症候,乳房腫瘤,JlAKprY,"D-11-03-na-01,D-11-04-01-02","乳房腫瘤、異常乳汁分泌（血性乳頭分泌）と乳房の腫脹・疼痛・変形をきたす主な病因を列挙できる。,女性化乳房を概説できる。",乳房腫瘤,乳房腫瘤,,,,,,,乳房腫瘤,,,,,,,,,,,,,,,,,
乳房,症候,異常乳汁分泌（血性乳頭分泌）,JlAKprc,"D-11-03-na-01,D-11-04-01-02","乳房腫瘤、異常乳汁分泌（血性乳頭分泌）と乳房の腫脹・疼痛・変形をきたす主な病因を列挙できる。,女性化乳房を概説できる。",異常乳汁分泌（血性乳頭分泌）,異常乳汁分泌（血性乳頭分泌）,,,,,,,異常乳汁分泌（血性乳頭分泌）,,,,,,,,,,,,,,,,,
乳房,症候,乳房の腫脹・疼痛・変形,JlAKprg,"D-11-03-na-01,D-11-04-01-02","乳房腫瘤、異常乳汁分泌（血性乳頭分泌）と乳房の腫脹・疼痛・変形をきたす主な病因を列挙できる。,女性化乳房を概説できる。",乳房の腫脹・疼痛・変形,乳房の腫脹・疼痛・変形,,,,,,,乳房の腫脹・疼痛・変形,,,,,,,,,,,,,,,,,
乳房,症候,女性化乳房,JlAKprk,"D-11-03-na-01,D-11-04-01-02","乳房腫瘤、異常乳汁分泌（血性乳頭分泌）と乳房の腫脹・疼痛・変形をきたす主な病因を列挙できる。,女性化乳房を概説できる。",女性化乳房,女性化乳房,,,,,,,女性化乳房,,,,,,,,,,,,,,,,,
乳房,検査方法,乳房腫瘤に対する画像診断（超音波検査・マンモグラフィ・MRI）,JlAKpro,D-11-02-na-01,乳房腫瘤の画像診断（乳房撮影、超音波検査、磁気共鳴画像法<MRI>）を概説できる。,乳房腫瘤に対する画像診断（超音波検査・マンモグラフィ・MRI）,乳房腫瘤に対する画像診断（超音波検査・マンモグラフィ・MRI）,,,,,,,乳房腫瘤に対する画像診断（超音波検査・マンモグラフィ・MRI）,乳房腫瘤に対する画像診断（超音波検査・マンモグラフィ・MRI）,査読者D,2.0,,,マンモグラフィー,,,,,,マンモグラフィーはマンモグラフィと記載,,,,,
乳房,検査方法,乳房腫瘤に対する細胞・組織診断法,JlAKprs,D-11-02-na-02,乳房腫瘤に対する細胞・組織診断法を概説できる。,乳房腫瘤に対する細胞・組織診断法,乳房腫瘤に対する細胞・組織診断法,,,,,,,乳房腫瘤に対する細胞・組織診断法,,,,,,,,,,,,,,,,,
乳房,特異的治療法,※現時点で該当項目なし,JlAKprw,,,※現時点で該当項目なし,※現時点で該当項目なし,,,,,,,※現時点で該当項目なし,なし,,,,,,,,,,,,,,,,
内分泌・栄養・代謝系,構造と機能,ホルモンの構造的分類、作用機序および分泌調節機能,JlAKpr8,D-12-01-na-01,ホルモンを構造から分類し作用機序と分泌調節機能を説明できる。,ホルモンの構造的分類、作用機序および分泌調節機能,ホルモンの構造的分類、作用機序および分泌調節機能,,,,,,,ホルモンの構造的分類、作用機序および分泌調節機能,,,,,D-12-01-na-02,,,,,,,,,,,,
内分泌・栄養・代謝系,構造と機能,視床下部ホルモン・下垂体ホルモンの名称、作用と相互関係,JlAKpsA,D-12-01-na-03,視床下部ホルモン・下垂体ホルモンの名称、作用と相互関係を説明できる。,視床下部ホルモン・下垂体ホルモンの名称、作用と相互関係,視床下部ホルモン・下垂体ホルモンの名称、作用と相互関係,,,,,,,視床下部ホルモン・下垂体ホルモンの名称、作用と相互関係,,,,,D-12-02-na-04,,,,,,,,,,,,
内分泌・栄養・代謝系,構造と機能,甲状腺と副甲状腺(上皮小体)から分泌されるホルモンの作用と分泌調節機構,JlAKpsE,D-12-01-na-04,甲状腺と副甲状腺（上皮小体）から分泌されるホルモンの作用と分泌調節機構を説明できる。,甲状腺と副甲状腺(上皮小体)から分泌されるホルモンの作用と分泌調節機構,甲状腺と副甲状腺(上皮小体)から分泌されるホルモンの作用と分泌調節機構,,,,,,,甲状腺と副甲状腺(上皮小体)から分泌されるホルモンの作用と分泌調節機構,,,,,,,,,,,,,,,,,
内分泌・栄養・代謝系,構造と機能,副腎の構造と分泌されるホルモンの作用と分泌調節機構,JlAKpsI,D-12-01-na-05,副腎の構造と分泌されるホルモンの作用と分泌調節機構を説明できる。,副腎の構造と分泌されるホルモンの作用と分泌調節機構,副腎の構造と分泌されるホルモンの作用と分泌調節機構,,,,,,,副腎の構造と分泌されるホルモンの作用と分泌調節機構,,,,,,,,,,,,,,,,,
内分泌・栄養・代謝系,構造と機能,膵島から分泌されるホルモンの作用,JlAKpsM,D-12-01-na-06,膵島から分泌されるホルモンの作用を説明できる。,膵島から分泌されるホルモンの作用,膵島から分泌されるホルモンの作用,,,,,,,膵島から分泌されるホルモンの作用,,,,,,,,,,,,,,,,,
内分泌・栄養・代謝系,構造と機能,男性ホルモン・女性ホルモンの合成・代謝経路と作用,JlAKpsQ,D-12-01-na-07,男性ホルモン・女性ホルモンの合成・代謝経路と作用を説明できる。,男性ホルモン・女性ホルモンの合成・代謝経路と作用,男性ホルモン・女性ホルモンの合成・代謝経路と作用,,,,,,,男性ホルモン・女性ホルモンの合成・代謝経路と作用,,,,,,,,,,,,,,,,,
内分泌・栄養・代謝系,構造と機能,三大栄養素、ビタミン、微量元素の消化吸収と栄養素の生物学的利用効率,JlAKpsU,D-12-01-na-08,三大栄養素、ビタミン、微量元素の消化吸収と栄養素の生物学的利用効率(bioavailability)を説明できる。,三大栄養素、ビタミン、微量元素の消化吸収と栄養素の生物学的利用効率,三大栄養素、ビタミン、微量元素の消化吸収と栄養素の生物学的利用効率,,,,,,,三大栄養素、ビタミン、微量元素の消化吸収と栄養素の生物学的利用効率,,,,,,,C-04-03との調整必要,,,,,,,,,,
内分泌・栄養・代謝系,構造と機能,糖質・タンパク質・脂質の代謝経路と相互作用,JlAKpsY,D-12-01-na-09,糖質・タンパク質・脂質の代謝経路と相互作用を説明できる。,糖質・タンパク質・脂質の代謝経路と相互作用,糖質・タンパク質・脂質の代謝経路と相互作用,,,,,,,糖質・タンパク質・脂質の代謝経路と相互作用,,,,,,,,,,,,,,,,,
内分泌・栄養・代謝系,構造と機能,血中ホルモン濃度に影響を与える因子およびホルモンの日内変動,JlAKpsc,"D-12-02-na-02,D-12-02-na-03","血中ホルモン濃度に影響を与える因子を列挙できる。,ホルモンの日内変動の例を挙げて説明できる。",血中ホルモン濃度に影響を与える因子およびホルモンの日内変動,血中ホルモン濃度に影響を与える因子およびホルモンの日内変動,,,,,,,血中ホルモン濃度に影響を与える因子およびホルモンの日内変動,,,,,,,,,,,,,,,,,
内分泌・栄養・代謝系,症候,体重減少,JlAKpsg,,,体重減少,体重減少,,,,,,,体重減少,,,,,,,,,,,,,,,,,
内分泌・栄養・代謝系,症候,体重増加,JlAKpsk,,,体重増加,体重増加,,,,,,,体重増加,,,,,,,,,,,,,,,,,
内分泌・栄養・代謝系,症候,月経異常,JlAKpso,,,月経異常,月経異常,,,,,,,月経異常,,,,,,,,,,,,,,,,,
内分泌・栄養・代謝系,症候,低身長,JlAKpss,,,低身長,低身長,,,,,,,低身長,,,,,,,,,,,,,,,,,
内分泌・栄養・代謝系,症候,甲状腺腫,JlAKpsw,,,甲状腺腫,甲状腺腫,,,,,,,甲状腺腫,,,,,,,,,,,,,,,,,
内分泌・栄養・代謝系,症候,ホルモンの過剰または欠乏がもたらす身体症状,JlAKps0,,,ホルモンの過剰または欠乏がもたらす身体症状,ホルモンの過剰または欠乏がもたらす身体症状,,,,,,,ホルモンの過剰または欠乏がもたらす身体症状,,,,,,,,,,,,,,,,,
内分泌・栄養・代謝系,症候,エネルギー摂取の過剰または欠乏がもたらす身体症状,JlAKps4,,,エネルギー摂取の過剰または欠乏がもたらす身体症状,エネルギー摂取の過剰または欠乏がもたらす身体症状,,,,,,,エネルギー摂取の過剰または欠乏がもたらす身体症状,,,,,,,,,,,,,,,,,
内分泌・栄養・代謝系,検査方法,血中・尿中ホルモン測定,JlAKps8,,,血中・尿中ホルモン測定,血中・尿中ホルモン測定,,,,,,,血中・尿中ホルモン測定,,,,,,①血中・尿中ホルモン測定,,,,,,,,,,,
内分泌・栄養・代謝系,検査方法,内分泌機能検査、負荷試験,JlAKptA,,,内分泌機能検査、負荷試験,内分泌機能検査、負荷試験,,,,,,,内分泌機能検査、負荷試験,,,,,,②内分泌機能検査、負荷試験,,,,,,,,,,,
内分泌・栄養・代謝系,特異的治療法,※現時点でなし,JlAKptE,,,※現時点でなし,※現時点でなし,,,,,,,※現時点でなし,なし,,,,,,,,,,,,,,,,
眼・視覚系,構造と機能,眼球と付属器の構造,JlAKptw,D-13-01-na-01,眼球と付属器の構造と機能を説明できる。,眼球と付属器の構造,眼球と付属器の構造,,,,,,,眼球と付属器の構造,,,,,,,,,,,,,,,,,
眼・視覚系,構造と機能,視覚情報の受容の仕組みと伝導路,JlAKpt0,D-13-01-na-02,視覚情報の受容のしくみと伝導路を説明できる。,視覚情報の受容の仕組みと伝導路,視覚情報の受容の仕組みと伝導路,,,,,,,視覚情報の受容の仕組みと伝導路,,,,,,,,,,,,,,,,,
眼・視覚系,構造と機能,眼球運動の仕組み,JlAKpt4,D-13-01-na-03,眼球運動のしくみを説明できる。,眼球運動の仕組み,眼球運動の仕組み,,,,,,,眼球運動の仕組み,,,,,,,,,,,,,,,,,
眼・視覚系,構造と機能,対光反射、輻輳反射、角膜反射の機能,JlAKpt8,D-13-01-na-04,対光反射、輻輳反射、角膜反射の機能を説明できる。,対光反射、輻輳反射、角膜反射の機能,対光反射、輻輳反射、角膜反射の機能,,,,,,,対光反射、輻輳反射、角膜反射の機能,,,,,,,,,,,,,,,,,
眼・視覚系,症候,めまい,JlAKpuA,"D-13-03-02-01,D-13-03-02-02,D-13-03-02-03","めまい,頭痛・頭重感,悪心・嘔吐",めまい,めまい,,,,,,,めまい,,,,,,,,,,,,,,,,,
眼・視覚系,症候,頭痛,JlAKpuE,"D-13-03-02-01,D-13-03-02-02,D-13-03-02-03","めまい,頭痛・頭重感,悪心・嘔吐",頭痛,頭痛,,,,,,,頭痛,,,,,,,,,,,,,,,,,
眼・視覚系,症候,悪心・嘔吐,JlAKpuI,"D-13-03-02-01,D-13-03-02-02,D-13-03-02-03","めまい,頭痛・頭重感,悪心・嘔吐",悪心・嘔吐,悪心・嘔吐,,,,,,,悪心・嘔吐,,,,,,,,,,,,,,,,,
眼・視覚系,症候,視力障害,JlAKpuM,D-13-03-01-01,眼・視覚系に関する主要症候（視力障害、視野異常、色覚異常、眼球運動障害、眼脂・眼の充血、飛蚊症、眼痛）を列挙し、それらの発生機序、原因疾患と治療を説明できる。,視力障害,視力障害,,,,,,,視力障害,,,,,,,,,,,,,,,,,
眼・視覚系,症候,視野異常,JlAKpuQ,D-13-03-01-01,眼・視覚系に関する主要症候（視力障害、視野異常、色覚異常、眼球運動障害、眼脂・眼の充血、飛蚊症、眼痛）を列挙し、それらの発生機序、原因疾患と治療を説明できる。,視野異常,視野異常,,,,,,,視野異常,,,,,,,,,,,,,,,,,
眼・視覚系,症候,眼球運動障害,JlAKpuU,D-13-03-01-01,眼・視覚系に関する主要症候（視力障害、視野異常、色覚異常、眼球運動障害、眼脂・眼の充血、飛蚊症、眼痛）を列挙し、それらの発生機序、原因疾患と治療を説明できる。,眼球運動障害,眼球運動障害,,,,,,,眼球運動障害,,,,,,,,,,,,,,,,,
眼・視覚系,症候,眼脂・眼の充血,JlAKpuY,D-13-03-01-01,眼・視覚系に関する主要症候（視力障害、視野異常、色覚異常、眼球運動障害、眼脂・眼の充血、飛蚊症、眼痛）を列挙し、それらの発生機序、原因疾患と治療を説明できる。,眼脂・眼の充血,眼脂・眼の充血,,,,,,,眼脂・眼の充血,,,,,,,,,,,,,,,,,
眼・視覚系,症候,飛蚊症,JlAKpuc,D-13-03-01-01,眼・視覚系に関する主要症候（視力障害、視野異常、色覚異常、眼球運動障害、眼脂・眼の充血、飛蚊症、眼痛）を列挙し、それらの発生機序、原因疾患と治療を説明できる。,飛蚊症,飛蚊症,,,,,,,飛蚊症,,,,,,,,,,,,,,,,,
眼・視覚系,症候,眼痛,JlAKpug,D-13-03-01-01,眼・視覚系に関する主要症候（視力障害、視野異常、色覚異常、眼球運動障害、眼脂・眼の充血、飛蚊症、眼痛）を列挙し、それらの発生機序、原因疾患と治療を説明できる。,眼痛,眼痛,,,,,,,眼痛,,,,,,,,,,,,,,,,,
眼・視覚系,検査方法,視力検査,JlAKpuk,D-13-02-na-01,基本的眼科検査（視力検査、視野検査、細隙灯顕微鏡検査、眼圧検査、眼底検査）を列挙し、それらの原理と適応を述べ、主要所見を解釈できる。,視力検査,視力検査,,,,,,,視力検査,,,,,,,,,,,,,,,,,
眼・視覚系,検査方法,視野検査,JlAKpuo,D-13-02-na-01,基本的眼科検査（視力検査、視野検査、細隙灯顕微鏡検査、眼圧検査、眼底検査）を列挙し、それらの原理と適応を述べ、主要所見を解釈できる。,視野検査,視野検査,,,,,,,視野検査,,,,,,,,,,,,,,,,,
眼・視覚系,検査方法,細隙灯顕微鏡検査,JlAKpus,D-13-02-na-01,基本的眼科検査（視力検査、視野検査、細隙灯顕微鏡検査、眼圧検査、眼底検査）を列挙し、それらの原理と適応を述べ、主要所見を解釈できる。,細隙灯顕微鏡検査,細隙灯顕微鏡検査,,,,,,,細隙灯顕微鏡検査,,,,,,,,,,,,,,,,,
眼・視覚系,検査方法,眼圧検査,JlAKpuw,D-13-02-na-01,基本的眼科検査（視力検査、視野検査、細隙灯顕微鏡検査、眼圧検査、眼底検査）を列挙し、それらの原理と適応を述べ、主要所見を解釈できる。,眼圧検査,眼圧検査,,,,,,,眼圧検査,,,,,,,,,,,,,,,,,
眼・視覚系,検査方法,眼底検査,JlAKpu0,D-13-02-na-01,基本的眼科検査（視力検査、視野検査、細隙灯顕微鏡検査、眼圧検査、眼底検査）を列挙し、それらの原理と適応を述べ、主要所見を解釈できる。,眼底検査,眼底検査,,,,,,,眼底検査,,,,,,,,,,,,,,,,,
眼・視覚系,特異的治療法,レーザー治療,JlAKpu4,,,レーザー治療,レーザー治療,,,,,,,レーザー治療,,,,,,レーザー治療を追加,,,,,,,,,,,
耳鼻・咽喉・口腔系,構造と機能,外耳・中耳・内耳の構造,JlAKpvw,D-14-01-na-01,外耳・中耳・内耳の構造を図示できる。,外耳・中耳・内耳の構造,外耳・中耳・内耳の構造,,,,,,,外耳・中耳・内耳の構造,,,,,,,,,,,,,,,,,
耳鼻・咽喉・口腔系,構造と機能,聴覚・平衡覚の受容のしくみと伝導路,JlAKpv0,D-14-01-na-02,聴覚・平衡覚の受容のしくみと伝導路を説明できる。,聴覚・平衡覚の受容のしくみと伝導路,聴覚・平衡覚の受容のしくみと伝導路,,,,,,,聴覚・平衡覚の受容のしくみと伝導路,,,,,,,,,,,,,,,,,
耳鼻・咽喉・口腔系,構造と機能,口腔・鼻腔・咽頭・喉頭の構造,JlAKpv4,D-14-01-na-03,口腔・鼻腔・咽頭・喉頭の構造を図示できる。,口腔・鼻腔・咽頭・喉頭の構造,口腔・鼻腔・咽頭・喉頭の構造,,,,,,,口腔・鼻腔・咽頭・喉頭の構造,,,,,,,,,,,,,,,,,
耳鼻・咽喉・口腔系,構造と機能,喉頭の機能と神経支配,JlAKpv8,D-14-01-na-04,喉頭の機能と神経支配を説明できる。,喉頭の機能と神経支配,喉頭の機能と神経支配,,,,,,,喉頭の機能と神経支配,,,,,,,,,,,,,,,,,
耳鼻・咽喉・口腔系,構造と機能,眼球運動、姿勢制御と関連させた平衡感覚機構,JlAKpwA,D-14-01-na-05,平衡感覚機構を眼球運動、姿勢制御と関連させて説明できる。,眼球運動、姿勢制御と関連させた平衡感覚機構,眼球運動、姿勢制御と関連させた平衡感覚機構,,,,,,,眼球運動、姿勢制御と関連させた平衡感覚機構,,,,,,,,,,,,,,,,,
耳鼻・咽喉・口腔系,構造と機能,味覚と嗅覚の受容のしくみと伝導路,JlAKpwE,D-14-01-na-06,味覚と嗅覚の受容のしくみと伝導路を説明できる。,味覚と嗅覚の受容のしくみと伝導路,味覚と嗅覚の受容のしくみと伝導路,,,,,,,味覚と嗅覚の受容のしくみと伝導路,,,,,,,,,,,,,,,,,
耳鼻・咽喉・口腔系,症候,めまい,JlAKpwM,"D-14-02-na-01, D-14-02-na-02","聴力検査と平衡機能検査を説明できる。,味覚検査と嗅覚検査を説明できる。",めまい,めまい,,,,,,,めまい,,,,,,,そもそもチームのガイドに合わせ「嚥下障害」のみ,,,,,,,,,,
耳鼻・咽喉・口腔系,症候,嚥下困難,JlAKpwQ,"D-14-02-na-01, D-14-02-na-02","聴力検査と平衡機能検査を説明できる。,味覚検査と嗅覚検査を説明できる。",嚥下困難,嚥下困難,,,,,,,嚥下困難,,,,,,,そもそもチームのガイドに合わせ「嚥下障害」のみ,,,,,,,,,,
耳鼻・咽喉・口腔系,症候,気道狭窄,JlAKpwU,D-14-03-01-01,気道狭窄、難聴、鼻出血、咽頭痛、開口障害と反回神経麻痺（嗄声）をきたす疾患を列挙し、その病態を説明できる。,気道狭窄,気道狭窄,,,,,,,気道狭窄,,,,,,D-14-03-01-01を細分化し①～⑬（うち⑦～⑬新設）,,,,,,,,,,,
耳鼻・咽喉・口腔系,症候,難聴,JlAKpwY,D-14-03-01-01,気道狭窄、難聴、鼻出血、咽頭痛、開口障害と反回神経麻痺（嗄声）をきたす疾患を列挙し、その病態を説明できる。,難聴,難聴,,,,,,,難聴,,,,,,D-14-03-01-01を細分化し①～⑬（うち⑦～⑬新設）,,,,,,,,,,,
耳鼻・咽喉・口腔系,症候,鼻出血,JlAKpwc,D-14-03-01-01,気道狭窄、難聴、鼻出血、咽頭痛、開口障害と反回神経麻痺（嗄声）をきたす疾患を列挙し、その病態を説明できる。,鼻出血,鼻出血,,,,,,,鼻出血,,,,,,D-14-03-01-01を細分化し①～⑬（うち⑦～⑬新設）,,,,,,,,,,,
耳鼻・咽喉・口腔系,症候,咽頭痛,JlAKpwg,D-14-03-01-01,気道狭窄、難聴、鼻出血、咽頭痛、開口障害と反回神経麻痺（嗄声）をきたす疾患を列挙し、その病態を説明できる。,咽頭痛,咽頭痛,,,,,,,咽頭痛,,,,,,D-14-03-01-01を細分化し①～⑬（うち⑦～⑬新設）,,,,,,,,,,,
耳鼻・咽喉・口腔系,症候,開口障害,JlAKpwk,D-14-03-01-01,気道狭窄、難聴、鼻出血、咽頭痛、開口障害と反回神経麻痺（嗄声）をきたす疾患を列挙し、その病態を説明できる。,開口障害,開口障害,,,,,,,開口障害,,,,,,D-14-03-01-01を細分化し①～⑬（うち⑦～⑬新設）,,,,,,,,,,,
耳鼻・咽喉・口腔系,症候,反回神経麻痺（嗄声）,JlAKpwo,D-14-03-01-01,気道狭窄、難聴、鼻出血、咽頭痛、開口障害と反回神経麻痺（嗄声）をきたす疾患を列挙し、その病態を説明できる。,反回神経麻痺（嗄声）,反回神経麻痺（嗄声）,,,,,,,反回神経麻痺（嗄声）,嗄声,査読者Iの意見,2.0,,,D-14-03-01-01を細分化し①～⑬（うち⑦～⑬新設）,,,,,,,,,,,反回神経麻痺は症候ではないため嗄声のみ記載
耳鼻・咽喉・口腔系,症候,耳鳴,JlAKpws,D-14-03-01-01,気道狭窄、難聴、鼻出血、咽頭痛、開口障害と反回神経麻痺（嗄声）をきたす疾患を列挙し、その病態を説明できる。,耳鳴,耳鳴,,,,,,,耳鳴,,,,,,D-14-03-01-01を細分化し①～⑬（うち⑦～⑬新設）,,,,,,,,,,,
耳鼻・咽喉・口腔系,症候,鼻閉,JlAKpww,D-14-03-01-01,気道狭窄、難聴、鼻出血、咽頭痛、開口障害と反回神経麻痺（嗄声）をきたす疾患を列挙し、その病態を説明できる。,鼻閉,鼻閉,,,,,,,鼻閉,,,,,,D-14-03-01-01を細分化し①～⑬（うち⑦～⑬新設）,,,,,,,,,,,
耳鼻・咽喉・口腔系,症候,鼻漏,JlAKpw0,D-14-03-01-01,気道狭窄、難聴、鼻出血、咽頭痛、開口障害と反回神経麻痺（嗄声）をきたす疾患を列挙し、その病態を説明できる。,鼻漏,鼻漏,,,,,,,鼻漏,,,,,,D-14-03-01-01を細分化し①～⑬（うち⑦～⑬新設）,,,,,,,,,,,
耳鼻・咽喉・口腔系,症候,嗅覚障害,JlAKpw4,D-14-03-01-01,気道狭窄、難聴、鼻出血、咽頭痛、開口障害と反回神経麻痺（嗄声）をきたす疾患を列挙し、その病態を説明できる。,嗅覚障害,嗅覚障害,,,,,,,嗅覚障害,,,,,,D-14-03-01-01を細分化し①～⑬（うち⑦～⑬新設）,,,,,,,,,,,
耳鼻・咽喉・口腔系,症候,いびき,JlAKpw8,D-14-03-01-01,気道狭窄、難聴、鼻出血、咽頭痛、開口障害と反回神経麻痺（嗄声）をきたす疾患を列挙し、その病態を説明できる。,いびき,いびき,,,,,,,いびき,,,,,,D-14-03-01-01を細分化し①～⑬（うち⑦～⑬新設）,,,,,,,,,,,
耳鼻・咽喉・口腔系,症候,味覚障害,JlAKpxA,D-14-03-01-01,気道狭窄、難聴、鼻出血、咽頭痛、開口障害と反回神経麻痺（嗄声）をきたす疾患を列挙し、その病態を説明できる。,味覚障害,味覚障害,,,,,,,味覚障害,,,,,,D-14-03-01-01を細分化し①～⑬（うち⑦～⑬新設）,,,,,,,,,,,
耳鼻・咽喉・口腔系,症候,唾液分泌異常,JlAKpxE,D-14-03-01-01,気道狭窄、難聴、鼻出血、咽頭痛、開口障害と反回神経麻痺（嗄声）をきたす疾患を列挙し、その病態を説明できる。,唾液分泌異常,唾液分泌異常,,,,,,,唾液分泌異常,,,,,,D-14-03-01-01を細分化し①～⑬（うち⑦～⑬新設）,,,,,,,,,,,
耳鼻・咽喉・口腔系,症候,口腔内異常,JlAKpxI,D-14-03-01-01,気道狭窄、難聴、鼻出血、咽頭痛、開口障害と反回神経麻痺（嗄声）をきたす疾患を列挙し、その病態を説明できる。,口腔内異常,口腔内異常,,,,,,,口腔内異常,,,,,,D-14-03-01-01を細分化し①～⑬（うち⑦～⑬新設）,,,,,,,,,,,
耳鼻・咽喉・口腔系,検査方法,聴力検査と平衡機能検査,JlAKpxM,D-14-02-na-01,聴力検査と平衡機能検査を説明できる。,聴力検査と平衡機能検査,聴力検査と平衡機能検査,,,,,,,聴力検査と平衡機能検査,,,,,,,,,,,,,,,,,
耳鼻・咽喉・口腔系,検査方法,味覚検査と嗅覚検査,JlAKpxQ,D-14-02-na-02,味覚検査と嗅覚検査を説明できる。,味覚検査と嗅覚検査,味覚検査と嗅覚検査,,,,,,,味覚検査と嗅覚検査,,,,,,,,,,,,,,,,,
耳鼻・咽喉・口腔系,検査方法,耳鏡、鼻鏡、喉頭鏡、鼻咽腔・喉頭内視鏡,JlAKpxU,,,耳鏡、鼻鏡、喉頭鏡、鼻咽腔・喉頭内視鏡,耳鏡、鼻鏡、喉頭鏡、鼻咽腔・喉頭内視鏡,,,,,,,耳鏡、鼻鏡、喉頭鏡、鼻咽腔・喉頭内視鏡,,,,,,D-14-02-na-03（新設）,,,,,,,,,,,
耳鼻・咽喉・口腔系,特異的治療法,補聴器・人工聴覚器,JlAKpxY,,,補聴器・人工聴覚器,補聴器・人工聴覚器,,,,,,,補聴器・人工聴覚器,,,,,,新設,,,,,,,,,,,
耳鼻・咽喉・口腔系,特異的治療法,気管切開,JlAKpxc,D-14-04-01-10,気管切開の適応を説明できる。,気管切開,気管切開,,,,,,,気管切開,,,,,,,,,,,,,,,,,
精神系,構造と機能,※神経系の項目を参照,JlAKpyw,,,※神経系の項目を参照,※神経系の項目を参照,,,,,,,※神経系の項目を参照,,,,,,,,,,,,,,,,,
精神系,症候,不安・抑うつ,JlAKpy0,D-15-02-na-02,意識障害、不眠、幻覚・妄想をきたす精神障害を列挙し、その鑑別診断を説明できる。,不安・抑うつ,不安・抑うつ,,,,,,,不安・抑うつ,,,,,,,,,,,,,,,,,
精神系,症候,認知障害,JlAKpy4,D-15-02-na-02,意識障害、不眠、幻覚・妄想をきたす精神障害を列挙し、その鑑別診断を説明できる。,認知障害,認知障害,,,,,,,認知障害,,,,,,,,,,,,,,,,,
精神系,症候,意識障害,JlAKpy8,D-15-02-na-02,意識障害、不眠、幻覚・妄想をきたす精神障害を列挙し、その鑑別診断を説明できる。,意識障害,意識障害,,,,,,,意識障害,,,,,,,,,,,,,,,,,
精神系,症候,不眠,JlAKpzA,"D-15-02-na-01, D-15-02-na-02, D-15-02-na-03","不安・躁うつをきたす精神障害を列挙し、その鑑別診断を説明できる。,意識障害、不眠、幻覚・妄想をきたす精神障害を列挙し、その鑑別診断を説明できる。,ストレスなどの心理社会的要因が症候（息苦しさ、心窩部痛、腹痛、頭痛、疲労、痒み、慢性疼痛等）に密接に関与している代表的な疾患を列挙し、その鑑別診断を説明できる。",不眠,不眠,,,,,,,不眠,,,,,,,,,,,,,,,,,
精神系,症候,幻覚・妄想,JlAKpzE,"D-15-02-na-01, D-15-02-na-02, D-15-02-na-03","不安・躁うつをきたす精神障害を列挙し、その鑑別診断を説明できる。,意識障害、不眠、幻覚・妄想をきたす精神障害を列挙し、その鑑別診断を説明できる。,ストレスなどの心理社会的要因が症候（息苦しさ、心窩部痛、腹痛、頭痛、疲労、痒み、慢性疼痛等）に密接に関与している代表的な疾患を列挙し、その鑑別診断を説明できる。",幻覚・妄想,幻覚・妄想,,,,,,,幻覚・妄想,,,,,,,,,,,,,,,,,
精神系,症候,心気症,JlAKpzI,"D-15-02-na-01, D-15-02-na-02, D-15-02-na-03","不安・躁うつをきたす精神障害を列挙し、その鑑別診断を説明できる。,意識障害、不眠、幻覚・妄想をきたす精神障害を列挙し、その鑑別診断を説明できる。,ストレスなどの心理社会的要因が症候（息苦しさ、心窩部痛、腹痛、頭痛、疲労、痒み、慢性疼痛等）に密接に関与している代表的な疾患を列挙し、その鑑別診断を説明できる。",心気症,心気症,,,,,,,心気症,,,,,,,,,,,,,,,,,
精神系,検査方法,質問紙法,JlAKpzM,D-15-01-na-05,心理学的検査法（質問紙法、Rorschachテスト、簡易精神症状評価尺度(Brief Psychiatric Rating Scale <BPRS>)、Hamiltonうつ病評価尺度、Beckのうつ病自己評価尺度、状態特性不安検査(State-Trait Anxiety Inventory <STAI>)、Mini-Mental State Examination <MMSE>、改訂長谷川式簡易知能評価スケール等）の種類と概要を説明できる。,質問紙法,質問紙法,,,,,,,質問紙法,,,,,,,,,,,,,,,,,
精神系,検査方法,Rorschachテスト,JlAKpzQ,,,Rorschachテスト,Rorschachテスト,,,,,,,Rorschachテスト,ロールシャッハテスト,,,,,,,,,,,,,,,,
精神系,検査方法,簡易精神症状評価尺度(Brief Psychiatric Rating Scale （BPRS）),JlAKpzU,,,簡易精神症状評価尺度(Brief Psychiatric Rating Scale （BPRS）),簡易精神症状評価尺度(Brief Psychiatric Rating Scale （BPRS）),,,,,簡易精神症状評価尺度（BPRS）,,簡易精神症状評価尺度(Brief Psychiatric Rating Scale （BPRS）),略語,技術参与確認,,,,,,,,,,,,,,,
精神系,検査方法,Hamiltonうつ病評価尺度,JlAKpzY,,,Hamiltonうつ病評価尺度,Hamiltonうつ病評価尺度,,,,,,,Hamiltonうつ病評価尺度,ハミルトンうつ病評価尺度,,,,,,,,,,,,,,,,
精神系,検査方法,Beckのうつ病自己評価尺度,JlAKpzc,,,Beckのうつ病自己評価尺度,Beckのうつ病自己評価尺度,,,,,,,Beckのうつ病自己評価尺度,ベックのうつ病自己評価尺度,,,,,,,,,,,,,,,,
精神系,検査方法,状態特性不安検査(State-Trait Anxiety Inventory　 （STAI））,JlAKpzg,,,状態特性不安検査(State-Trait Anxiety Inventory　 （STAI））,状態特性不安検査(State-Trait Anxiety Inventory　 （STAI））,,,,,状態特性不安検査（STAI）,,状態特性不安検査(State-Trait Anxiety Inventory　 （STAI））,略語,技術参与確認,,,,,,,,,,,,,,,
精神系,検査方法,Mini-Mental State Examination （MMSE）,JlAKpzk,,,Mini-Mental State Examination （MMSE）,Mini-Mental State Examination （MMSE）,,,,,,,Mini-Mental State Examination （MMSE）,略語,技術参与確認,,,,,,,,,,,,,,,
精神系,検査方法,改訂長谷川式簡易知能評価スケール,JlAKpzo,,,改訂長谷川式簡易知能評価スケール,改訂長谷川式簡易知能評価スケール,,,,,,,改訂長谷川式簡易知能評価スケール,,,,,,,,,,,,,,,,,
精神系,検査方法,精神科診断分類法,JlAKpzs,D-15-01-na-02,精神科診断分類法を説明できる。,精神科診断分類法,精神科診断分類法,,,,,,,精神科診断分類法,,,,,,,,,,,,,,,,,
精神系,特異的治療法,精神科面接,JlAKpzw,D-15-01-na-01,患者-医師の良好な信頼関係に基づく精神科面接の基本を説明できる。,精神科面接,精神科面接,,,,,,,精神科面接,,,,,,,技能チームと検討,,,,,,,,,,
精神系,特異的治療法,精神保健及び精神障害者福祉に関する法律、心神喪失者等医療観察法の適用場面,JlAKpz0,D-15-01-na-03,精神科医療の法と倫理に関する必須項目（精神保健及び精神障害者福祉に関する法律、心神喪失者等医療観察法、インフォームド・コンセント）を説明できる。,精神保健及び精神障害者福祉に関する法律、心神喪失者等医療観察法の適用場面,精神保健及び精神障害者福祉に関する法律、心神喪失者等医療観察法の適用場面,,,,,,,精神保健及び精神障害者福祉に関する法律、心神喪失者等医療観察法の適用場面,,,,,,,,,,,,,,,,,
精神系,特異的治療法,コンサルテーション・リエゾン精神医学,JlAKpz4,D-15-01-na-04,コンサルテーション・リエゾン精神医学を説明できる。,コンサルテーション・リエゾン精神医学,コンサルテーション・リエゾン精神医学,,,,,,,コンサルテーション・リエゾン精神医学,,,,,,,,,,,,,,,,,
救急系（中毒・環境因子による疾患を含む）,症候,地域の救急医療体制について病院前救護体制、メディカルコントロール、初期・二次・三次救急医療の概念を用いて説明できる,JlAKp0o,G-04-01-07-05,救急隊員との連携を通じて、病院前救護体制とメディカルコントロールについて学ぶ。,地域の救急医療体制について病院前救護体制、メディカルコントロール、初期・二次・三次救急医療の概念を用いて説明できる,地域の救急医療体制について病院前救護体制、メディカルコントロール、初期・二次・三次救急医療の概念を用いて説明できる,,,,,,,地域の救急医療体制について病院前救護体制、メディカルコントロール、初期・二次・三次救急医療の概念を用いて説明できる,削除,,,,,,新設,分類ですが、「症候」でしょうか？（江頭）,,,,,,,,,
救急系（中毒・環境因子による疾患を含む）,症候,意識障害,JlAKp0s,E-05-02-na-03,意識障害・失神,意識障害,意識障害,,,,,,,意識障害,,,,,,,"E-05-02-na-02,E-05-02-na-04,E-05-02-na-05,E-05-02-na-06,E-05-02-na-07,E-05-02-na-12,E-05-02-na-14は削除(校正者)",,,,,,,,,,
救急系（中毒・環境因子による疾患を含む）,症候,失神,JlAKp0w,E-05-02-na-03,意識障害・失神,失神,失神,,,,,,,失神,,,,,,,,,,,,,,,,,
救急系（中毒・環境因子による疾患を含む）,症候,けいれん,JlAKp00,E-02-03-na-03,けいれん,けいれん,けいれん,,,,,,,けいれん,,,,,,,新設,,,,,,,,,,
救急系（中毒・環境因子による疾患を含む）,症候,呼吸困難,JlAKp04,E-05-02-na-08,呼吸困難・息切れ,呼吸困難,呼吸困難,,,,,,,呼吸困難,,,,,,,,,,,,,,,,,
救急系（中毒・環境因子による疾患を含む）,症候,胸痛,JlAKp08,E-02-03-na-12,胸痛・胸部圧迫感,胸痛,胸痛,,,,,,,胸痛,,,,,,,新設,,,,,,,,,,
救急系（中毒・環境因子による疾患を含む）,症候,運動麻痺・筋力低下,JlAKp1A,E-05-02-na-09,運動麻痺・筋力低下,運動麻痺・筋力低下,運動麻痺・筋力低下,,,,,,,運動麻痺・筋力低下,,,,,,,,,,,,,,,,,
救急系（中毒・環境因子による疾患を含む）,症候,腹痛,JlAKp1E,E-05-02-na-10,腹痛,腹痛,腹痛,,,,,,,腹痛,,,,,,,,,,,,,,,,,
救急系（中毒・環境因子による疾患を含む）,症候,悪心・嘔吐,JlAKp1I,E-05-02-na-11,悪心・嘔吐,悪心・嘔吐,悪心・嘔吐,,,,,,,悪心・嘔吐,,,,,,,,,,,,,,,,,
救急系（中毒・環境因子による疾患を含む）,症候,吐血,JlAKp1M,E-05-02-na-13,吐血・下血,吐血,吐血,,,,,,,吐血,,,,,,,,,,,,,,,,,
救急系（中毒・環境因子による疾患を含む）,症候,ショック,JlAKp1Q,E-04-02-na-01,ショック,ショック,ショック,,,,,,,ショック,,,,,,,症候をまとめるかセルに入れるか統一した方が良いと思います。（KY）,,,,,,,,,,
免疫・アレルギー,症候,発熱,JlAKp1U,E-04-02-na-02,発熱,発熱,発熱,,,,,,,発熱,,,,,,,,,,,,,,,,,
免疫・アレルギー,症候,全身倦怠感,JlAKp1Y,E-04-02-na-03,全身倦怠感,全身倦怠感,全身倦怠感,,,,,,,全身倦怠感,,,,,,,,,,,,,,,,,
免疫・アレルギー,症候,皮疹,JlAKp1c,E-04-02-na-04,発疹,皮疹,皮疹,,,,,,,皮疹,,,,,,,（そもそもチームにも提案したいのですが）発疹は一過性の皮疹の総称ですから、皮疹とされてはいかがでしょうか。(校正者),,,,,,,,,,
免疫・アレルギー,症候,リンパ節腫脹,JlAKp1g,E-04-02-na-06,リンパ節腫脹,リンパ節腫脹,リンパ節腫脹,,,,,,,リンパ節腫脹,,,,,,,,,,,,,,,,,
免疫・アレルギー,症候,浮腫,JlAKp1k,E-04-02-na-07,浮腫,浮腫,浮腫,,,,,,,浮腫,,,,,,,,,,,,,,,,,
免疫・アレルギー,症候,呼吸困難,JlAKp1o,E-04-02-na-08,呼吸困難・息切れ,呼吸困難,呼吸困難,,,,,,,呼吸困難,,,,,,,息切れ削除,,,,,,,,,,
免疫・アレルギー,症候,咳・痰,JlAKp1s,E-04-02-na-09,咳・痰,咳・痰,咳・痰,,,,,,,咳・痰,,,,,,,,,,,,,,,,,
免疫・アレルギー,症候,血尿,JlAKp1w,E-04-02-na-10,血尿・タンパク尿,血尿,血尿,,,,,,,血尿,,,,,,,（そもそもチームの作業で「血尿」のみとなりました。,,,,,,,,,,
免疫・アレルギー,症候,関節痛・関節腫脹,JlAKp10,E-04-02-na-11,関節痛・関節腫脹,関節痛・関節腫脹,関節痛・関節腫脹,,,,,,,関節痛・関節腫脹,,,,,,,,,,,,,,,,,
免疫・アレルギー,検査方法,自己抗体の種類と臨床的意義を説明できる。,,E-04-01-na-01,自己抗体の種類と臨床的意義を説明できる。,自己抗体の種類と臨床的意義を説明できる。,自己抗体の種類と臨床的意義を説明できる。,,,,,,,,,,,,,,,,,,,,,,,,
免疫・アレルギー,特異的治療法,免疫抑制薬による治療,,,,免疫抑制薬による治療,免疫抑制薬による治療,,,,,,,,,,,,,,,,,,,,,,,,
免疫・アレルギー,特異的治療法,リウマチ性疾患へのリハビリテーション,,,,リウマチ性疾患へのリハビリテーション,リウマチ性疾患へのリハビリテーション,,,,,,,,,,,,,,,,,,,,,,,,
感染症,症候,ショック,JlAKp14,E-02-03-na-01,ショック,ショック,ショック,,,,,,,ショック,,,,,,,症候をまとめるかセルに入れるか統一した方が良いと思います。（KY）,,,,,,,,,,
感染症,症候,発熱・高体温,JlAKp18,E-02-03-na-02,発熱,発熱・高体温,発熱・高体温,,,,,,,発熱・高体温,発熱,,,,,,編集あり,,,,,,,,,,
感染症,症候,けいれん,JlAKp2A,E-02-03-na-03,けいれん,けいれん,けいれん,,,,,,,けいれん,,,,,,,,,,,,,,,,,
感染症,症候,意識障害・失神,JlAKp2E,E-02-03-na-04,意識障害・失神,意識障害・失神,意識障害・失神,,,,,,,意識障害・失神,意識障害,症候にあわせる,,,,,,,,,,,,,,,
,,,,,,,,,,,,,,,失神,症候にあわせる,,,,,,,,,,,,,,,
感染症,症候,脱水,JlAKp2I,E-02-03-na-05,脱水,脱水,脱水,,,,,,,脱水,,,,,,,,,,,,,,,,,
感染症,症候,全身倦怠感,JlAKp2M,E-02-03-na-06,全身倦怠感,全身倦怠感,全身倦怠感,,,,,,,全身倦怠感,,,,,,,,,,,,,,,,,
感染症,症候,黄疸,JlAKp2Q,E-02-03-na-07,黄疸,黄疸,黄疸,,,,,,,黄疸,,,,,,,,,,,,,,,,,
感染症,症候,発疹,JlAKp2U,E-02-03-na-08,発疹,発疹,発疹,,,,,,,発疹,,,,,,,,,,,,,,,,,
感染症,症候,リンパ節腫脹,JlAKp2Y,E-02-03-na-09,リンパ節腫脹,リンパ節腫脹,リンパ節腫脹,,,,,,,リンパ節腫脹,,,,,,,,,,,,,,,,,
感染症,症候,浮腫,JlAKp2c,E-02-03-na-10,浮腫,浮腫,浮腫,,,,,,,浮腫,,,,,,,,,,,,,,,,,
感染症,症候,胸水,JlAKp2g,E-02-03-na-11,胸水,胸水,胸水,,,,,,,胸水,,,,,,,,,,,,,,,,,
感染症,症候,胸痛・胸部圧迫感,JlAKp2k,E-02-03-na-12,胸痛・胸部圧迫感,胸痛・胸部圧迫感,胸痛・胸部圧迫感,,,,,,,胸痛・胸部圧迫感,胸痛,　,,,,,,,,,,,,,,,
感染症,症候,呼吸困難・息切れ,JlAKp2o,E-02-03-na-13,呼吸困難・息切れ,呼吸困難・息切れ,呼吸困難・息切れ,,,,,,,呼吸困難・息切れ,呼吸困難,　,,,,,,,,,,,,,,,
感染症,症候,咳・痰,JlAKp2s,E-02-03-na-14,咳・痰,咳・痰,咳・痰,,,,,,,咳・痰,,,,,,,,,,,,,,,,,
感染症,症候,血痰・喀血,JlAKp2w,E-02-03-na-15,血痰・喀血,血痰・喀血,血痰・喀血,,,,,,,血痰・喀血,,,,,,,,,,,,,,,,,
感染症,症候,頭痛・頭重感,JlAKp20,E-02-03-na-16,頭痛・頭重感,頭痛・頭重感,頭痛・頭重感,,,,,,,頭痛・頭重感,頭痛,　,,,,,,,,,,,,,,,
感染症,症候,腹痛,JlAKp24,E-02-03-na-17,腹痛,腹痛,腹痛,,,,,,,腹痛,,,,,,,,,,,,,,,,,
感染症,症候,悪心・嘔吐,JlAKp28,E-02-03-na-18,悪心、嘔吐,悪心・嘔吐,悪心・嘔吐,,,,,,,悪心・嘔吐,,,,,,,編集あり,,,,,,,,,,
感染症,症候,便秘・下痢・血便,JlAKp3A,E-02-03-na-19,便秘・下痢・血便,便秘・下痢・血便,便秘・下痢・血便,,,,,,,便秘・下痢・血便,便秘・下痢,　,,,,,,,,,,,,,,,
感染症,症候,吐血・下血,JlAKp3E,E-02-03-na-20,吐血・下血,吐血・下血,吐血・下血,,,,,,,吐血・下血,,,,,,,,,,,,,,,,,
感染症,症候,血尿,JlAKp3I,E-02-03-na-21,血尿・タンパク尿,血尿,血尿,,,,,,,血尿・タンパク尿,血尿,技能とあわせて、血尿とタンパク尿はわけることを提案,,,,,,,,,,,,,,,
感染症,症候,タンパク尿,JmnSckQ,E-02-03-na-21,血尿・タンパク尿,タンパク尿,タンパク尿,,,,,,,,タンパク尿,同上,,,,,,,,,,,,,,,
感染症,症候,関節痛・関節腫脹,JlAKp3M,E-02-03-na-22,㉒関節痛、関節腫脹,関節痛・関節腫脹,関節痛・関節腫脹,,,,,,,関節痛・関節腫脹,,,,,,,編集あり,,,,,,,,,,
感染症,症候,腰背部痛,JlAKp3Q,E-02-03-na-23,㉓腰背部痛,腰背部痛,腰背部痛,,,,,,,腰背部痛,,,,,,,,,,,,,,,,,
感染症,症候,咽頭痛,JlAKp3U,,,咽頭痛,咽頭痛,,,,,,,咽頭痛,,,,,,,新設,,,,,,,,,,
腫瘍,症候,発熱,Jli6O0o,,,発熱,発熱,,,,,,,発熱,　,,,,,,,,,,,,,,,,
腫瘍,症候,食欲低下,Jli6O00,,,食欲低下,食欲低下,,,,,,,食欲低下,　,,,,,,,,,,,,,,,,
腫瘍,症候,体重減少,Jli6O04,,,体重減少,体重減少,,,,,,,体重減少,　,,,,,,,,,,,,,,,,
腫瘍,症候,貧血,Jli6O1A,,,貧血,貧血,,,,,,,貧血,　,,,,,,,,,,,,,,,,
腫瘍,症候,リンパ節腫脹,Jli6O1E,,,リンパ節腫脹,リンパ節腫脹,,,,,,,リンパ節腫脹,　,,,,,,,,,,,,,,,,
主要症候,症候,発熱,JlAK6lk,"F-01-01-na-01,F-01-01-na-02,F-01-01-na-03,G-02-01-na-01,G-02-01-na-02,G-02-01-na-03,G-02-01-na-04,G-02-01-na-05,G-02-01-na-06,G-02-01-na-07,G-02-01-na-08","発熱の原因と病態生理を説明できる。,発熱をきたす疾患(群)を列挙し、診断の要点を説明できる。,発熱がある患者の治療の要点を説明し、専門的治療が必要な状態を概説できる。,感染症：肺炎,感染症：結核,感染症：尿路感染症,腫瘍：悪性リンパ腫,腫瘍：腎細胞癌,自己免疫：全身性エリテマトーデス<SLE>,自己免疫：炎症性腸疾患,環境：熱中症",発熱,発熱,,,,,,,発熱,,,,,,,技能チームで扱っているが参照用に提示,,,,,,,,,,
主要症候,症候,全身倦怠感,JlAK6lo,"F-01-02-na-01,F-01-02-na-02,F-01-02-na-03,G-02-02-na-01,G-02-02-na-02,G-02-02-na-03,G-02-02-na-04,G-02-02-na-05,G-02-02-na-06,G-02-02-na-07,G-02-02-na-08,G-02-02-na-09,G-02-02-na-10","全身倦怠感の原因と病態生理を説明できる。,全身倦怠感をきたす疾患(群)を列挙し、診断の要点を説明できる。,全身倦怠感がある患者の治療の要点を説明し、専門的治療が必要な状態を概説できる。,感染症・炎症性：結核,感染症・炎症性：肝炎,精神：うつ病,精神：双極性障害,中毒性：アルコール依存症,中毒性：薬物依存症,内分泌・代謝：甲状腺機能亢進症,内分泌・代謝：甲状腺機能低下症,内分泌・代謝：更年期障害,腫瘍：悪性腫瘍全般",全身倦怠感,全身倦怠感,,,,,,,全身倦怠感,,,,,,,技能チームで扱っているが参照用に提示,,,,,,,,,,
主要症候,症候,食思(欲)不振,JlAK6ls,"F-01-03-na-01,F-01-03-na-02,F-01-03-na-03,G-02-03-na-01,G-02-03-na-02,G-02-03-na-03,G-02-03-na-04,G-02-03-na-05","食思(欲)不振の原因と病態生理を説明できる。,食思(欲)不振をきたす疾患(群)を列挙し、診断の要点を説明できる。,食思(欲)不振がある患者の治療の要点を説明し、専門的治療が必要な状態を概説できる。,腫瘍：悪性腫瘍全般,消化器：機能性ディスペプシア<FD>,呼吸器：慢性閉塞性肺疾患<COPD>,循環器：心不全,精神：うつ病",食思(欲)不振,食思(欲)不振,,,,,,,食思(欲)不振,,,,,,,技能チームで扱っているが参照用に提示,,,,,,,,,,
主要症候,症候,体重減少,JlAK6lw,"F-01-04-na-01,F-01-04-na-02,F-01-04-na-03,G-02-04-na-01,G-02-04-na-02,G-02-04-na-03,G-02-04-na-04,G-02-04-na-05,G-02-04-na-06,G-02-04-na-07,G-02-04-na-08,G-02-04-na-09,G-02-04-na-10,G-02-04-na-11","体重減少・体重増加の原因と病態生理を説明できる。,体重減少・体重増加をきたす疾患(群)を列挙し、診断の要点を説明できる。,体重減少・体重増加がある患者の治療の要点を説明し、専門的治療が必要な状態を概説できる。,（体重増加）急性：心不全,（体重増加）急性：ネフローゼ症候群,（体重増加）慢性：甲状腺機能低下症,（体重減少）腫瘍：悪性腫瘍全般,（体重減少）内分泌：糖尿病,（体重減少）内分泌：甲状腺機能亢進症,（体重減少）精神：うつ病,（体重減少）感染症：結核,（体重減少）自己免疫：炎症性腸疾患,（体重減少）消化器：慢性膵炎,（体重減少）中毒：アルコール依存症",体重減少,体重減少,,,,,,,体重減少,,,,,,,技能チームで扱っているが参照用に提示,,,,,,,,,,
主要症候,症候,体重増加,JlAK6l0,"F-01-04-na-01,F-01-04-na-02,F-01-04-na-03,G-02-04-na-01,G-02-04-na-02,G-02-04-na-03,G-02-04-na-04,G-02-04-na-05,G-02-04-na-06,G-02-04-na-07,G-02-04-na-08,G-02-04-na-09,G-02-04-na-10,G-02-04-na-11","体重減少・体重増加の原因と病態生理を説明できる。,体重減少・体重増加をきたす疾患(群)を列挙し、診断の要点を説明できる。,体重減少・体重増加がある患者の治療の要点を説明し、専門的治療が必要な状態を概説できる。,（体重増加）急性：心不全,（体重増加）急性：ネフローゼ症候群,（体重増加）慢性：甲状腺機能低下症,（体重減少）腫瘍：悪性腫瘍全般,（体重減少）内分泌：糖尿病,（体重減少）内分泌：甲状腺機能亢進症,（体重減少）精神：うつ病,（体重減少）感染症：結核,（体重減少）自己免疫：炎症性腸疾患,（体重減少）消化器：慢性膵炎,（体重減少）中毒：アルコール依存症",体重増加,体重増加,,,,,,,体重増加,,,,,,,技能チームで扱っているが参照用に提示,,,,,,,,,,
主要症候,症候,意識障害,JlAK6l4,"F-01-07-na-01,F-01-07-na-02,F-01-07-na-03,G-02-07-na-01,G-02-07-na-02,G-02-07-na-03,G-02-07-na-04,G-02-07-na-05,G-02-07-na-06,G-02-07-na-07,G-02-07-na-08,G-02-07-na-09","意識障害・失神の原因と病態生理を説明できる。,意識障害・失神をきたす疾患(群)を列挙し、診断の要点を説明できる。,意識障害・失神がある患者の治療の要点を説明し、専門的治療が必要な状態を概説できる。,脳原発性：くも膜下出血,脳原発性：頭蓋内血腫,脳原発性：脳炎,全身性：心筋梗塞,全身性：不整脈,全身性：肺塞栓症,全身性：てんかん,全身性：急性消化管出血,全身性：肝不全",意識障害,意識障害,,,,,,,意識障害,,,,,,,技能チームで扱っているが参照用に提示,,,,,,,,,,
主要症候,症候,失神,JlAK6l8,"F-01-07-na-01,F-01-07-na-02,F-01-07-na-03,G-02-07-na-01,G-02-07-na-02,G-02-07-na-03,G-02-07-na-04,G-02-07-na-05,G-02-07-na-06,G-02-07-na-07,G-02-07-na-08,G-02-07-na-09","意識障害・失神の原因と病態生理を説明できる。,意識障害・失神をきたす疾患(群)を列挙し、診断の要点を説明できる。,意識障害・失神がある患者の治療の要点を説明し、専門的治療が必要な状態を概説できる。,脳原発性：くも膜下出血,脳原発性：頭蓋内血腫,脳原発性：脳炎,全身性：心筋梗塞,全身性：不整脈,全身性：肺塞栓症,全身性：てんかん,全身性：急性消化管出血,全身性：肝不全",失神,失神,,,,,,,失神,,,,,,,技能チームで扱っているが参照用に提示,,,,,,,,,,
主要症候,症候,けいれん,JlAK6mA,"F-01-08-na-01,F-01-08-na-02,F-01-08-na-03,G-02-08-na-01,G-02-08-na-02,G-02-08-na-03,G-02-08-na-04,G-02-08-na-05,G-02-08-na-06","けいれんの原因と病態生理を説明できる。,けいれんをきたす疾患(群)を列挙し、診断の要点を説明できる。,けいれんがある患者の治療の要点を説明し、専門的治療が必要な状態を概説できる。,脳血管障害：脳梗塞,中毒：薬物依存症,中毒：アルコール依存症,感染症：脳炎,感染症：脳症,感染症：熱性けいれん",けいれん,けいれん,,,,,,,けいれん,,,,,,,技能チームで扱っているが参照用に提示,,,,,,,,,,
主要症候,症候,めまい,JlAK6mE,"F-01-09-na-01,F-01-09-na-02,F-01-09-na-03,G-02-09-na-01,G-02-09-na-02,G-02-09-na-03,G-02-09-na-04,G-02-09-na-05,G-02-09-na-06,G-02-09-na-07","めまいの原因と病態生理を説明できる。,めまいをきたす疾患(群)を列挙し、診断の要点を説明できる。,めまいがある患者の治療の要点を説明し、専門的治療が必要な状態を概説できる。,末梢性：良性発作性頭位めまい症,中枢性：脳出血,中枢性：脳梗塞,失神性：不整脈,失神性：肺塞栓症,失神性：弁膜症,心因性：パニック障害",めまい,めまい,,,,,,,めまい,,,,,,,技能チームで扱っているが参照用に提示,,,,,,,,,,
主要症候,症候,浮腫,JlAK6mI,"F-01-11-na-01,F-01-11-na-02,F-01-11-na-03,G-02-11-na-01,G-02-11-na-02,G-02-11-na-03,G-02-11-na-04,G-02-11-na-05,G-02-11-na-06","浮腫の原因と病態生理を説明できる。,浮腫をきたす疾患(群)を列挙し、診断の要点を説明できる。,浮腫がある患者の治療の要点を説明し、専門的治療が必要な状態を概説できる。,局所性：深部静脈血栓症,全身性：心不全,全身性：ネフローゼ症候群,全身性：慢性腎臓病,全身性：肝硬変,全身性：甲状腺機能低下症",浮腫,浮腫,,,,,,,浮腫,,,,,,,技能チームで扱っているが参照用に提示,,,,,,,,,,
主要症候,症候,発疹,JlAK6mM,"F-01-12-na-01,F-01-12-na-02,F-01-12-na-03,G-02-12-na-01,G-02-12-na-02,G-02-12-na-03,G-02-12-na-04,G-02-12-na-05,G-02-12-na-06,G-02-12-na-07","発疹の原因と病態生理を説明できる。,発疹をきたす疾患(群)を列挙し、診断の要点を説明できる。,発疹がある患者の治療の要点を説明し、専門的治療が必要な状態を概説できる。,感染症：ウイルス性発疹症（麻疹）,感染症：ウイルス性発疹症（風疹）,感染症：ウイルス性発疹症（水痘）,感染症：ウイルス性発疹症（ヘルペス）,アレルギー、自己免疫：蕁麻疹,アレルギー、自己免疫：薬疹,アレルギー、自己免疫：全身性エリテマトーデス<SLE>",発疹,発疹,,,,,,,発疹,,,,,,,技能チームで扱っているが参照用に提示,,,,,,,,,,
主要症候,症候,咳・痰,JlAK6mQ,"F-01-13-na-01,F-01-13-na-02,F-01-13-na-03,G-02-13-na-01,G-02-13-na-02,G-02-13-na-03,G-02-13-na-04,G-02-13-na-05,G-02-13-na-06,G-02-13-na-07","咳・痰の原因と病態生理を説明できる。,咳・痰をきたす疾患(群)を列挙し、診断の要点を説明できる。,咳・痰がある患者の治療の要点を説明し、専門的治療が必要な状態を概説できる。,感染症：気管支炎,感染症：肺炎,感染症：副鼻腔炎,腫瘍：肺癌,特発性：間質性肺疾患,自己免疫：気管支喘息,消化器：胃食道逆流症<GERD>",咳・痰,咳・痰,,,,,,,咳・痰,,,,,,,技能チームで扱っているが参照用に提示,,,,,,,,,,
主要症候,症候,血痰・喀血,JlAK6mU,"F-01-14-na-01,F-01-14-na-02,F-01-14-na-03,G-02-14-na-01,G-02-14-na-02,G-02-14-na-03,G-02-14-na-04,G-02-14-na-05,G-02-14-na-06","血痰・喀血の原因と病態生理を説明できる。,血痰・喀血をきたす疾患(群)を列挙し、診断の要点を説明できる。,血痰・喀血がある患者の治療の要点を説明し、専門的治療が必要な状態を概説できる。,呼吸器：肺結核,呼吸器：肺癌,心血管系：僧帽弁膜症,心血管系：心不全,出血傾向：白血病,出血傾向：播種性血管内凝固<DIC>",血痰・喀血,血痰・喀血,,,,,,,血痰・喀血,,,,,,,技能チームで扱っているが参照用に提示,,,,,,,,,,
主要症候,症候,呼吸困難,JlAK6mY,"F-01-15-na-01,F-01-15-na-02,F-01-15-na-03,G-02-15-na-01,G-02-15-na-02,G-02-15-na-03,G-02-15-na-04,G-02-15-na-05,G-02-15-na-06,G-02-15-na-07,G-02-15-na-08","呼吸困難の原因と病態生理を説明できる。,呼吸困難をきたす疾患(群)を列挙し、診断の要点を説明できる。,呼吸困難がある患者の治療の要点を説明し、専門的治療が必要な状態を概説できる。,呼吸器：肺塞栓症,呼吸器：急性呼吸促(窮)迫症候群<ARDS>,呼吸器：気管支喘息,呼吸器：慢性閉塞性肺疾患<COPD>,呼吸器：緊張性気胸,循環器：心不全,心因性：パニック障害,心因性：過換気症候群",呼吸困難,呼吸困難,,,,,,,呼吸困難,,,,,,,技能チームで扱っているが参照用に提示,,,,,,,,,,
主要症候,症候,胸痛,JlAK6mc,"F-01-16-na-01,F-01-16-na-02,F-01-16-na-03,G-02-16-na-01,G-02-16-na-02,G-02-16-na-03,G-02-16-na-04,G-02-16-na-05","胸痛の原因と病態生理を説明できる。,胸痛をきたす疾患(群)を列挙し、診断の要点を説明できる。,胸痛がある患者の治療の要点を説明し、専門的治療が必要な状態を概説できる。,呼吸器：肺塞栓症,呼吸器：気胸,循環器：急性冠症候群,消化器：胃食道逆流症<GERD>,心因性：パニック障害",胸痛,胸痛,,,,,,,胸痛,,,,,,,技能チームで扱っているが参照用に提示,,,,,,,,,,
主要症候,症候,動悸,JlAK6mg,"F-01-17-na-01,F-01-17-na-02,F-01-17-na-03,G-02-17-na-01,G-02-17-na-02,G-02-17-na-03","動悸の原因と病態生理を説明できる。,動悸をきたす疾患(群)を列挙し、診断の要点を説明できる。,動悸がある患者の治療の要点を説明し、専門的治療が必要な状態を概説できる。,循環器：不整脈,二次性：甲状腺機能亢進症,心因性：パニック障害",動悸,動悸,,,,,,,動悸,,,,,,,技能チームで扱っているが参照用に提示,,,,,,,,,,
主要症候,症候,嚥下困難,JlAK6mk,"F-01-19-na-01,F-01-19-na-02,F-01-19-na-03,G-02-19-na-01,G-02-19-na-02,G-02-19-na-03,G-02-19-na-04,G-02-19-na-05,G-02-19-na-06,G-02-19-na-07","嚥下困難・障害の原因と病態生理を説明できる。,嚥下困難・障害をきたす疾患(群)を列挙し、診断の要点を説明できる。,嚥下困難・障害がある患者の治療の要点を説明し、専門的治療が必要な状態を概説できる。,神経：脳出血,神経：脳梗塞,呼吸器：扁桃炎,呼吸器：肺癌,消化器：胃食道逆流症<GERD>,消化器：食道癌,心因性：身体症状症",嚥下困難,嚥下困難,,,,,,,嚥下困難,,,,,,,技能チームで扱っているが参照用に提示,,,,,,,,,,
主要症候,症候,腹痛,JlAK6mo,"F-01-20-na-01,F-01-20-na-02,F-01-20-na-03,G-02-20-na-01,G-02-20-na-02,G-02-20-na-03,G-02-20-na-04,G-02-20-na-05,G-02-20-na-06,G-02-20-na-07,G-02-20-na-08,G-02-20-na-09,G-02-20-na-10,G-02-20-na-11,G-02-20-na-12,G-02-20-na-13","腹痛の原因と病態生理を説明できる。,腹痛をきたす疾患(群)を列挙し、診断の要点を説明できる。,腹痛がある患者の治療の要点を説明し、専門的治療が必要な状態を概説できる。,消化器：機能性ディスペプシア<FD>,消化器：過敏性腸症候群,消化器：炎症性腸疾患,消化器：消化性潰瘍,消化器：急性虫垂炎,消化器：胆石症,消化器：急性膵炎,消化器：腸閉塞,消化器：鼠径ヘルニア,泌尿・生殖器：尿路結石,泌尿・生殖器：流・早産,循環器：急性冠症候群,心因性：身体症状症",腹痛,腹痛,,,,,,,腹痛,,,,,,,技能チームで扱っているが参照用に提示,,,,,,,,,,
主要症候,症候,悪心・嘔吐,JlAK6ms,"F-01-21-na-01,F-01-21-na-02,F-01-21-na-03,G-02-21-na-01,G-02-21-na-02,G-02-21-na-03,G-02-21-na-04,G-02-21-na-05,G-02-21-na-06,G-02-21-na-07,G-02-21-na-08,G-02-21-na-09","悪心・嘔吐の原因と病態生理を説明できる。,悪心・嘔吐をきたす疾患(群)を列挙し、診断の要点を説明できる。,悪心・嘔吐がある患者の治療の要点を説明し、専門的治療が必要な状態を概説できる。,消化管：機能性ディスペプシア<FD>,消化管：腸閉塞,消化管：食中毒,循環器：急性心筋梗塞,神経：片頭痛,神経：脳出血,神経：くも膜下出血,神経：頭蓋内血腫,精神：うつ病",悪心・嘔吐,悪心・嘔吐,,,,,,,悪心・嘔吐,,,,,,,技能チームで扱っているが参照用に提示,,,,,,,,,,
主要症候,症候,吐血,JlAK6mw,"F-01-22-na-01,F-01-22-na-02,F-01-22-na-03,G-02-22-na-01,G-02-22-na-02,G-02-22-na-03,G-02-22-na-04,G-02-22-na-05,G-02-22-na-06,G-02-22-na-07,G-02-22-na-08","吐血・下血の原因と病態生理を説明できる。,吐血・下血をきたす疾患(群)を列挙し、診断の要点を説明できる。,吐血・下血がある患者の治療の要点を説明し、専門的治療が必要な状態を概説できる。,（吐血）食道：食道静脈瘤,（吐血）食道：食道癌,（吐血）胃：消化性潰瘍,（吐血）胃：胃癌,（下血）上部消化管：食道静脈瘤,（下血）上部消化管：消化性潰瘍,（下血）下部消化管：炎症性腸疾患,（下血）下部消化管：大腸癌",吐血,吐血,,,,,,,吐血,,,,,,,技能チームで扱っているが参照用に提示,,,,,,,,,,
主要症候,症候,下血,JlAK6m0,"F-01-22-na-01,F-01-22-na-02,F-01-22-na-03,G-02-22-na-01,G-02-22-na-02,G-02-22-na-03,G-02-22-na-04,G-02-22-na-05,G-02-22-na-06,G-02-22-na-07,G-02-22-na-08","吐血・下血の原因と病態生理を説明できる。,吐血・下血をきたす疾患(群)を列挙し、診断の要点を説明できる。,吐血・下血がある患者の治療の要点を説明し、専門的治療が必要な状態を概説できる。,（吐血）食道：食道静脈瘤,（吐血）食道：食道癌,（吐血）胃：消化性潰瘍,（吐血）胃：胃癌,（下血）上部消化管：食道静脈瘤,（下血）上部消化管：消化性潰瘍,（下血）下部消化管：炎症性腸疾患,（下血）下部消化管：大腸癌",下血,下血,,,,,,,下血,,,,,,,技能チームで扱っているが参照用に提示,,,,,,,,,,
主要症候,症候,便秘,JlAK6m4,"F-01-23-na-01,F-01-23-na-02,F-01-23-na-03,G-02-23-na-01,G-02-23-na-02,G-02-23-na-03,G-02-23-na-04,G-02-23-na-05,G-02-23-na-06,G-02-23-na-07,G-02-23-na-08,G-02-23-na-09","便秘・下痢の原因と病態生理を説明できる。,便秘・下痢をきたす疾患(群)を列挙し、診断の要点を説明できる。,便秘・下痢がある患者の治療の要点を説明し、専門的治療が必要な状態を概説できる。,（便秘）機能性：過敏性腸症候群,（便秘）機能性：甲状腺機能低下症,（便秘）器質性：腸閉塞,（便秘）器質性：大腸癌,（下痢）炎症性：急性胃腸炎,（下痢）炎症性：炎症性腸疾患,（下痢）腸管運動異常：過敏性腸症候群,（下痢）腸管運動異常：甲状腺機能亢進症,（下痢）浸透圧性：慢性膵炎",便秘,便秘,,,,,,,便秘,,,,,,,技能チームで扱っているが参照用に提示,,,,,,,,,,
主要症候,症候,下痢,JlAK6m8,"F-01-23-na-01,F-01-23-na-02,F-01-23-na-03,G-02-23-na-01,G-02-23-na-02,G-02-23-na-03,G-02-23-na-04,G-02-23-na-05,G-02-23-na-06,G-02-23-na-07,G-02-23-na-08,G-02-23-na-09","便秘・下痢の原因と病態生理を説明できる。,便秘・下痢をきたす疾患(群)を列挙し、診断の要点を説明できる。,便秘・下痢がある患者の治療の要点を説明し、専門的治療が必要な状態を概説できる。,（便秘）機能性：過敏性腸症候群,（便秘）機能性：甲状腺機能低下症,（便秘）器質性：腸閉塞,（便秘）器質性：大腸癌,（下痢）炎症性：急性胃腸炎,（下痢）炎症性：炎症性腸疾患,（下痢）腸管運動異常：過敏性腸症候群,（下痢）腸管運動異常：甲状腺機能亢進症,（下痢）浸透圧性：慢性膵炎",下痢,下痢,,,,,,,下痢,,,,,,,技能チームで扱っているが参照用に提示,,,,,,,,,,
主要症候,症候,黄疸,JlAK6nA,"F-01-24-na-01,F-01-24-na-02,F-01-24-na-03,G-02-24-na-01,G-02-24-na-02,G-02-24-na-03,G-02-24-na-04,G-02-24-na-05,G-02-24-na-06","黄疸の原因と病態生理を説明できる。,黄疸をきたす疾患(群)を列挙し、診断の要点を説明できる。,黄疸がある患者の治療の要点を説明し、専門的治療が必要な状態を概説できる。,抱合型：急性肝炎,抱合型：慢性肝炎,抱合型：肝硬変,抱合型：胆管炎,抱合型：膵癌,非抱合型：溶血性貧血",黄疸,黄疸,,,,,,,黄疸,,,,,,,技能チームで扱っているが参照用に提示,,,,,,,,,,
主要症候,症候,腹部膨隆・腫瘤,JlAK6nE,"F-01-25-na-01,F-01-25-na-02,F-01-25-na-03,G-02-25-na-01,G-02-25-na-02,G-02-25-na-03,G-02-25-na-04,G-02-25-na-05,G-02-25-na-06,G-02-25-na-07","腹部膨隆（腹水を含む）・腫瘤の原因と病態生理を説明できる。,腹部膨隆（腹水を含む）・腫瘤をきたす疾患(群)を列挙し、診断の要点を説明できる。,腹部膨隆（腹水を含む）・腫瘤がある患者の治療の要点を説明し、専門的治療が必要な状態を概説できる。,消化管：腸閉塞,消化管：大腸癌,腹水：肝硬変,腹水：ネフローゼ症候群,腹水：心不全,腫瘤：肝癌,腫瘤：卵巣嚢腫",腹部膨隆・腫瘤,腹部膨隆・腫瘤,,,,,,,腹部膨隆・腫瘤,,,,,,,技能チームで扱っているが参照用に提示,,,,,,,,,,
主要症候,症候,リンパ節腫脹,JlAK6nI,"F-01-27-na-01,F-01-27-na-02,F-01-27-na-03,G-02-27-na-01,G-02-27-na-02,G-02-27-na-03,G-02-27-na-04,G-02-27-na-05,G-02-27-na-06","リンパ節腫脹の原因と病態生理を説明できる。,リンパ節腫脹をきたす疾患(群)を列挙し、診断の要点を説明できる。,リンパ節腫脹がある患者の治療の要点を説明し、専門的治療が必要な状態を概説できる。,感染症：ウイルス性発疹症（風疹）,感染症：ウイルス性発疹症（麻疹）,感染症：結核,自己免疫：全身性エリテマトーデス<SLE>,腫瘍：悪性リンパ腫,腫瘍：その他の悪性腫瘍全般",リンパ節腫脹,リンパ節腫脹,,,,,,,リンパ節腫脹,,,,,,,技能チームで扱っているが参照用に提示,,,,,,,,,,
主要症候,症候,尿量・排尿の異常,JlAK6nM,"F-01-28-na-01,F-01-28-na-02,F-01-28-na-03,G-02-28-na-01,G-02-28-na-02,G-02-28-na-03,G-02-28-na-04,G-02-28-na-05,G-02-28-na-06,G-02-28-na-07","尿量・排尿の異常の原因と病態生理を説明できる。,尿量・排尿の異常をきたす疾患(群)を列挙し、診断の要点を説明できる。,尿量・排尿の異常がある患者の治療の要点を説明し、専門的治療が必要な状態を概説できる。,（多尿）：浸透圧利尿：糖尿病,（多尿）：中毒：薬剤性,（頻尿）畜尿障害：尿路感染症,（頻尿）畜尿障害：脊髄損傷,（頻尿）排出困難（排出障害）：前立腺肥大症,（頻尿）排出困難（排出障害）：尿路感染症,（頻尿）排出困難（排出障害）：前立腺癌",尿量・排尿の異常,尿量・排尿の異常,,,,,,,尿量・排尿の異常,,,,,,,技能チームで扱っているが参照用に提示,,,,,,,,,,
主要症候,症候,血尿,JlAK6nQ,"F-01-29-na-01,F-01-29-na-02,F-01-29-na-03,G-02-29-na-01,G-02-29-na-02,G-02-29-na-03,G-02-29-na-04,G-02-29-na-05,G-02-29-na-06,G-02-29-na-07","血尿・タンパク尿の原因と病態生理を説明できる。,血尿・タンパク尿をきたす疾患(群)を列挙し、診断の要点を説明できる。,血尿・タンパク尿がある患者の治療の要点を説明し、専門的治療が必要な状態を概説できる。,腎臓：糸球体腎炎症候群,腎臓：ネフローゼ症候群,腎臓：糖尿病腎症,腎臓：腎細胞癌,尿管、膀胱：尿路結石,尿管、膀胱：尿路感染症,尿管、膀胱：膀胱癌",血尿,血尿,,,,,,,血尿,,,,,,,技能チームで扱っているが参照用に提示,,,,,,,,,,
主要症候,症候,月経異常,JlAK6nU,"F-01-30-na-01,F-01-30-na-02,F-01-30-na-03,G-02-30-na-01,G-02-30-na-02,G-02-30-na-03,G-02-30-na-04,G-02-30-na-05","月経異常の原因と病態生理を説明できる。,月経異常をきたす疾患(群)を列挙し、診断の要点を説明できる。,月経異常がある患者の治療の要点を説明し、専門的治療が必要な状態を概説できる。,無月経：妊娠,月経困難：月経困難症,月経困難：子宮内膜症,不正性器出血：子宮頸癌,不正性器出血：子宮体癌",月経異常,月経異常,,,,,,,月経異常,,,,,,,技能チームで扱っているが参照用に提示,,,,,,,,,,
主要症候,症候,不安・抑うつ,JlAK6nY,"F-01-31-na-01,F-01-31-na-02,F-01-31-na-03,G-02-31-na-01,G-02-31-na-02,G-02-31-na-03,G-02-31-na-04,G-02-31-na-05,G-02-31-na-06,G-02-31-na-07,G-02-31-na-08,G-02-31-na-09","不安・抑うつの原因と病態生理を説明できる。,不安・抑うつをきたす疾患(群)を列挙し、診断の要点を説明できる。,不安・抑うつがある患者の治療の要点を説明し、専門的治療が必要な状態を概説できる。,一次性：うつ病,一次性：双極性障害,一次性：不安障害,二次性（不安障害）：甲状腺機能亢進症,二次性（不安障害）：悪性腫瘍全般,二次性（うつ病）：甲状腺機能低下症,二次性（うつ病）：認知症,二次性（うつ病）：Parkinson病,二次性（うつ病）：悪性腫瘍全般",不安・抑うつ,不安・抑うつ,,,,,,,不安・抑うつ,,,,,,,技能チームで扱っているが参照用に提示,,,,,,,,,,
主要症候,症候,認知障害,JlAK6nc,"F-01-32-na-01,F-01-32-na-02,F-01-32-na-03,G-02-32-na-01,G-02-32-na-02,G-02-32-na-03,G-02-32-na-04","もの忘れの原因と病態生理を説明できる。,もの忘れをきたす疾患(群)を列挙し、診断の要点を説明できる。,もの忘れがある患者の治療の要点を説明し、専門的治療が必要な状態を概説できる。,血管：脳梗塞,変性：認知症,変性：Parkinson病,精神：うつ病",認知障害,認知障害,,,,,,,認知障害,,,,,,,技能チームで扱っているが参照用に提示,,,,,,,,,,
主要症候,症候,頭痛,JlAK6ng,"F-01-33-na-01,F-01-33-na-02,F-01-33-na-03,G-02-33-na-01,G-02-33-na-02,G-02-33-na-03,G-02-33-na-04,G-02-33-na-05,G-02-33-na-06,G-02-33-na-07","頭痛の原因と病態生理を説明できる。,頭痛をきたす疾患(群)を列挙し、診断の要点を説明できる。,頭痛がある患者の治療の要点を説明し、専門的治療が必要な状態を概説できる。,機能性：緊張型頭痛,機能性：片頭痛,症候性：髄膜炎,症候性：脳出血,症候性：くも膜下出血,症候性：緑内障,症候性：急性副鼻腔炎",頭痛,頭痛,,,,,,,頭痛,,,,,,,技能チームで扱っているが参照用に提示,,,,,,,,,,
主要症候,症候,運動麻痺・筋力低下,JlAK6nk,"F-01-34-na-01,F-01-34-na-02,F-01-34-na-03,G-02-34-na-01,G-02-34-na-02,G-02-34-na-03,G-02-34-na-04,G-02-34-na-05,G-02-34-na-06,G-02-34-na-07,G-02-34-na-08,G-02-34-na-09,G-02-34-na-10","運動麻痺・筋力低下の原因と病態生理を説明できる。,運動麻痺・筋力低下をきたす疾患(群)を列挙し、診断の要点を説明できる。,運動麻痺・筋力低下がある患者の治療の要点を説明し、専門的治療が必要な状態を概説できる。,脳病変：脳梗塞,脳病変：一過性脳虚血発作,脳病変：脳出血,脳病変：頭蓋内血腫,脊髄病変：脊髄損傷,脊髄病変：椎間板ヘルニア,末梢神経病変：糖尿病,神経筋接合部病変：肺癌,筋病変：甲状腺機能亢進症,筋病変：アルコール性中毒",運動麻痺・筋力低下,運動麻痺・筋力低下,,,,,,,運動麻痺・筋力低下,,,,,,,技能チームで扱っているが参照用に提示,,,,,,,,,,
主要症候,症候,歩行障害,JlAK6no,,,歩行障害,歩行障害,,,,,,,歩行障害,,,,,新設,,技能チームで扱っているが参照用に提示,,,,,,,,,,
主要症候,症候,感覚障害,JlAK6ns,,,感覚障害,感覚障害,,,,,,,感覚障害,,,,,新設,,技能チームで扱っているが参照用に提示,,,,,,,,,,
主要症候,症候,腰背部痛,JlAK6nw,"F-01-35-na-01,F-01-35-na-02,F-01-35-na-03,G-02-35-na-01,G-02-35-na-02,G-02-35-na-03,G-02-35-na-04,G-02-35-na-05,G-02-35-na-06,G-02-35-na-07,G-02-35-na-08,G-02-35-na-09,G-02-35-na-10","腰背部痛の原因と病態生理を説明できる。,腰背部痛をきたす疾患(群)を列挙し、診断の要点を説明できる。,腰背部痛がある患者の治療の要点を説明し、専門的治療が必要な状態を概説できる。,呼吸器：肺癌,心血管：急性大動脈解離,消化器：胆石症,泌尿・生殖器：尿管結石,泌尿・生殖器：腎細胞癌,脊椎：椎間板ヘルニア,脊椎：変形性脊椎症,脊椎：脊柱管狭窄症,脊椎：脊椎圧迫骨折,脊椎：骨髄腫",腰背部痛,腰背部痛,,,,,,,腰背部痛,,,,,,,技能チームで扱っているが参照用に提示,,,,,,,,,,
主要症候,症候,関節痛・関節腫脹,JlAK6n0,"F-01-36-na-01,F-01-36-na-02,F-01-36-na-03,G-02-36-na-01,G-02-36-na-02,G-02-36-na-03","関節痛・関節腫脹の原因と病態生理を説明できる。,関節痛・関節腫脹をきたす疾患(群)を列挙し、診断の要点を説明できる。,関節痛・関節腫脹がある患者の治療の要点を説明し、専門的治療が必要な状態を概説できる。,単関節炎：痛風,多発関節炎：関節リウマチ,多発関節炎：全身性エリテマトーデス<SLE>",関節痛・関節腫脹,関節痛・関節腫脹,,,,,,,関節痛・関節腫脹,,,,,,,技能チームで扱っているが参照用に提示,,,,,,,,,,
