臓器,分類,カテゴリ,サブカテゴリ,疾患,UID,H28対応項目
血液・造血器・リンパ系,疾患・病態,貧血,,鉄欠乏性貧血,JlAKpXA,"D-01-04-01-01, D-01-04-01-02, D-01-04-01-03, D-01-04-01-04, D-01-04-01-05"
血液・造血器・リンパ系,疾患・病態,貧血,二次性貧血,慢性疾患に伴う貧血,JlAKpXA,"D-01-04-01-01, D-01-04-01-02, D-01-04-01-03, D-01-04-01-04, D-01-04-01-05"
血液・造血器・リンパ系,疾患・病態,貧血,造血不全症,発作性夜間ヘモグロビン尿症,JlAKpXA,"D-01-04-01-01, D-01-04-01-02, D-01-04-01-03, D-01-04-01-04, D-01-04-01-05"
血液・造血器・リンパ系,疾患・病態,貧血,造血不全症,再生不良性貧血,JlAKpXA,"D-01-04-01-01, D-01-04-01-02, D-01-04-01-03, D-01-04-01-04, D-01-04-01-05"
血液・造血器・リンパ系,疾患・病態,貧血,造血不全症,赤芽球癆*,JlAKpXA,"D-01-04-01-01, D-01-04-01-02, D-01-04-01-03, D-01-04-01-04, D-01-04-01-05"
血液・造血器・リンパ系,疾患・病態,貧血,造血不全症,骨髄異形成症候群,JlAKpXA,"D-01-04-01-01, D-01-04-01-02, D-01-04-01-03, D-01-04-01-04, D-01-04-01-05"
血液・造血器・リンパ系,疾患・病態,貧血,溶血性貧血,自己免疫性,JlAKpXA,"D-01-04-01-01, D-01-04-01-02, D-01-04-01-03, D-01-04-01-04, D-01-04-01-05"
血液・造血器・リンパ系,疾患・病態,貧血,溶血性貧血,薬剤誘発性,JlAKpXA,"D-01-04-01-01, D-01-04-01-02, D-01-04-01-03, D-01-04-01-04, D-01-04-01-05"
血液・造血器・リンパ系,疾患・病態,貧血,,出血性貧血,JlAKpXA,"D-01-04-01-01, D-01-04-01-02, D-01-04-01-03, D-01-04-01-04, D-01-04-01-05"
血液・造血器・リンパ系,疾患・病態,貧血,,腎性貧血,JlAKpXA,"D-01-04-01-01, D-01-04-01-02, D-01-04-01-03, D-01-04-01-04, D-01-04-01-05"
血液・造血器・リンパ系,疾患・病態,貧血,巨赤芽球性貧血,ビタミンB12欠乏性貧血,JlAKpXA,"D-01-04-01-01, D-01-04-01-02, D-01-04-01-03, D-01-04-01-04, D-01-04-01-05"
血液・造血器・リンパ系,疾患・病態,貧血,巨赤芽球性貧血,葉酸欠乏性貧血,JlAKpXA,"D-01-04-01-01, D-01-04-01-02, D-01-04-01-03, D-01-04-01-04, D-01-04-01-05"
血液・造血器・リンパ系,疾患・病態,貧血,遺伝性貧血,サラセミア,JlAKpXA,"D-01-04-01-01, D-01-04-01-02, D-01-04-01-03, D-01-04-01-04, D-01-04-01-05"
血液・造血器・リンパ系,疾患・病態,貧血,遺伝性貧血,遺伝性球状赤血球症,JlAKpXA,"D-01-04-01-01, D-01-04-01-02, D-01-04-01-03, D-01-04-01-04, D-01-04-01-05"
血液・造血器・リンパ系,疾患・病態,貧血,遺伝性貧血,鎌状赤血球症,JlAKpXA,"D-01-04-01-01, D-01-04-01-02, D-01-04-01-03, D-01-04-01-04, D-01-04-01-05"
血液・造血器・リンパ系,疾患・病態,出血傾向,,免疫性血小板減少性紫斑病（ITP）,JlAKpXE,"D-01-04-02-01, D-01-04-02-02, D-01-04-02-03, D-01-04-02-04, D-01-04-02-05, D-01-04-02-06, D-01-04-02-07"
血液・造血器・リンパ系,疾患・病態,出血傾向,二次性血小板減少症,脾機能亢進症,JlAKpXE,"D-01-04-02-01, D-01-04-02-02, D-01-04-02-03, D-01-04-02-04, D-01-04-02-05, D-01-04-02-06, D-01-04-02-07"
血液・造血器・リンパ系,疾患・病態,出血傾向,二次性血小板減少症,薬剤性,JlAKpXE,"D-01-04-02-01, D-01-04-02-02, D-01-04-02-03, D-01-04-02-04, D-01-04-02-05, D-01-04-02-06, D-01-04-02-07"
血液・造血器・リンパ系,疾患・病態,出血傾向,,血友病,JlAKpXE,"D-01-04-02-01, D-01-04-02-02, D-01-04-02-03, D-01-04-02-04, D-01-04-02-05, D-01-04-02-06, D-01-04-02-07"
血液・造血器・リンパ系,疾患・病態,出血傾向,,播種性血管内凝固（DIC）,JlAKpXE,"D-01-04-02-01, D-01-04-02-02, D-01-04-02-03, D-01-04-02-04, D-01-04-02-05, D-01-04-02-06, D-01-04-02-07"
血液・造血器・リンパ系,疾患・病態,出血傾向,,溶血性尿毒症症候群（HUS）,JlAKpXE,"D-01-04-02-01, D-01-04-02-02, D-01-04-02-03, D-01-04-02-04, D-01-04-02-05, D-01-04-02-06, D-01-04-02-07"
血液・造血器・リンパ系,疾患・病態,出血傾向,,血栓性血小板減少性紫斑病（TTP）,JlAKpXE,"D-01-04-02-01, D-01-04-02-02, D-01-04-02-03, D-01-04-02-04, D-01-04-02-05, D-01-04-02-06, D-01-04-02-07"
血液・造血器・リンパ系,疾患・病態,出血傾向,,ビタミンK欠乏症,JlAKpXE,"D-01-04-02-01, D-01-04-02-02, D-01-04-02-03, D-01-04-02-04, D-01-04-02-05, D-01-04-02-06, D-01-04-02-07"
血液・造血器・リンパ系,疾患・病態,出血傾向,,von Willebrand病,JlAKpXE,"D-01-04-02-01, D-01-04-02-02, D-01-04-02-03, D-01-04-02-04, D-01-04-02-05, D-01-04-02-06, D-01-04-02-07"
血液・造血器・リンパ系,疾患・病態,血栓傾向,,プロテインC・プロテインS・アンチトロンビン欠乏症,JlAKpXI,
血液・造血器・リンパ系,疾患・病態,血栓傾向,,抗リン脂質抗体症候群,JlAKpXI,
血液・造血器・リンパ系,疾患・病態,血栓傾向,,TTP,JlAKpXI,
血液・造血器・リンパ系,疾患・病態,血栓傾向,,HUS,JlAKpXI,
血液・造血器・リンパ系,疾患・病態,血栓傾向,,DIC,JlAKpXI,
血液・造血器・リンパ系,疾患・病態,腫瘍性疾患,,急性骨髄性白血病,JlAKpXM,"D-01-04-04-01,　D-01-04-04-02, D-01-04-04-03, D-01-04-04-04, D-01-04-04-05, D-01-04-04-06, D-01-04-04-07, D-01-04-04-08, D-01-04-04-09"
血液・造血器・リンパ系,疾患・病態,腫瘍性疾患,,急性リンパ性白血病,JlAKpXM,"D-01-04-04-01,　D-01-04-04-02, D-01-04-04-03, D-01-04-04-04, D-01-04-04-05, D-01-04-04-06, D-01-04-04-07, D-01-04-04-08, D-01-04-04-09"
血液・造血器・リンパ系,疾患・病態,腫瘍性疾患,骨髄増殖性疾患,慢性骨髄性白血病,JlAKpXM,"D-01-04-04-01,　D-01-04-04-02, D-01-04-04-03, D-01-04-04-04, D-01-04-04-05, D-01-04-04-06, D-01-04-04-07, D-01-04-04-08, D-01-04-04-09"
血液・造血器・リンパ系,疾患・病態,腫瘍性疾患,骨髄増殖性疾患,真性赤血球増加症,JlAKpXM,"D-01-04-04-01,　D-01-04-04-02, D-01-04-04-03, D-01-04-04-04, D-01-04-04-05, D-01-04-04-06, D-01-04-04-07, D-01-04-04-08, D-01-04-04-09"
血液・造血器・リンパ系,疾患・病態,腫瘍性疾患,骨髄増殖性疾患,本態性血小板血症,JlAKpXM,"D-01-04-04-01,　D-01-04-04-02, D-01-04-04-03, D-01-04-04-04, D-01-04-04-05, D-01-04-04-06, D-01-04-04-07, D-01-04-04-08, D-01-04-04-09"
血液・造血器・リンパ系,疾患・病態,腫瘍性疾患,骨髄増殖性疾患,原発性骨髄線維症,JlAKpXM,"D-01-04-04-01,　D-01-04-04-02, D-01-04-04-03, D-01-04-04-04, D-01-04-04-05, D-01-04-04-06, D-01-04-04-07, D-01-04-04-08, D-01-04-04-09"
血液・造血器・リンパ系,疾患・病態,腫瘍性疾患,,慢性リンパ性白血病,JlAKpXM,"D-01-04-04-01,　D-01-04-04-02, D-01-04-04-03, D-01-04-04-04, D-01-04-04-05, D-01-04-04-06, D-01-04-04-07, D-01-04-04-08, D-01-04-04-09"
血液・造血器・リンパ系,疾患・病態,腫瘍性疾患,,リンパ増殖性疾患,JlAKpXM,"D-01-04-04-01,　D-01-04-04-02, D-01-04-04-03, D-01-04-04-04, D-01-04-04-05, D-01-04-04-06, D-01-04-04-07, D-01-04-04-08, D-01-04-04-09"
血液・造血器・リンパ系,疾患・病態,腫瘍性疾患,,成人T 細胞白血病,JlAKpXM,"D-01-04-04-01,　D-01-04-04-02, D-01-04-04-03, D-01-04-04-04, D-01-04-04-05, D-01-04-04-06, D-01-04-04-07, D-01-04-04-08, D-01-04-04-09"
血液・造血器・リンパ系,疾患・病態,腫瘍性疾患,悪性リンパ腫,Hodgkinリンパ腫,JlAKpXM,"D-01-04-04-01,　D-01-04-04-02, D-01-04-04-03, D-01-04-04-04, D-01-04-04-05, D-01-04-04-06, D-01-04-04-07, D-01-04-04-08, D-01-04-04-09"
血液・造血器・リンパ系,疾患・病態,腫瘍性疾患,悪性リンパ腫,濾胞性リンパ腫,JlAKpXM,"D-01-04-04-01,　D-01-04-04-02, D-01-04-04-03, D-01-04-04-04, D-01-04-04-05, D-01-04-04-06, D-01-04-04-07, D-01-04-04-08, D-01-04-04-09"
血液・造血器・リンパ系,疾患・病態,腫瘍性疾患,悪性リンパ腫,びまん性大細胞型B細胞リンパ腫,JlAKpXM,"D-01-04-04-01,　D-01-04-04-02, D-01-04-04-03, D-01-04-04-04, D-01-04-04-05, D-01-04-04-06, D-01-04-04-07, D-01-04-04-08, D-01-04-04-09"
血液・造血器・リンパ系,疾患・病態,腫瘍性疾患,悪性リンパ腫,末梢T細胞性リンパ腫,JlAKpXM,"D-01-04-04-01,　D-01-04-04-02, D-01-04-04-03, D-01-04-04-04, D-01-04-04-05, D-01-04-04-06, D-01-04-04-07, D-01-04-04-08, D-01-04-04-09"
血液・造血器・リンパ系,疾患・病態,腫瘍性疾患,悪性リンパ腫,Burkittリンパ腫,JlAKpXM,"D-01-04-04-01,　D-01-04-04-02, D-01-04-04-03, D-01-04-04-04, D-01-04-04-05, D-01-04-04-06, D-01-04-04-07, D-01-04-04-08, D-01-04-04-09"
血液・造血器・リンパ系,疾患・病態,腫瘍性疾患,悪性リンパ腫,MALTリンパ腫,JlAKpXM,"D-01-04-04-01,　D-01-04-04-02, D-01-04-04-03, D-01-04-04-04, D-01-04-04-05, D-01-04-04-06, D-01-04-04-07, D-01-04-04-08, D-01-04-04-09"
血液・造血器・リンパ系,疾患・病態,腫瘍性疾患,,多発性骨髄腫,JlAKpXM,"D-01-04-04-01,　D-01-04-04-02, D-01-04-04-03, D-01-04-04-04, D-01-04-04-05, D-01-04-04-06, D-01-04-04-07, D-01-04-04-08, D-01-04-04-09"
血液・造血器・リンパ系,疾患・病態,腫瘍性疾患,,マクログロブリン血症,JlAKpXM,"D-01-04-04-01,　D-01-04-04-02, D-01-04-04-03, D-01-04-04-04, D-01-04-04-05, D-01-04-04-06, D-01-04-04-07, D-01-04-04-08, D-01-04-04-09"
血液・造血器・リンパ系,疾患・病態,腫瘍性疾患,,意義不明の単クローン性免疫グロブリン症〈MGUS〉　※腫瘍の項目にも掲載,JlAKpXM,"D-01-04-04-01,　D-01-04-04-02, D-01-04-04-03, D-01-04-04-04, D-01-04-04-05, D-01-04-04-06, D-01-04-04-07, D-01-04-04-08, D-01-04-04-09"
血液・造血器・リンパ系,疾患・病態,その他の重要な造血系疾患,,無顆粒球症,JlAKpXQ,
血液・造血器・リンパ系,疾患・病態,その他の重要な造血系疾患,,血球貪食症候群（血球貪食性リンパ組織球症）,JlAKpXQ,
血液・造血器・リンパ系,疾患・病態,その他の重要な造血系疾患,,移植片対宿主病（GVHD）,JlAKpXQ,
神経系,疾患・病態,脳血管障害,,脳出血,JlAKpZs,D-02-04-01-01
神経系,疾患・病態,脳血管障害,,くも膜下出血,JlAKpZs,D-02-04-01-01
神経系,疾患・病態,脳血管障害,,頭蓋内血腫,JlAKpZs,D-02-04-01-01
神経系,疾患・病態,脳血管障害,,脳梗塞,JlAKpZs,D-02-04-01-01
神経系,疾患・病態,脳血管障害,,一過性脳虚血発作,JlAKpZs,D-02-04-01-01
神経系,疾患・病態,脳血管障害,,脳動脈瘤,JlAKpZs,D-02-04-01-01
神経系,疾患・病態,脳血管障害,,脳動静脈奇形,JlAKpZs,D-02-04-01-01
神経系,疾患・病態,脳血管障害,,もやもや病,JlAKpZs,D-02-04-01-01
神経系,疾患・病態,感染性・炎症性疾患・脱髄性疾患,,脳炎・髄膜炎,JlAKpZw,"D-02-04-03-01,D-02-04-03-02"
神経系,疾患・病態,感染性・炎症性疾患・脱髄性疾患,,脳症,JlAKpZw,"D-02-04-03-01,D-02-04-03-02"
神経系,疾患・病態,感染性・炎症性疾患・脱髄性疾患,,脳膿瘍,JlAKpZw,"D-02-04-03-01,D-02-04-03-02"
神経系,疾患・病態,感染性・炎症性疾患・脱髄性疾患,,多発性硬化症,JlAKpZw,"D-02-04-03-01,D-02-04-03-02"
神経系,疾患・病態,認知症と変性疾患,認知症,Alzheimer型,JlAKpZ0,"D-02-04-02-01,D-02-04-02-02,D-02-04-02-03,D-02-04-02-04,D-02-04-02-05"
神経系,疾患・病態,認知症と変性疾患,認知症,Lewy小体型,JlAKpZ0,"D-02-04-02-01,D-02-04-02-02,D-02-04-02-03,D-02-04-02-04,D-02-04-02-05"
神経系,疾患・病態,認知症と変性疾患,認知症,脳血管性,JlAKpZ0,"D-02-04-02-01,D-02-04-02-02,D-02-04-02-03,D-02-04-02-04,D-02-04-02-05"
神経系,疾患・病態,認知症と変性疾患,,Parkinson病,JlAKpZ0,"D-02-04-02-01,D-02-04-02-02,D-02-04-02-03,D-02-04-02-04,D-02-04-02-05"
神経系,疾患・病態,認知症と変性疾患,,筋萎縮性側索硬化症,JlAKpZ0,"D-02-04-02-01,D-02-04-02-02,D-02-04-02-03,D-02-04-02-04,D-02-04-02-05"
神経系,疾患・病態,認知症と変性疾患,,多系統萎縮症,JlAKpZ0,"D-02-04-02-01,D-02-04-02-02,D-02-04-02-03,D-02-04-02-04,D-02-04-02-05"
神経系,疾患・病態,末梢神経・神経 筋接合部・筋疾患,ニューロパチー,栄養障害,JlAKpZ4,"D-02-04-05-01,D-02-04-05-02,D-02-04-05-03,D-02-04-05-04,D-02-04-06-01,D-02-04-06-02,D-02-04-06-03"
神経系,疾患・病態,末梢神経・神経 筋接合部・筋疾患,ニューロパチー,中毒,JlAKpZ4,"D-02-04-05-01,D-02-04-05-02,D-02-04-05-03,D-02-04-05-04,D-02-04-06-01,D-02-04-06-02,D-02-04-06-03"
神経系,疾患・病態,末梢神経・神経 筋接合部・筋疾患,ニューロパチー,遺伝性,JlAKpZ4,"D-02-04-05-01,D-02-04-05-02,D-02-04-05-03,D-02-04-05-04,D-02-04-06-01,D-02-04-06-02,D-02-04-06-03"
神経系,疾患・病態,末梢神経・神経 筋接合部・筋疾患,,Guillain-Barré症候群,JlAKpZ4,"D-02-04-05-01,D-02-04-05-02,D-02-04-05-03,D-02-04-05-04,D-02-04-06-01,D-02-04-06-02,D-02-04-06-03"
神経系,疾患・病態,末梢神経・神経 筋接合部・筋疾患,,顔面神経麻痺（Bell麻痺を含む）,JlAKpZ4,"D-02-04-05-01,D-02-04-05-02,D-02-04-05-03,D-02-04-05-04,D-02-04-06-01,D-02-04-06-02,D-02-04-06-03"
神経系,疾患・病態,末梢神経・神経 筋接合部・筋疾患,,反回神経麻痺,JlAKpZ4,"D-02-04-05-01,D-02-04-05-02,D-02-04-05-03,D-02-04-05-04,D-02-04-06-01,D-02-04-06-02,D-02-04-06-03"
神経系,疾患・病態,末梢神経・神経 筋接合部・筋疾患,,主な神経痛（三叉・坐骨神経痛）,JlAKpZ4,"D-02-04-05-01,D-02-04-05-02,D-02-04-05-03,D-02-04-05-04,D-02-04-06-01,D-02-04-06-02,D-02-04-06-03"
神経系,疾患・病態,末梢神経・神経 筋接合部・筋疾患,,重症筋無力症,JlAKpZ4,"D-02-04-05-01,D-02-04-05-02,D-02-04-05-03,D-02-04-05-04,D-02-04-06-01,D-02-04-06-02,D-02-04-06-03"
神経系,疾患・病態,末梢神経・神経 筋接合部・筋疾患,,進行性筋ジストロフィー,JlAKpZ4,"D-02-04-05-01,D-02-04-05-02,D-02-04-05-03,D-02-04-05-04,D-02-04-06-01,D-02-04-06-02,D-02-04-06-03"
神経系,疾患・病態,末梢神経・神経 筋接合部・筋疾患,,周期性四肢麻痺,JlAKpZ4,"D-02-04-05-01,D-02-04-05-02,D-02-04-05-03,D-02-04-05-04,D-02-04-06-01,D-02-04-06-02,D-02-04-06-03"
神経系,疾患・病態,発作性・機能性・自律神経系疾患,,全般てんかん,JlAKpZ8,"D-02-04-07-01,D-02-04-08-01"
神経系,疾患・病態,発作性・機能性・自律神経系疾患,,局在関連てんかん,JlAKpZ8,"D-02-04-07-01,D-02-04-08-01"
神経系,疾患・病態,発作性・機能性・自律神経系疾患,慢性頭痛,片頭痛,JlAKpZ8,"D-02-04-07-01,D-02-04-08-01"
神経系,疾患・病態,発作性・機能性・自律神経系疾患,慢性頭痛,緊張型頭痛,JlAKpZ8,"D-02-04-07-01,D-02-04-08-01"
神経系,疾患・病態,頭部外傷,,脳挫傷,JlAKpaA,"D-02-04-04-02,D-02-04-04-03"
神経系,疾患・病態,頭部外傷,,脳震盪,JlAKpaA,"D-02-04-04-02,D-02-04-04-03"
神経系,疾患・病態,頭部外傷,,びまん性軸索損傷,JlAKpaA,"D-02-04-04-02,D-02-04-04-03"
神経系,疾患・病態,頭部外傷,,急性硬膜外血腫,JlAKpaA,"D-02-04-04-02,D-02-04-04-03"
神経系,疾患・病態,頭部外傷,,硬膜下血腫（急性・慢性）,JlAKpaA,"D-02-04-04-02,D-02-04-04-03"
神経系,疾患・病態,頭部外傷,,頭蓋骨骨折,JlAKpaA,"D-02-04-04-02,D-02-04-04-03"
神経系,疾患・病態,頭部外傷,,頭部外傷後の高次機能障害,JlAKpaA,"D-02-04-04-02,D-02-04-04-03"
神経系,疾患・病態,小児領域,,熱性けいれん,JlAKpaE,"D-02-04-09-01,D-02-04-09-02"
神経系,疾患・病態,小児領域,,脳性麻痺,JlAKpaE,"D-02-04-09-01,D-02-04-09-02"
神経系,疾患・病態,小児領域,,水頭症,JlAKpaE,"D-02-04-09-01,D-02-04-09-02"
神経系,疾患・病態,腫瘍性疾患,,※腫瘍の項目を参照,JlAKpaI,D-02-04-10-01
皮膚系,疾患・病態,湿疹・皮膚炎,,湿疹反応（湿疹三角）,JlAKpbE,"D-03-04-01-01, ,D-03-04-01-02"
皮膚系,疾患・病態,湿疹・皮膚炎,,接触皮膚炎,JlAKpbE,"D-03-04-01-01, ,D-03-04-01-02"
皮膚系,疾患・病態,湿疹・皮膚炎,,アトピー性皮膚炎,JlAKpbE,"D-03-04-01-01, ,D-03-04-01-02"
皮膚系,疾患・病態,湿疹・皮膚炎,,脂漏性皮膚炎,JlAKpbE,"D-03-04-01-01, ,D-03-04-01-02"
皮膚系,疾患・病態,湿疹・皮膚炎,,貨幣状湿疹,JlAKpbE,"D-03-04-01-01, ,D-03-04-01-02"
皮膚系,疾患・病態,湿疹・皮膚炎,,皮脂欠乏性湿疹,JlAKpbE,"D-03-04-01-01, ,D-03-04-01-02"
皮膚系,疾患・病態,湿疹・皮膚炎,,自家感作性皮膚炎,JlAKpbE,"D-03-04-01-01, ,D-03-04-01-02"
皮膚系,疾患・病態,湿疹・皮膚炎,,うっ滞性皮膚炎）,JlAKpbE,"D-03-04-01-01, ,D-03-04-01-02"
皮膚系,疾患・病態,蕁麻疹、紅斑症、紅皮症と皮膚そう痒症,,蕁麻疹,JlAKpbI,"D-03-04-02-01,,D-03-04-02-02,,D-03-04-02-03.,"
皮膚系,疾患・病態,蕁麻疹、紅斑症、紅皮症と皮膚そう痒症,,血管性浮腫,JlAKpbI,"D-03-04-02-01,,D-03-04-02-02,,D-03-04-02-03.,"
皮膚系,疾患・病態,蕁麻疹、紅斑症、紅皮症と皮膚そう痒症,,多形滲出性紅斑,JlAKpbI,"D-03-04-02-01,,D-03-04-02-02,,D-03-04-02-03.,"
皮膚系,疾患・病態,蕁麻疹、紅斑症、紅皮症と皮膚そう痒症,,結節性紅斑,JlAKpbI,"D-03-04-02-01,,D-03-04-02-02,,D-03-04-02-03.,"
皮膚系,疾患・病態,蕁麻疹、紅斑症、紅皮症と皮膚そう痒症,,環状紅斑,JlAKpbI,"D-03-04-02-01,,D-03-04-02-02,,D-03-04-02-03.,"
皮膚系,疾患・病態,蕁麻疹、紅斑症、紅皮症と皮膚そう痒症,,紅皮症,JlAKpbI,"D-03-04-02-01,,D-03-04-02-02,,D-03-04-02-03.,"
皮膚系,疾患・病態,蕁麻疹、紅斑症、紅皮症と皮膚そう痒症,,皮膚そう痒症,JlAKpbI,"D-03-04-02-01,,D-03-04-02-02,,D-03-04-02-03.,"
皮膚系,疾患・病態,紫斑・皮膚血流障害,,紫斑（単純性・老人性）,JlAKpbM,D-03-04-03-01
皮膚系,疾患・病態,紫斑・皮膚血流障害,皮膚血流障害,血栓性静脈炎,JlAKpbM,D-03-04-03-01
皮膚系,疾患・病態,紫斑・皮膚血流障害,皮膚血流障害,網状皮斑,JlAKpbM,D-03-04-03-01
皮膚系,疾患・病態,薬疹・薬物障害,,固定薬疹,JlAKpbQ,"D-03-04-04-01, D-03-04-04-02"
皮膚系,疾患・病態,薬疹・薬物障害,,Stevens-Johnson症候群,JlAKpbQ,"D-03-04-04-01, D-03-04-04-02"
皮膚系,疾患・病態,薬疹・薬物障害,,中毒性表皮壊死症（TEN）,JlAKpbQ,"D-03-04-04-01, D-03-04-04-02"
皮膚系,疾患・病態,薬疹・薬物障害,,薬剤性過敏症症候群（DIHS）,JlAKpbQ,"D-03-04-04-01, D-03-04-04-02"
皮膚系,疾患・病態,水疱症と膿疱,自己免疫性水疱症,天疱瘡,JlAKpbU,"D-03-04-05-01, D-03-04-05-02, D-03-04-05-03"
皮膚系,疾患・病態,水疱症と膿疱,自己免疫性水疱症,水疱性類天疱瘡,JlAKpbU,"D-03-04-05-01, D-03-04-05-02, D-03-04-05-03"
皮膚系,疾患・病態,水疱症と膿疱,膿疱症,掌蹠膿疱症,JlAKpbU,"D-03-04-05-01, D-03-04-05-02, D-03-04-05-03"
皮膚系,疾患・病態,水疱症と膿疱,膿疱症,膿疱性乾癬,JlAKpbU,"D-03-04-05-01, D-03-04-05-02, D-03-04-05-03"
皮膚系,疾患・病態,乾癬と角化症,,尋常性乾癬,JlAKpbY,"D-03-04-06-01,D-03-04-06-02,"
皮膚系,疾患・病態,乾癬と角化症,,扁平苔癬,JlAKpbY,"D-03-04-06-01,D-03-04-06-02,"
皮膚系,疾患・病態,乾癬と角化症,,Gibert 薔薇色粃糠疹,JlAKpbY,"D-03-04-06-01,D-03-04-06-02,"
皮膚系,疾患・病態,乾癬と角化症,,魚鱗癬脂漏性角化症,JlAKpbY,"D-03-04-06-01,D-03-04-06-02,"
皮膚系,疾患・病態,皮膚感染症,,伝染性膿痂疹,JlAKpbc,"D-03-04-07-01,D-03-04-07-02,D-03-04-07-03,D-03-04-07-04,D-03-04-07-05, D-03-04-07-06"
皮膚系,疾患・病態,皮膚感染症,,せつ・癰,JlAKpbc,"D-03-04-07-01,D-03-04-07-02,D-03-04-07-03,D-03-04-07-04,D-03-04-07-05, D-03-04-07-06"
皮膚系,疾患・病態,皮膚感染症,,毛嚢炎,JlAKpbc,"D-03-04-07-01,D-03-04-07-02,D-03-04-07-03,D-03-04-07-04,D-03-04-07-05, D-03-04-07-06"
皮膚系,疾患・病態,皮膚感染症,,ひょう疽,JlAKpbc,"D-03-04-07-01,D-03-04-07-02,D-03-04-07-03,D-03-04-07-04,D-03-04-07-05, D-03-04-07-06"
皮膚系,疾患・病態,皮膚感染症,,丹毒,JlAKpbc,"D-03-04-07-01,D-03-04-07-02,D-03-04-07-03,D-03-04-07-04,D-03-04-07-05, D-03-04-07-06"
皮膚系,疾患・病態,皮膚感染症,,ブドウ球菌性熱傷様皮膚症候群,JlAKpbc,"D-03-04-07-01,D-03-04-07-02,D-03-04-07-03,D-03-04-07-04,D-03-04-07-05, D-03-04-07-06"
皮膚系,疾患・病態,皮膚感染症,,蜂窩織炎,JlAKpbc,"D-03-04-07-01,D-03-04-07-02,D-03-04-07-03,D-03-04-07-04,D-03-04-07-05, D-03-04-07-06"
皮膚系,疾患・病態,皮膚感染症,,壊死性筋膜炎,JlAKpbc,"D-03-04-07-01,D-03-04-07-02,D-03-04-07-03,D-03-04-07-04,D-03-04-07-05, D-03-04-07-06"
皮膚系,疾患・病態,皮膚感染症,,皮膚真菌症（表在性・深在性）,JlAKpbc,"D-03-04-07-01,D-03-04-07-02,D-03-04-07-03,D-03-04-07-04,D-03-04-07-05, D-03-04-07-06"
皮膚系,疾患・病態,皮膚感染症,,皮膚抗酸菌症,JlAKpbc,"D-03-04-07-01,D-03-04-07-02,D-03-04-07-03,D-03-04-07-04,D-03-04-07-05, D-03-04-07-06"
皮膚系,疾患・病態,皮膚感染症,,疥癬,JlAKpbc,"D-03-04-07-01,D-03-04-07-02,D-03-04-07-03,D-03-04-07-04,D-03-04-07-05, D-03-04-07-06"
皮膚系,疾患・病態,皮膚感染症,皮膚ウィルス感染症,単純ヘルペス,JlAKpbc,"D-03-04-07-01,D-03-04-07-02,D-03-04-07-03,D-03-04-07-04,D-03-04-07-05, D-03-04-07-06"
皮膚系,疾患・病態,皮膚感染症,皮膚ウィルス感染症,帯状疱疹,JlAKpbc,"D-03-04-07-01,D-03-04-07-02,D-03-04-07-03,D-03-04-07-04,D-03-04-07-05, D-03-04-07-06"
皮膚系,疾患・病態,皮膚感染症,皮膚ウィルス感染症,尋常性疣贅,JlAKpbc,"D-03-04-07-01,D-03-04-07-02,D-03-04-07-03,D-03-04-07-04,D-03-04-07-05, D-03-04-07-06"
皮膚系,疾患・病態,皮膚感染症,皮膚ウィルス感染症,伝染性軟属腫,JlAKpbc,"D-03-04-07-01,D-03-04-07-02,D-03-04-07-03,D-03-04-07-04,D-03-04-07-05, D-03-04-07-06"
皮膚系,疾患・病態,皮膚感染症,皮膚ウィルス感染症,麻疹,JlAKpbc,"D-03-04-07-01,D-03-04-07-02,D-03-04-07-03,D-03-04-07-04,D-03-04-07-05, D-03-04-07-06"
皮膚系,疾患・病態,皮膚感染症,皮膚ウィルス感染症,風疹,JlAKpbc,"D-03-04-07-01,D-03-04-07-02,D-03-04-07-03,D-03-04-07-04,D-03-04-07-05, D-03-04-07-06"
皮膚系,疾患・病態,皮膚感染症,皮膚ウィルス感染症,水痘,JlAKpbc,"D-03-04-07-01,D-03-04-07-02,D-03-04-07-03,D-03-04-07-04,D-03-04-07-05, D-03-04-07-06"
皮膚系,疾患・病態,皮膚感染症,皮膚ウィルス感染症,伝染性紅斑,JlAKpbc,"D-03-04-07-01,D-03-04-07-02,D-03-04-07-03,D-03-04-07-04,D-03-04-07-05, D-03-04-07-06"
皮膚系,疾患・病態,皮膚感染症,皮膚ウィルス感染症,手足口病,JlAKpbc,"D-03-04-07-01,D-03-04-07-02,D-03-04-07-03,D-03-04-07-04,D-03-04-07-05, D-03-04-07-06"
皮膚系,疾患・病態,皮膚感染症,,後天性免疫不全症候群（AIDS）に伴う皮膚症状（梅毒・難治性ヘルペス・伝染性軟属腫・カポジ肉腫など）,JlAKpbc,"D-03-04-07-01,D-03-04-07-02,D-03-04-07-03,D-03-04-07-04,D-03-04-07-05, D-03-04-07-06"
皮膚系,疾患・病態,母斑性皮膚疾患,,母斑,JlAKpbg,D-03-04-08-01
皮膚系,疾患・病態,母斑性皮膚疾患,母斑症,神経線維腫症1型,JlAKpbg,D-03-04-08-01
皮膚系,疾患・病態,母斑性皮膚疾患,母斑症,結節性硬化症,JlAKpbg,D-03-04-08-01
皮膚系,疾患・病態,付属器疾患,毛の疾患,円形脱毛症,JlAKpbk,"D-03-04-09-01, D-03-04-09-02"
皮膚系,疾患・病態,付属器疾患,毛の疾患,男性型脱毛症,JlAKpbk,"D-03-04-09-01, D-03-04-09-02"
皮膚系,疾患・病態,付属器疾患,,爪の疾患（匙状爪・嵌入爪）,JlAKpbk,"D-03-04-09-01, D-03-04-09-02"
皮膚系,疾患・病態,付属器疾患,汗腺の疾患,汗疹,JlAKpbk,"D-03-04-09-01, D-03-04-09-02"
皮膚系,疾患・病態,付属器疾患,汗腺の疾患,多汗症,JlAKpbk,"D-03-04-09-01, D-03-04-09-02"
皮膚系,疾患・病態,付属器疾患,汗腺の疾患,無汗症,JlAKpbk,"D-03-04-09-01, D-03-04-09-02"
皮膚系,疾患・病態,その他,,尋常性痤瘡,JlAKpbo,
皮膚系,疾患・病態,その他,,酒皶様皮膚炎,JlAKpbo,
皮膚系,疾患・病態,その他,,褥瘡,JlAKpbo,
皮膚系,疾患・病態,その他,,ケロイド,JlAKpbo,
皮膚系,疾患・病態,その他,,粉瘤,JlAKpbo,
皮膚系,疾患・病態,その他,,尋常性白斑,JlAKpbo,
皮膚系,疾患・病態,その他,,壊疽性膿皮症,JlAKpbo,
皮膚系,疾患・病態,その他,,痒疹,JlAKpbo,
皮膚系,疾患・病態,その他,,色素性乾皮症,JlAKpbo,
皮膚系,疾患・病態,腫瘍性疾患,,※腫瘍の項目を参照,JlAKpbs,
皮膚系,疾患・病態,,,凍傷・電撃傷を別カテゴリーで設けてください。,JlAKpbw,
運動器（筋骨格）系,疾患・病態,,,四肢・脊椎外傷,JlAKpc8,D-04-04-01-01
運動器（筋骨格）系,疾患・病態,,,関節の脱臼,JlAKpdA,D-04-04-01-02
運動器（筋骨格）系,疾患・病態,,,肘内障,JlAKpdA,D-04-04-01-02
運動器（筋骨格）系,疾患・病態,,,腱・靱帯・半月板損傷,JlAKpdA,D-04-04-01-02
運動器（筋骨格）系,疾患・病態,,,関節拘縮,JlAKpdE,
運動器（筋骨格）系,疾患・病態,,,Dupuytren拘縮,JlAKpdE,
運動器（筋骨格）系,疾患・病態,,,骨折,JlAKpdI,D-04-04-01-03
運動器（筋骨格）系,疾患・病態,,,筋損傷・挫滅症候群・コンパートメント症候群,JlAKpdM,D-04-04-01-04
運動器（筋骨格）系,疾患・病態,,代謝性骨疾患,骨粗鬆症,JlAKpdQ,D-04-04-01-05
運動器（筋骨格）系,疾患・病態,,代謝性骨疾患,くる病,JlAKpdQ,D-04-04-01-05
運動器（筋骨格）系,疾患・病態,,代謝性骨疾患,骨軟化症,JlAKpdQ,D-04-04-01-05
運動器（筋骨格）系,疾患・病態,,,関節炎,JlAKpdU,D-04-04-01-06
運動器（筋骨格）系,疾患・病態,,,腱鞘炎,JlAKpdU,D-04-04-01-06
運動器（筋骨格）系,疾患・病態,,,滑液包炎,JlAKpdU,D-04-04-01-06
運動器（筋骨格）系,疾患・病態,,,腱付着部炎,JlAKpdU,D-04-04-01-06
運動器（筋骨格）系,疾患・病態,,関節症,変形性関節症,JlAKpdY,D-04-04-01-07
運動器（筋骨格）系,疾患・病態,,関節症,外反母趾,JlAKpdY,D-04-04-01-07
運動器（筋骨格）系,疾患・病態,,関節症,外反膝,JlAKpdY,D-04-04-01-07
運動器（筋骨格）系,疾患・病態,,関節症,内反膝,JlAKpdY,D-04-04-01-07
運動器（筋骨格）系,疾患・病態,,関節症,反張膝,JlAKpdY,D-04-04-01-07
運動器（筋骨格）系,疾患・病態,,関節症,神経病性関節症,JlAKpdY,D-04-04-01-07
運動器（筋骨格）系,疾患・病態,,絞扼性末梢神経障害,胸郭出口症候群,JlAKpdc,D-04-04-01-08
運動器（筋骨格）系,疾患・病態,,絞扼性末梢神経障害,手根管症候群,JlAKpdc,D-04-04-01-08
運動器（筋骨格）系,疾患・病態,,絞扼性末梢神経障害,肘部管症候群等,JlAKpdc,D-04-04-01-08
運動器（筋骨格）系,疾患・病態,,,脊椎症・脊髄症・神経根症（脊柱靭帯骨化症を含む）,JlAKpdg,D-04-04-01-09
運動器（筋骨格）系,疾患・病態,,,脊髄損傷,JlAKpdk,D-04-04-01-10
運動器（筋骨格）系,疾患・病態,,,脊椎椎間板ヘルニア,JlAKpdo,D-04-04-01-11
運動器（筋骨格）系,疾患・病態,,,脊柱管狭窄症,JlAKpds,D-04-04-01-12
運動器（筋骨格）系,疾患・病態,,,脊椎分離・すべり症,JlAKpd0,D-04-04-01-13
運動器（筋骨格）系,疾患・病態,,運動器慢性疼痛,腰背部痛,JlAKpd4,D-04-04-01-14
運動器（筋骨格）系,疾患・病態,,運動器慢性疼痛,頸部痛,JlAKpd4,D-04-04-01-14
運動器（筋骨格）系,疾患・病態,,運動器慢性疼痛,肩こり,JlAKpd4,D-04-04-01-14
運動器（筋骨格）系,疾患・病態,,運動器慢性疼痛,肩関節周囲炎,JlAKpd4,D-04-04-01-14
運動器（筋骨格）系,疾患・病態,,感染性疾患,化膿性関節炎,JlAKpd8,D-04-04-02-01
運動器（筋骨格）系,疾患・病態,,感染性疾患,骨髄炎,JlAKpd8,D-04-04-02-01
運動器（筋骨格）系,疾患・病態,,,椎間板炎・化膿性脊椎炎・脊椎カリエス,JlAKpeA,D-04-04-02-02
運動器（筋骨格）系,疾患・病態,,先天性疾患,斜頸,JlAKpeE,
運動器（筋骨格）系,疾患・病態,,先天性疾患,側弯症,JlAKpeE,
運動器（筋骨格）系,疾患・病態,,先天性疾患,先天性股関節脱臼,JlAKpeE,
運動器（筋骨格）系,疾患・病態,,先天性疾患,内反足,JlAKpeE,
運動器（筋骨格）系,疾患・病態,,先天性疾患,骨形成不全症,JlAKpeE,
運動器（筋骨格）系,疾患・病態,,骨壊死・骨端症・軟骨の障害,特発性大腿骨頭壊死症,JlAKpeI,
運動器（筋骨格）系,疾患・病態,,骨壊死・骨端症・軟骨の障害,Perthes病,JlAKpeI,
運動器（筋骨格）系,疾患・病態,,骨壊死・骨端症・軟骨の障害,Osgood-Schlatter病,JlAKpeI,
運動器（筋骨格）系,疾患・病態,,骨壊死・骨端症・軟骨の障害,離断性骨軟骨炎,JlAKpeI,
運動器（筋骨格）系,疾患・病態,,骨壊死・骨端症・軟骨の障害,膝蓋軟骨軟化症,JlAKpeI,
運動器（筋骨格）系,疾患・病態,,,腫瘍性疾患　※腫瘍の項目を参照,JlAKpeM,"D-04-04-03-01,　D-04-04-03-02,　D-04-04-03-03"
循環器系,疾患・病態,心不全,心不全,左心,JlAKpgU,"D-05-04-01-01,D-05-04-01-02,D-05-04-01-03,,D-05-04-01-05"
循環器系,疾患・病態,心不全,心不全,右心,JlAKpgU,"D-05-04-01-01,D-05-04-01-02,D-05-04-01-03,,D-05-04-01-05"
循環器系,疾患・病態,心不全,心不全,急性,JlAKpgU,"D-05-04-01-01,D-05-04-01-02,D-05-04-01-03,,D-05-04-01-05"
循環器系,疾患・病態,心不全,心不全,慢性,JlAKpgU,"D-05-04-01-01,D-05-04-01-02,D-05-04-01-03,,D-05-04-01-05"
循環器系,疾患・病態,虚血性心疾患,狭心症,労作性,JlAKpgY,"D-05-04-02-01,D-05-04-02-02,D-05-04-02-03,D-05-04-02-04,D-05-04-02-05,D-05-04-02-06"
循環器系,疾患・病態,虚血性心疾患,狭心症,冠攣縮性,JlAKpgY,"D-05-04-02-01,D-05-04-02-02,D-05-04-02-03,D-05-04-02-04,D-05-04-02-05,D-05-04-02-06"
循環器系,疾患・病態,虚血性心疾患,急性冠症候群,不安定狭心症,JlAKpgY,"D-05-04-02-01,D-05-04-02-02,D-05-04-02-03,D-05-04-02-04,D-05-04-02-05,D-05-04-02-06"
循環器系,疾患・病態,虚血性心疾患,急性冠症候群,急性心筋梗塞,JlAKpgY,"D-05-04-02-01,D-05-04-02-02,D-05-04-02-03,D-05-04-02-04,D-05-04-02-05,D-05-04-02-06"
循環器系,疾患・病態,不整脈,徐脈性不整脈,洞不全症候群,JlAKpgg,"D-05-04-03-01,D-05-04-03-02,D-05-04-03-03,D-05-04-03-04, D-05-04-03-06"
循環器系,疾患・病態,不整脈,徐脈性不整脈,房室ブロック,JlAKpgg,"D-05-04-03-01,D-05-04-03-02,D-05-04-03-03,D-05-04-03-04, D-05-04-03-06"
循環器系,疾患・病態,不整脈,上室性頻脈性不整脈,心房細動,JlAKpgg,"D-05-04-03-01,D-05-04-03-02,D-05-04-03-03,D-05-04-03-04, D-05-04-03-06"
循環器系,疾患・病態,不整脈,上室性頻脈性不整脈,心房粗動,JlAKpgg,"D-05-04-03-01,D-05-04-03-02,D-05-04-03-03,D-05-04-03-04, D-05-04-03-06"
循環器系,疾患・病態,不整脈,上室性頻脈性不整脈,発作性上室性頻拍症,JlAKpgg,"D-05-04-03-01,D-05-04-03-02,D-05-04-03-03,D-05-04-03-04, D-05-04-03-06"
循環器系,疾患・病態,不整脈,心室性頻脈性不整脈,心室頻拍,JlAKpgg,"D-05-04-03-01,D-05-04-03-02,D-05-04-03-03,D-05-04-03-04, D-05-04-03-06"
循環器系,疾患・病態,不整脈,心室性頻脈性不整脈,多源性心室頻拍（torsades de pointes),JlAKpgg,"D-05-04-03-01,D-05-04-03-02,D-05-04-03-03,D-05-04-03-04, D-05-04-03-06"
循環器系,疾患・病態,不整脈,,心室細動,JlAKpgg,"D-05-04-03-01,D-05-04-03-02,D-05-04-03-03,D-05-04-03-04, D-05-04-03-06"
循環器系,疾患・病態,不整脈,期外収縮,上室性,JlAKpgg,"D-05-04-03-01,D-05-04-03-02,D-05-04-03-03,D-05-04-03-04, D-05-04-03-06"
循環器系,疾患・病態,不整脈,期外収縮,心室性,JlAKpgg,"D-05-04-03-01,D-05-04-03-02,D-05-04-03-03,D-05-04-03-04, D-05-04-03-06"
循環器系,疾患・病態,不整脈,,WPW症候群,JlAKpgg,"D-05-04-03-01,D-05-04-03-02,D-05-04-03-03,D-05-04-03-04, D-05-04-03-06"
循環器系,疾患・病態,不整脈,,Brugada症候群,JlAKpgg,"D-05-04-03-01,D-05-04-03-02,D-05-04-03-03,D-05-04-03-04, D-05-04-03-06"
循環器系,疾患・病態,弁膜症,僧帽弁疾患,狭窄,JlAKpgk,D-05-04-04-01
循環器系,疾患・病態,弁膜症,僧帽弁疾患,閉鎖不全,JlAKpgk,D-05-04-04-01
循環器系,疾患・病態,弁膜症,大動脈弁疾患,狭窄,JlAKpgk,D-05-04-04-01
循環器系,疾患・病態,弁膜症,大動脈弁疾患,閉鎖不全,JlAKpgk,D-05-04-04-01
循環器系,疾患・病態,弁膜症,,三尖弁閉鎖不全,JlAKpgk,D-05-04-04-01
循環器系,疾患・病態,心筋・心膜疾患,特発性心筋症,肥大型,JlAKpgo,"D-05-04-05-02,D-05-04-05-03,D-05-04-05-04,D-05-04-05-05,,D-05-04-05-06"
循環器系,疾患・病態,心筋・心膜疾患,特発性心筋症,拡張型,JlAKpgo,"D-05-04-05-02,D-05-04-05-03,D-05-04-05-04,D-05-04-05-05,,D-05-04-05-06"
循環器系,疾患・病態,心筋・心膜疾患,特発性心筋症,拘束型,JlAKpgo,"D-05-04-05-02,D-05-04-05-03,D-05-04-05-04,D-05-04-05-05,,D-05-04-05-06"
循環器系,疾患・病態,心筋・心膜疾患,,二次性心筋疾患,JlAKpgo,"D-05-04-05-02,D-05-04-05-03,D-05-04-05-04,D-05-04-05-05,,D-05-04-05-06"
循環器系,疾患・病態,心筋・心膜疾患,,急性心筋炎,JlAKpgo,"D-05-04-05-02,D-05-04-05-03,D-05-04-05-04,D-05-04-05-05,,D-05-04-05-06"
循環器系,疾患・病態,心筋・心膜疾患,,感染性心内膜炎,JlAKpgo,"D-05-04-05-02,D-05-04-05-03,D-05-04-05-04,D-05-04-05-05,,D-05-04-05-06"
循環器系,疾患・病態,心筋・心膜疾患,,急性心膜炎,JlAKpgo,"D-05-04-05-02,D-05-04-05-03,D-05-04-05-04,D-05-04-05-05,,D-05-04-05-06"
循環器系,疾患・病態,心筋・心膜疾患,,収縮性心膜炎,JlAKpgo,"D-05-04-05-02,D-05-04-05-03,D-05-04-05-04,D-05-04-05-05,,D-05-04-05-06"
循環器系,疾患・病態,心筋・心膜疾患,,心タンポナーデ,JlAKpgo,"D-05-04-05-02,D-05-04-05-03,D-05-04-05-04,D-05-04-05-05,,D-05-04-05-06"
循環器系,疾患・病態,先天性心疾患,,心房中隔欠損症,JlAKpgs,D-05-04-06-01
循環器系,疾患・病態,先天性心疾患,,心室中隔欠損症,JlAKpgs,D-05-04-06-01
循環器系,疾患・病態,先天性心疾患,,動脈管開存,JlAKpgs,D-05-04-06-01
循環器系,疾患・病態,先天性心疾患,,Fallot 四徴症,JlAKpgs,D-05-04-06-01
循環器系,疾患・病態,動脈疾患,,動脈硬化症,JlAKpgw,"D-05-04-07-01,D-05-04-07-02,D-05-04-07-03,D-05-04-07-04,D-05-04-07-05"
循環器系,疾患・病態,動脈疾患,,急性大動脈解離,JlAKpgw,"D-05-04-07-01,D-05-04-07-02,D-05-04-07-03,D-05-04-07-04,D-05-04-07-05"
循環器系,疾患・病態,動脈疾患,,大動脈瘤（胸部・腹部）,JlAKpgw,"D-05-04-07-01,D-05-04-07-02,D-05-04-07-03,D-05-04-07-04,D-05-04-07-05"
循環器系,疾患・病態,動脈疾患,,閉塞性動脈硬化症,JlAKpgw,"D-05-04-07-01,D-05-04-07-02,D-05-04-07-03,D-05-04-07-04,D-05-04-07-05"
循環器系,疾患・病態,動脈疾患,,Buerger病,JlAKpgw,"D-05-04-07-01,D-05-04-07-02,D-05-04-07-03,D-05-04-07-04,D-05-04-07-05"
循環器系,疾患・病態,動脈疾患,,高安動脈炎(大動脈炎症候群),JlAKpgw,"D-05-04-07-01,D-05-04-07-02,D-05-04-07-03,D-05-04-07-04,D-05-04-07-05"
循環器系,疾患・病態,静脈・リンパ管疾患,,深部静脈血栓症,JlAKpg0,"D-05-04-08-01,D-05-04-08-02,D-05-04-08-03,D-05-04-08-04"
循環器系,疾患・病態,静脈・リンパ管疾患,,血栓性静脈炎,JlAKpg0,"D-05-04-08-01,D-05-04-08-02,D-05-04-08-03,D-05-04-08-04"
循環器系,疾患・病態,静脈・リンパ管疾患,,上大静脈症候群,JlAKpg0,"D-05-04-08-01,D-05-04-08-02,D-05-04-08-03,D-05-04-08-04"
循環器系,疾患・病態,静脈・リンパ管疾患,,下肢静脈瘤,JlAKpg0,"D-05-04-08-01,D-05-04-08-02,D-05-04-08-03,D-05-04-08-04"
循環器系,疾患・病態,静脈・リンパ管疾患,,リンパ浮腫,JlAKpg0,"D-05-04-08-01,D-05-04-08-02,D-05-04-08-03,D-05-04-08-04"
循環器系,疾患・病態,高血圧症,高血圧症,本態性,JlAKpg4,"D-05-04-09-01,D-05-04-09-02,D-05-04-09-04"
循環器系,疾患・病態,高血圧症,高血圧症,二次性,JlAKpg4,"D-05-04-09-01,D-05-04-09-02,D-05-04-09-04"
循環器系,疾患・病態,高血圧症,,高血圧緊急症,JlAKpg4,"D-05-04-09-01,D-05-04-09-02,D-05-04-09-04"
循環器系,疾患・病態,低血圧症,,起立性低血圧,JlAKpg8,D-05-04-10-02
循環器系,疾患・病態,低血圧症,,神経失調性失神,JlAKpg8,D-05-04-10-02
循環器系,疾患・病態,腫瘍性疾患,,※腫瘍の項目を参照,JlAKphA,D-05-04-11-01
呼吸器系,疾患・病態,呼吸不全,,低酸素血症と高二酸化炭素血症,JlAKpis,"D-06-04-01-01, D-06-04-01-02"
呼吸器系,疾患・病態,呼吸器感染症,,急性上気道感染症（かぜ症候群）,JlAKpiw,"D-06-04-02-01, D-06-04-02-02, D-06-04-02-03, D-06-04-02-04, D-06-04-02-05, D-06-04-02-06, D-06-04-02-07"
呼吸器系,疾患・病態,呼吸器感染症,,扁桃炎・急性喉頭蓋炎,JlAKpiw,"D-06-04-02-01, D-06-04-02-02, D-06-04-02-03, D-06-04-02-04, D-06-04-02-05, D-06-04-02-06, D-06-04-02-07"
呼吸器系,疾患・病態,呼吸器感染症,,気管支炎,JlAKpiw,"D-06-04-02-01, D-06-04-02-02, D-06-04-02-03, D-06-04-02-04, D-06-04-02-05, D-06-04-02-06, D-06-04-02-07"
呼吸器系,疾患・病態,呼吸器感染症,,細気管支炎,JlAKpiw,"D-06-04-02-01, D-06-04-02-02, D-06-04-02-03, D-06-04-02-04, D-06-04-02-05, D-06-04-02-06, D-06-04-02-07"
呼吸器系,疾患・病態,呼吸器感染症,,肺炎（定型・非定型）,JlAKpiw,"D-06-04-02-01, D-06-04-02-02, D-06-04-02-03, D-06-04-02-04, D-06-04-02-05, D-06-04-02-06, D-06-04-02-07"
呼吸器系,疾患・病態,呼吸器感染症,,肺結核症,JlAKpiw,"D-06-04-02-01, D-06-04-02-02, D-06-04-02-03, D-06-04-02-04, D-06-04-02-05, D-06-04-02-06, D-06-04-02-07"
呼吸器系,疾患・病態,呼吸器感染症,,非結核性（非定型）抗酸菌症,JlAKpiw,"D-06-04-02-01, D-06-04-02-02, D-06-04-02-03, D-06-04-02-04, D-06-04-02-05, D-06-04-02-06, D-06-04-02-07"
呼吸器系,疾患・病態,呼吸器感染症,,肺真菌症,JlAKpiw,"D-06-04-02-01, D-06-04-02-02, D-06-04-02-03, D-06-04-02-04, D-06-04-02-05, D-06-04-02-06, D-06-04-02-07"
呼吸器系,疾患・病態,呼吸器感染症,,嚥下性肺疾患,JlAKpiw,"D-06-04-02-01, D-06-04-02-02, D-06-04-02-03, D-06-04-02-04, D-06-04-02-05, D-06-04-02-06, D-06-04-02-07"
呼吸器系,疾患・病態,呼吸器感染症,,肺化膿症・膿胸,JlAKpiw,"D-06-04-02-01, D-06-04-02-02, D-06-04-02-03, D-06-04-02-04, D-06-04-02-05, D-06-04-02-06, D-06-04-02-07"
呼吸器系,疾患・病態,呼吸器感染症,,クループ症候群,JlAKpiw,"D-06-04-02-01, D-06-04-02-02, D-06-04-02-03, D-06-04-02-04, D-06-04-02-05, D-06-04-02-06, D-06-04-02-07"
呼吸器系,疾患・病態,閉塞性換気障害・拘束性換気障害,,慢性閉塞性肺疾患(chronic obstructive pulmonary disease （COPD）),JlAKpi0,"D-06-04-03-01, D-06-04-03-02, D-06-04-03-03, D-06-04-03-04, D-06-04-03-05, D-06-04-03-06, D-06-04-03-07"
呼吸器系,疾患・病態,閉塞性換気障害・拘束性換気障害,,気腫性嚢胞（ブレブ・ブラ）,JlAKpi0,"D-06-04-03-01, D-06-04-03-02, D-06-04-03-03, D-06-04-03-04, D-06-04-03-05, D-06-04-03-06, D-06-04-03-07"
呼吸器系,疾患・病態,閉塞性換気障害・拘束性換気障害,,気管支喘息（咳喘息を含む）,JlAKpi0,"D-06-04-03-01, D-06-04-03-02, D-06-04-03-03, D-06-04-03-04, D-06-04-03-05, D-06-04-03-06, D-06-04-03-07"
呼吸器系,疾患・病態,閉塞性換気障害・拘束性換気障害,間質性肺炎,特発性,JlAKpi0,"D-06-04-03-01, D-06-04-03-02, D-06-04-03-03, D-06-04-03-04, D-06-04-03-05, D-06-04-03-06, D-06-04-03-07"
呼吸器系,疾患・病態,閉塞性換気障害・拘束性換気障害,間質性肺炎,膠原病血管炎関連性,JlAKpi0,"D-06-04-03-01, D-06-04-03-02, D-06-04-03-03, D-06-04-03-04, D-06-04-03-05, D-06-04-03-06, D-06-04-03-07"
呼吸器系,疾患・病態,閉塞性換気障害・拘束性換気障害,,びまん性汎細気管支炎,JlAKpi0,"D-06-04-03-01, D-06-04-03-02, D-06-04-03-03, D-06-04-03-04, D-06-04-03-05, D-06-04-03-06, D-06-04-03-07"
呼吸器系,疾患・病態,閉塞性換気障害・拘束性換気障害,,放射線肺炎,JlAKpi0,"D-06-04-03-01, D-06-04-03-02, D-06-04-03-03, D-06-04-03-04, D-06-04-03-05, D-06-04-03-06, D-06-04-03-07"
呼吸器系,疾患・病態,閉塞性換気障害・拘束性換気障害,じん肺症,珪肺,JlAKpi0,"D-06-04-03-01, D-06-04-03-02, D-06-04-03-03, D-06-04-03-04, D-06-04-03-05, D-06-04-03-06, D-06-04-03-07"
呼吸器系,疾患・病態,閉塞性換気障害・拘束性換気障害,じん肺症,石綿肺,JlAKpi0,"D-06-04-03-01, D-06-04-03-02, D-06-04-03-03, D-06-04-03-04, D-06-04-03-05, D-06-04-03-06, D-06-04-03-07"
呼吸器系,疾患・病態,肺循環障害,,肺性心,JlAKpi4,"D-06-04-04-01, D-06-04-04-02, D-06-04-04-03, D-06-04-04-04,"
呼吸器系,疾患・病態,肺循環障害,,急性呼吸促(窮)迫症候群(acute respiratory distress syndrome （ARDS）),JlAKpi4,"D-06-04-04-01, D-06-04-04-02, D-06-04-04-03, D-06-04-04-04,"
呼吸器系,疾患・病態,肺循環障害,,肺血栓塞栓症,JlAKpi4,"D-06-04-04-01, D-06-04-04-02, D-06-04-04-03, D-06-04-04-04,"
呼吸器系,疾患・病態,肺循環障害,肺高血圧症,原発性,JlAKpi4,"D-06-04-04-01, D-06-04-04-02, D-06-04-04-03, D-06-04-04-04,"
呼吸器系,疾患・病態,肺循環障害,肺高血圧症,二次性,JlAKpi4,"D-06-04-04-01, D-06-04-04-02, D-06-04-04-03, D-06-04-04-04,"
呼吸器系,疾患・病態,肺循環障害,,肺動静脈瘻,JlAKpi4,"D-06-04-04-01, D-06-04-04-02, D-06-04-04-03, D-06-04-04-04,"
呼吸器系,疾患・病態,免疫学的機序による肺疾患,,過敏性肺炎,JlAKpi8,"D-06-04-05-01, D-06-04-05-02, D-06-04-05-03, D-06-04-05-04,"
呼吸器系,疾患・病態,免疫学的機序による肺疾患,,サルコイドーシス,JlAKpi8,"D-06-04-05-01, D-06-04-05-02, D-06-04-05-03, D-06-04-05-04,"
呼吸器系,疾患・病態,免疫学的機序による肺疾患,,好酸球性肺炎,JlAKpi8,"D-06-04-05-01, D-06-04-05-02, D-06-04-05-03, D-06-04-05-04,"
呼吸器系,疾患・病態,免疫学的機序による肺疾患,,薬剤性肺炎,JlAKpi8,"D-06-04-05-01, D-06-04-05-02, D-06-04-05-03, D-06-04-05-04,"
呼吸器系,疾患・病態,免疫学的機序による肺疾患,,アレルギー性気管支肺アスペルギルス症,JlAKpi8,"D-06-04-05-01, D-06-04-05-02, D-06-04-05-03, D-06-04-05-04,"
呼吸器系,疾患・病態,異常呼吸,,過換気症候群,JlAKpjA,"D-06-04-06-01, D-06-04-06-02, D-06-04-06-03"
呼吸器系,疾患・病態,異常呼吸,,睡眠時無呼吸症候群,JlAKpjA,"D-06-04-06-01, D-06-04-06-02, D-06-04-06-03"
呼吸器系,疾患・病態,異常呼吸,,肺胞低換気症候群,JlAKpjA,"D-06-04-06-01, D-06-04-06-02, D-06-04-06-03"
呼吸器系,疾患・病態,その他の機序による肺疾患,,気管支拡張症,JlAKpjE,"D-06-04-07-01, D-06-04-07-02, D-06-04-07-03, D-06-04-07-04, D-06-04-07-05"
呼吸器系,疾患・病態,その他の機序による肺疾患,,無気肺,JlAKpjE,"D-06-04-07-01, D-06-04-07-02, D-06-04-07-03, D-06-04-07-04, D-06-04-07-05"
呼吸器系,疾患・病態,その他の機序による肺疾患,,新生児呼吸促迫症候群,JlAKpjE,"D-06-04-07-01, D-06-04-07-02, D-06-04-07-03, D-06-04-07-04, D-06-04-07-05"
呼吸器系,疾患・病態,その他の機序による肺疾患,,肺リンパ脈管筋腫症,JlAKpjE,"D-06-04-07-01, D-06-04-07-02, D-06-04-07-03, D-06-04-07-04, D-06-04-07-05"
呼吸器系,疾患・病態,その他の機序による肺疾患,,肺胞タンパク症,JlAKpjE,"D-06-04-07-01, D-06-04-07-02, D-06-04-07-03, D-06-04-07-04, D-06-04-07-05"
呼吸器系,疾患・病態,その他の機序による肺疾患,,癌性リンパ管症,JlAKpjE,"D-06-04-07-01, D-06-04-07-02, D-06-04-07-03, D-06-04-07-04, D-06-04-07-05"
呼吸器系,疾患・病態,胸膜・縦隔疾患・横隔膜,,胸膜炎,JlAKpjI,"D-06-04-08-01, D-06-04-08-02, D-06-04-08-03, D-06-04-08-04,"
呼吸器系,疾患・病態,胸膜・縦隔疾患・横隔膜,気胸,自然,JlAKpjI,"D-06-04-08-01, D-06-04-08-02, D-06-04-08-03, D-06-04-08-04,"
呼吸器系,疾患・病態,胸膜・縦隔疾患・横隔膜,気胸,緊張性,JlAKpjI,"D-06-04-08-01, D-06-04-08-02, D-06-04-08-03, D-06-04-08-04,"
呼吸器系,疾患・病態,胸膜・縦隔疾患・横隔膜,気胸,外傷性,JlAKpjI,"D-06-04-08-01, D-06-04-08-02, D-06-04-08-03, D-06-04-08-04,"
呼吸器系,疾患・病態,胸膜・縦隔疾患・横隔膜,,縦隔気腫,JlAKpjI,"D-06-04-08-01, D-06-04-08-02, D-06-04-08-03, D-06-04-08-04,"
呼吸器系,疾患・病態,胸膜・縦隔疾患・横隔膜,,血胸,JlAKpjI,"D-06-04-08-01, D-06-04-08-02, D-06-04-08-03, D-06-04-08-04,"
呼吸器系,疾患・病態,胸膜・縦隔疾患・横隔膜,,乳び胸,JlAKpjI,"D-06-04-08-01, D-06-04-08-02, D-06-04-08-03, D-06-04-08-04,"
呼吸器系,疾患・病態,胸膜・縦隔疾患・横隔膜,,縦隔炎,JlAKpjI,"D-06-04-08-01, D-06-04-08-02, D-06-04-08-03, D-06-04-08-04,"
呼吸器系,疾患・病態,胸膜・縦隔疾患・横隔膜,,胸郭変形（漏斗胸）,JlAKpjI,"D-06-04-08-01, D-06-04-08-02, D-06-04-08-03, D-06-04-08-04,"
呼吸器系,疾患・病態,胸膜・縦隔疾患・横隔膜,,横隔神経麻痺,JlAKpjI,"D-06-04-08-01, D-06-04-08-02, D-06-04-08-03, D-06-04-08-04,"
呼吸器系,疾患・病態,胸膜・縦隔疾患・横隔膜,,横隔膜ヘルニア,JlAKpjI,"D-06-04-08-01, D-06-04-08-02, D-06-04-08-03, D-06-04-08-04,"
呼吸器系,疾患・病態,腫瘍性疾患,,※腫瘍の項目を参照,JlAKpjM,
消化器系,疾患・病態,食道疾患,,食道・胃静脈瘤,JlAKplY,"D-07-04-01-01,D-07-04-01-02, D-07-04-01-03"
消化器系,疾患・病態,食道疾患,,胃食道逆流症(gastroesophageal reflux disease （GERD）),JlAKplY,"D-07-04-01-01,D-07-04-01-02, D-07-04-01-03"
消化器系,疾患・病態,食道疾患,,逆流性食道炎,JlAKplY,"D-07-04-01-01,D-07-04-01-02, D-07-04-01-03"
消化器系,疾患・病態,食道疾患,,Mallory-Weiss 症候群,JlAKplY,"D-07-04-01-01,D-07-04-01-02, D-07-04-01-03"
消化器系,疾患・病態,食道疾患,,食道アカラシア,JlAKplY,"D-07-04-01-01,D-07-04-01-02, D-07-04-01-03"
消化器系,疾患・病態,胃・十二指腸疾患,,消化性潰瘍（胃潰瘍・十二指腸潰瘍),JlAKplc,"D-07-04-02-01, D-07-04-02-02, D-07-04-02-03, D-07-04-02-04, D-07-04-02-05, D-07-04-02-06, D-07-04-02-07, D-07-04-02-08"
消化器系,疾患・病態,胃・十二指腸疾患,,Helicobacter pylori 感染症,JlAKplc,"D-07-04-02-01, D-07-04-02-02, D-07-04-02-03, D-07-04-02-04, D-07-04-02-05, D-07-04-02-06, D-07-04-02-07, D-07-04-02-08"
消化器系,疾患・病態,胃・十二指腸疾患,,胃ポリープ,JlAKplc,"D-07-04-02-01, D-07-04-02-02, D-07-04-02-03, D-07-04-02-04, D-07-04-02-05, D-07-04-02-06, D-07-04-02-07, D-07-04-02-08"
消化器系,疾患・病態,胃・十二指腸疾患,,急性胃粘膜病変,JlAKplc,"D-07-04-02-01, D-07-04-02-02, D-07-04-02-03, D-07-04-02-04, D-07-04-02-05, D-07-04-02-06, D-07-04-02-07, D-07-04-02-08"
消化器系,疾患・病態,胃・十二指腸疾患,,急性胃腸炎,JlAKplc,"D-07-04-02-01, D-07-04-02-02, D-07-04-02-03, D-07-04-02-04, D-07-04-02-05, D-07-04-02-06, D-07-04-02-07, D-07-04-02-08"
消化器系,疾患・病態,胃・十二指腸疾患,,慢性胃炎,JlAKplc,"D-07-04-02-01, D-07-04-02-02, D-07-04-02-03, D-07-04-02-04, D-07-04-02-05, D-07-04-02-06, D-07-04-02-07, D-07-04-02-08"
消化器系,疾患・病態,胃・十二指腸疾患,,胃切除後症候群,JlAKplc,"D-07-04-02-01, D-07-04-02-02, D-07-04-02-03, D-07-04-02-04, D-07-04-02-05, D-07-04-02-06, D-07-04-02-07, D-07-04-02-08"
消化器系,疾患・病態,胃・十二指腸疾患,,機能性消化管障害（機能性ディスペプシア(functional dyspepsia（FD）)）,JlAKplc,"D-07-04-02-01, D-07-04-02-02, D-07-04-02-03, D-07-04-02-04, D-07-04-02-05, D-07-04-02-06, D-07-04-02-07, D-07-04-02-08"
消化器系,疾患・病態,胃・十二指腸疾患,,肥厚性幽門狭窄症,JlAKplc,"D-07-04-02-01, D-07-04-02-02, D-07-04-02-03, D-07-04-02-04, D-07-04-02-05, D-07-04-02-06, D-07-04-02-07, D-07-04-02-08"
消化器系,疾患・病態,胃・十二指腸疾患,,胃アニサキス症,JlAKplc,"D-07-04-02-01, D-07-04-02-02, D-07-04-02-03, D-07-04-02-04, D-07-04-02-05, D-07-04-02-06, D-07-04-02-07, D-07-04-02-08"
消化器系,疾患・病態,小腸・大腸疾患,,急性虫垂炎,JlAKplg,"D-07-04-03-01, D-07-04-03-02, D-07-04-03-03, D-07-04-03-04, D-07-04-03-05, D-07-04-03-06, D-07-04-03-07, D-07-04-03-08, D-07-04-03-09,D-07-04-03-10,D-07-04-03-11,D-07-04-03-12,D-07-04-03-13,D-07-04-03-14,D-07-04-03-15,D-07-04-03-16,D-07-04-03-17"
消化器系,疾患・病態,小腸・大腸疾患,,腸閉塞,JlAKplg,"D-07-04-03-01, D-07-04-03-02, D-07-04-03-03, D-07-04-03-04, D-07-04-03-05, D-07-04-03-06, D-07-04-03-07, D-07-04-03-08, D-07-04-03-09,D-07-04-03-10,D-07-04-03-11,D-07-04-03-12,D-07-04-03-13,D-07-04-03-14,D-07-04-03-15,D-07-04-03-16,D-07-04-03-17"
消化器系,疾患・病態,小腸・大腸疾患,炎症性腸疾患,潰瘍性大腸炎,JlAKplg,"D-07-04-03-01, D-07-04-03-02, D-07-04-03-03, D-07-04-03-04, D-07-04-03-05, D-07-04-03-06, D-07-04-03-07, D-07-04-03-08, D-07-04-03-09,D-07-04-03-10,D-07-04-03-11,D-07-04-03-12,D-07-04-03-13,D-07-04-03-14,D-07-04-03-15,D-07-04-03-16,D-07-04-03-17"
消化器系,疾患・病態,小腸・大腸疾患,炎症性腸疾患,Crohn 病,JlAKplg,"D-07-04-03-01, D-07-04-03-02, D-07-04-03-03, D-07-04-03-04, D-07-04-03-05, D-07-04-03-06, D-07-04-03-07, D-07-04-03-08, D-07-04-03-09,D-07-04-03-10,D-07-04-03-11,D-07-04-03-12,D-07-04-03-13,D-07-04-03-14,D-07-04-03-15,D-07-04-03-16,D-07-04-03-17"
消化器系,疾患・病態,小腸・大腸疾患,,痔核・痔瘻,JlAKplg,"D-07-04-03-01, D-07-04-03-02, D-07-04-03-03, D-07-04-03-04, D-07-04-03-05, D-07-04-03-06, D-07-04-03-07, D-07-04-03-08, D-07-04-03-09,D-07-04-03-10,D-07-04-03-11,D-07-04-03-12,D-07-04-03-13,D-07-04-03-14,D-07-04-03-15,D-07-04-03-16,D-07-04-03-17"
消化器系,疾患・病態,小腸・大腸疾患,,機能性消化管障害（過敏性腸症候群）,JlAKplg,"D-07-04-03-01, D-07-04-03-02, D-07-04-03-03, D-07-04-03-04, D-07-04-03-05, D-07-04-03-06, D-07-04-03-07, D-07-04-03-08, D-07-04-03-09,D-07-04-03-10,D-07-04-03-11,D-07-04-03-12,D-07-04-03-13,D-07-04-03-14,D-07-04-03-15,D-07-04-03-16,D-07-04-03-17"
消化器系,疾患・病態,小腸・大腸疾患,腸管憩室症,大腸憩室炎,JlAKplg,"D-07-04-03-01, D-07-04-03-02, D-07-04-03-03, D-07-04-03-04, D-07-04-03-05, D-07-04-03-06, D-07-04-03-07, D-07-04-03-08, D-07-04-03-09,D-07-04-03-10,D-07-04-03-11,D-07-04-03-12,D-07-04-03-13,D-07-04-03-14,D-07-04-03-15,D-07-04-03-16,D-07-04-03-17"
消化器系,疾患・病態,小腸・大腸疾患,腸管憩室症,大腸憩室出血,JlAKplg,"D-07-04-03-01, D-07-04-03-02, D-07-04-03-03, D-07-04-03-04, D-07-04-03-05, D-07-04-03-06, D-07-04-03-07, D-07-04-03-08, D-07-04-03-09,D-07-04-03-10,D-07-04-03-11,D-07-04-03-12,D-07-04-03-13,D-07-04-03-14,D-07-04-03-15,D-07-04-03-16,D-07-04-03-17"
消化器系,疾患・病態,小腸・大腸疾患,,薬物性腸炎,JlAKplg,"D-07-04-03-01, D-07-04-03-02, D-07-04-03-03, D-07-04-03-04, D-07-04-03-05, D-07-04-03-06, D-07-04-03-07, D-07-04-03-08, D-07-04-03-09,D-07-04-03-10,D-07-04-03-11,D-07-04-03-12,D-07-04-03-13,D-07-04-03-14,D-07-04-03-15,D-07-04-03-16,D-07-04-03-17"
消化器系,疾患・病態,小腸・大腸疾患,,消化管ポリポーシス,JlAKplg,"D-07-04-03-01, D-07-04-03-02, D-07-04-03-03, D-07-04-03-04, D-07-04-03-05, D-07-04-03-06, D-07-04-03-07, D-07-04-03-08, D-07-04-03-09,D-07-04-03-10,D-07-04-03-11,D-07-04-03-12,D-07-04-03-13,D-07-04-03-14,D-07-04-03-15,D-07-04-03-16,D-07-04-03-17"
消化器系,疾患・病態,小腸・大腸疾患,先天性疾患,鎖肛,JlAKplg,"D-07-04-03-01, D-07-04-03-02, D-07-04-03-03, D-07-04-03-04, D-07-04-03-05, D-07-04-03-06, D-07-04-03-07, D-07-04-03-08, D-07-04-03-09,D-07-04-03-10,D-07-04-03-11,D-07-04-03-12,D-07-04-03-13,D-07-04-03-14,D-07-04-03-15,D-07-04-03-16,D-07-04-03-17"
消化器系,疾患・病態,小腸・大腸疾患,先天性疾患,Hirschsprung 病,JlAKplg,"D-07-04-03-01, D-07-04-03-02, D-07-04-03-03, D-07-04-03-04, D-07-04-03-05, D-07-04-03-06, D-07-04-03-07, D-07-04-03-08, D-07-04-03-09,D-07-04-03-10,D-07-04-03-11,D-07-04-03-12,D-07-04-03-13,D-07-04-03-14,D-07-04-03-15,D-07-04-03-16,D-07-04-03-17"
消化器系,疾患・病態,小腸・大腸疾患,,腸重積症,JlAKplg,"D-07-04-03-01, D-07-04-03-02, D-07-04-03-03, D-07-04-03-04, D-07-04-03-05, D-07-04-03-06, D-07-04-03-07, D-07-04-03-08, D-07-04-03-09,D-07-04-03-10,D-07-04-03-11,D-07-04-03-12,D-07-04-03-13,D-07-04-03-14,D-07-04-03-15,D-07-04-03-16,D-07-04-03-17"
消化器系,疾患・病態,小腸・大腸疾患,,便秘症,JlAKplg,"D-07-04-03-01, D-07-04-03-02, D-07-04-03-03, D-07-04-03-04, D-07-04-03-05, D-07-04-03-06, D-07-04-03-07, D-07-04-03-08, D-07-04-03-09,D-07-04-03-10,D-07-04-03-11,D-07-04-03-12,D-07-04-03-13,D-07-04-03-14,D-07-04-03-15,D-07-04-03-16,D-07-04-03-17"
消化器系,疾患・病態,小腸・大腸疾患,,感染性腸炎,JlAKplg,"D-07-04-03-01, D-07-04-03-02, D-07-04-03-03, D-07-04-03-04, D-07-04-03-05, D-07-04-03-06, D-07-04-03-07, D-07-04-03-08, D-07-04-03-09,D-07-04-03-10,D-07-04-03-11,D-07-04-03-12,D-07-04-03-13,D-07-04-03-14,D-07-04-03-15,D-07-04-03-16,D-07-04-03-17"
消化器系,疾患・病態,小腸・大腸疾患,,乳児下痢症,JlAKplg,"D-07-04-03-01, D-07-04-03-02, D-07-04-03-03, D-07-04-03-04, D-07-04-03-05, D-07-04-03-06, D-07-04-03-07, D-07-04-03-08, D-07-04-03-09,D-07-04-03-10,D-07-04-03-11,D-07-04-03-12,D-07-04-03-13,D-07-04-03-14,D-07-04-03-15,D-07-04-03-16,D-07-04-03-17"
消化器系,疾患・病態,小腸・大腸疾患,,虚血性大腸炎,JlAKplg,"D-07-04-03-01, D-07-04-03-02, D-07-04-03-03, D-07-04-03-04, D-07-04-03-05, D-07-04-03-06, D-07-04-03-07, D-07-04-03-08, D-07-04-03-09,D-07-04-03-10,D-07-04-03-11,D-07-04-03-12,D-07-04-03-13,D-07-04-03-14,D-07-04-03-15,D-07-04-03-16,D-07-04-03-17"
消化器系,疾患・病態,小腸・大腸疾患,,急性出血性直腸潰瘍,JlAKplg,"D-07-04-03-01, D-07-04-03-02, D-07-04-03-03, D-07-04-03-04, D-07-04-03-05, D-07-04-03-06, D-07-04-03-07, D-07-04-03-08, D-07-04-03-09,D-07-04-03-10,D-07-04-03-11,D-07-04-03-12,D-07-04-03-13,D-07-04-03-14,D-07-04-03-15,D-07-04-03-16,D-07-04-03-17"
消化器系,疾患・病態,小腸・大腸疾患,,上腸間膜動脈閉塞症,JlAKplg,"D-07-04-03-01, D-07-04-03-02, D-07-04-03-03, D-07-04-03-04, D-07-04-03-05, D-07-04-03-06, D-07-04-03-07, D-07-04-03-08, D-07-04-03-09,D-07-04-03-10,D-07-04-03-11,D-07-04-03-12,D-07-04-03-13,D-07-04-03-14,D-07-04-03-15,D-07-04-03-16,D-07-04-03-17"
消化器系,疾患・病態,胆道疾患,,胆石症,JlAKplk,"D-07-04-04-01,D-07-04-04-02,D-07-04-04-03,D-07-04-04-04"
消化器系,疾患・病態,胆道疾患,,胆嚢炎,JlAKplk,"D-07-04-04-01,D-07-04-04-02,D-07-04-04-03,D-07-04-04-04"
消化器系,疾患・病態,胆道疾患,,胆管炎,JlAKplk,"D-07-04-04-01,D-07-04-04-02,D-07-04-04-03,D-07-04-04-04"
消化器系,疾患・病態,胆道疾患,,胆嚢ポリープ,JlAKplk,"D-07-04-04-01,D-07-04-04-02,D-07-04-04-03,D-07-04-04-04"
消化器系,疾患・病態,胆道疾患,,先天性胆道拡張症,JlAKplk,"D-07-04-04-01,D-07-04-04-02,D-07-04-04-03,D-07-04-04-04"
消化器系,疾患・病態,胆道疾患,,膵・胆管合流異常症,JlAKplk,"D-07-04-04-01,D-07-04-04-02,D-07-04-04-03,D-07-04-04-04"
消化器系,疾患・病態,肝疾患,肝炎,A 型,JlAKplo,"D-07-04-05-01,D-07-04-05-02,D-07-04-05-03,D-07-04-05-04,D-07-04-05-05,D-07-04-05-06,D-07-04-05-07,D-07-04-05-08,D-07-04-05-09,D-07-04-05-10,D-07-04-05-11, D-07-04-05-11"
消化器系,疾患・病態,肝疾患,肝炎,B 型,JlAKplo,"D-07-04-05-01,D-07-04-05-02,D-07-04-05-03,D-07-04-05-04,D-07-04-05-05,D-07-04-05-06,D-07-04-05-07,D-07-04-05-08,D-07-04-05-09,D-07-04-05-10,D-07-04-05-11, D-07-04-05-11"
消化器系,疾患・病態,肝疾患,肝炎,C 型,JlAKplo,"D-07-04-05-01,D-07-04-05-02,D-07-04-05-03,D-07-04-05-04,D-07-04-05-05,D-07-04-05-06,D-07-04-05-07,D-07-04-05-08,D-07-04-05-09,D-07-04-05-10,D-07-04-05-11, D-07-04-05-11"
消化器系,疾患・病態,肝疾患,肝炎,D 型,JlAKplo,"D-07-04-05-01,D-07-04-05-02,D-07-04-05-03,D-07-04-05-04,D-07-04-05-05,D-07-04-05-06,D-07-04-05-07,D-07-04-05-08,D-07-04-05-09,D-07-04-05-10,D-07-04-05-11, D-07-04-05-11"
消化器系,疾患・病態,肝疾患,肝炎,E 型,JlAKplo,"D-07-04-05-01,D-07-04-05-02,D-07-04-05-03,D-07-04-05-04,D-07-04-05-05,D-07-04-05-06,D-07-04-05-07,D-07-04-05-08,D-07-04-05-09,D-07-04-05-10,D-07-04-05-11, D-07-04-05-11"
消化器系,疾患・病態,肝疾患,肝炎,急性,JlAKplo,"D-07-04-05-01,D-07-04-05-02,D-07-04-05-03,D-07-04-05-04,D-07-04-05-05,D-07-04-05-06,D-07-04-05-07,D-07-04-05-08,D-07-04-05-09,D-07-04-05-10,D-07-04-05-11, D-07-04-05-11"
消化器系,疾患・病態,肝疾患,肝炎,慢性,JlAKplo,"D-07-04-05-01,D-07-04-05-02,D-07-04-05-03,D-07-04-05-04,D-07-04-05-05,D-07-04-05-06,D-07-04-05-07,D-07-04-05-08,D-07-04-05-09,D-07-04-05-10,D-07-04-05-11, D-07-04-05-11"
消化器系,疾患・病態,肝疾患,肝炎,劇症型,JlAKplo,"D-07-04-05-01,D-07-04-05-02,D-07-04-05-03,D-07-04-05-04,D-07-04-05-05,D-07-04-05-06,D-07-04-05-07,D-07-04-05-08,D-07-04-05-09,D-07-04-05-10,D-07-04-05-11, D-07-04-05-11"
消化器系,疾患・病態,肝疾患,肝硬変および合併症,門脈圧亢進症,JlAKplo,"D-07-04-05-01,D-07-04-05-02,D-07-04-05-03,D-07-04-05-04,D-07-04-05-05,D-07-04-05-06,D-07-04-05-07,D-07-04-05-08,D-07-04-05-09,D-07-04-05-10,D-07-04-05-11, D-07-04-05-11"
消化器系,疾患・病態,肝疾患,肝硬変および合併症,肝性脳症,JlAKplo,"D-07-04-05-01,D-07-04-05-02,D-07-04-05-03,D-07-04-05-04,D-07-04-05-05,D-07-04-05-06,D-07-04-05-07,D-07-04-05-08,D-07-04-05-09,D-07-04-05-10,D-07-04-05-11, D-07-04-05-11"
消化器系,疾患・病態,肝疾患,肝硬変および合併症,肝癌,JlAKplo,"D-07-04-05-01,D-07-04-05-02,D-07-04-05-03,D-07-04-05-04,D-07-04-05-05,D-07-04-05-06,D-07-04-05-07,D-07-04-05-08,D-07-04-05-09,D-07-04-05-10,D-07-04-05-11, D-07-04-05-11"
消化器系,疾患・病態,肝疾患,,アルコール性肝障害,JlAKplo,"D-07-04-05-01,D-07-04-05-02,D-07-04-05-03,D-07-04-05-04,D-07-04-05-05,D-07-04-05-06,D-07-04-05-07,D-07-04-05-08,D-07-04-05-09,D-07-04-05-10,D-07-04-05-11, D-07-04-05-11"
消化器系,疾患・病態,肝疾患,,薬物性肝障害,JlAKplo,"D-07-04-05-01,D-07-04-05-02,D-07-04-05-03,D-07-04-05-04,D-07-04-05-05,D-07-04-05-06,D-07-04-05-07,D-07-04-05-08,D-07-04-05-09,D-07-04-05-10,D-07-04-05-11, D-07-04-05-11"
消化器系,疾患・病態,肝疾患,,肝膿瘍,JlAKplo,"D-07-04-05-01,D-07-04-05-02,D-07-04-05-03,D-07-04-05-04,D-07-04-05-05,D-07-04-05-06,D-07-04-05-07,D-07-04-05-08,D-07-04-05-09,D-07-04-05-10,D-07-04-05-11, D-07-04-05-11"
消化器系,疾患・病態,肝疾患,,原発性胆汁性肝硬変,JlAKplo,"D-07-04-05-01,D-07-04-05-02,D-07-04-05-03,D-07-04-05-04,D-07-04-05-05,D-07-04-05-06,D-07-04-05-07,D-07-04-05-08,D-07-04-05-09,D-07-04-05-10,D-07-04-05-11, D-07-04-05-11"
消化器系,疾患・病態,肝疾患,,原発性硬化性胆管炎,JlAKplo,"D-07-04-05-01,D-07-04-05-02,D-07-04-05-03,D-07-04-05-04,D-07-04-05-05,D-07-04-05-06,D-07-04-05-07,D-07-04-05-08,D-07-04-05-09,D-07-04-05-10,D-07-04-05-11, D-07-04-05-11"
消化器系,疾患・病態,肝疾患,,自己免疫性肝炎,JlAKplo,"D-07-04-05-01,D-07-04-05-02,D-07-04-05-03,D-07-04-05-04,D-07-04-05-05,D-07-04-05-06,D-07-04-05-07,D-07-04-05-08,D-07-04-05-09,D-07-04-05-10,D-07-04-05-11, D-07-04-05-11"
消化器系,疾患・病態,肝疾患,,脂肪肝,JlAKplo,"D-07-04-05-01,D-07-04-05-02,D-07-04-05-03,D-07-04-05-04,D-07-04-05-05,D-07-04-05-06,D-07-04-05-07,D-07-04-05-08,D-07-04-05-09,D-07-04-05-10,D-07-04-05-11, D-07-04-05-11"
消化器系,疾患・病態,膵臓疾患,,急性膵炎（アルコール性・胆石性・特発性）,JlAKpls,"D-07-04-06-01,D-07-04-06-02,D-07-04-06-03"
消化器系,疾患・病態,膵臓疾患,,慢性膵炎（アルコール性・特発性）,JlAKpls,"D-07-04-06-01,D-07-04-06-02,D-07-04-06-03"
消化器系,疾患・病態,膵臓疾患,,自己免疫性膵炎,JlAKpls,"D-07-04-06-01,D-07-04-06-02,D-07-04-06-03"
消化器系,疾患・病態,腹膜・腹壁・横隔膜疾患,,腹膜炎,JlAKplw,"D-07-04-07-01,D-07-04-07-02,D-07-04-07-03"
消化器系,疾患・病態,腹膜・腹壁・横隔膜疾患,,ヘルニア（滑脱・嵌頓・絞扼）,JlAKplw,"D-07-04-07-01,D-07-04-07-02,D-07-04-07-03"
消化器系,疾患・病態,腹膜・腹壁・横隔膜疾患,,鼠径部ヘルニア,JlAKplw,"D-07-04-07-01,D-07-04-07-02,D-07-04-07-03"
消化器系,疾患・病態,腫瘍性疾患,,※腫瘍の項目を参照,JlAKpl0,"D-07-04-08-01,D-07-04-08-02,D-07-04-08-03,D-07-04-08-04,D-07-04-08-05,D-07-04-08-06,D-07-04-08-07,D-07-04-08-08,D-07-04-08-09,D-07-04-08-10,D-07-04-08-11,D-07-04-08-12"
腎・尿路系（体液・電解質バランスを含む）,疾患・病態,腎機能の障害,,急性腎障害（AKI）,JlAKpnI,"D-08-04-01-01,D-08-04-01-02, D-08-04-01-03, D-08-04-01-04, D-08-04-01-05,"
腎・尿路系（体液・電解質バランスを含む）,疾患・病態,腎機能の障害,,慢性腎臓病（CKD）,JlAKpnI,"D-08-04-01-01,D-08-04-01-02, D-08-04-01-03, D-08-04-01-04, D-08-04-01-05,"
腎・尿路系（体液・電解質バランスを含む）,疾患・病態,腎機能の障害,,慢性腎不全,JlAKpnI,"D-08-04-01-01,D-08-04-01-02, D-08-04-01-03, D-08-04-01-04, D-08-04-01-05,"
腎・尿路系（体液・電解質バランスを含む）,疾患・病態,電解質異常,,高・低Na 血症,JlAKpnM,"D-08-03-01-01,D-08-03-01-02,D-08-03-01-03,D-08-03-01-04"
腎・尿路系（体液・電解質バランスを含む）,疾患・病態,電解質異常,,高・低K 血症,JlAKpnM,"D-08-03-01-01,D-08-03-01-02,D-08-03-01-03,D-08-03-01-04"
腎・尿路系（体液・電解質バランスを含む）,疾患・病態,電解質異常,,高・低Ca 血症,JlAKpnM,"D-08-03-01-01,D-08-03-01-02,D-08-03-01-03,D-08-03-01-04"
腎・尿路系（体液・電解質バランスを含む）,疾患・病態,電解質異常,,高・低P 血症,JlAKpnM,"D-08-03-01-01,D-08-03-01-02,D-08-03-01-03,D-08-03-01-04"
腎・尿路系（体液・電解質バランスを含む）,疾患・病態,電解質異常,,高・低Mg 血症,JlAKpnM,"D-08-03-01-01,D-08-03-01-02,D-08-03-01-03,D-08-03-01-04"
腎・尿路系（体液・電解質バランスを含む）,疾患・病態,酸・塩基平衡障害,,アシドーシス（代謝性・呼吸性）,JlAKpnQ,"D-08-04-09-01, D-08-04-09-02"
腎・尿路系（体液・電解質バランスを含む）,疾患・病態,酸・塩基平衡障害,,アルカローシス（代謝性・呼吸性）,JlAKpnQ,"D-08-04-09-01, D-08-04-09-02"
腎・尿路系（体液・電解質バランスを含む）,疾患・病態,原発性糸球体疾患,,急性糸球体腎炎,JlAKpnU,"D-08-04-02-01, D-08-04-02-02, D-08-04-02-03"
腎・尿路系（体液・電解質バランスを含む）,疾患・病態,原発性糸球体疾患,,IgA腎症,JlAKpnU,"D-08-04-02-01, D-08-04-02-02, D-08-04-02-03"
腎・尿路系（体液・電解質バランスを含む）,疾患・病態,原発性糸球体疾患,,膜性腎症,JlAKpnU,"D-08-04-02-01, D-08-04-02-02, D-08-04-02-03"
腎・尿路系（体液・電解質バランスを含む）,疾患・病態,原発性糸球体疾患,,巣状分節性糸球体硬化症,JlAKpnU,"D-08-04-02-01, D-08-04-02-02, D-08-04-02-03"
腎・尿路系（体液・電解質バランスを含む）,疾患・病態,原発性糸球体疾患,,微小変化群,JlAKpnU,"D-08-04-02-01, D-08-04-02-02, D-08-04-02-03"
腎・尿路系（体液・電解質バランスを含む）,疾患・病態,原発性糸球体疾患,,膜性増殖性糸球体腎炎,JlAKpnU,"D-08-04-02-01, D-08-04-02-02, D-08-04-02-03"
腎・尿路系（体液・電解質バランスを含む）,疾患・病態,高血圧および腎血管障害,,腎硬化症,JlAKpnY,"D-08-04-03-01, D-08-04-03-02"
腎・尿路系（体液・電解質バランスを含む）,疾患・病態,高血圧および腎血管障害,,腎血管性高血圧症,JlAKpnY,"D-08-04-03-01, D-08-04-03-02"
腎・尿路系（体液・電解質バランスを含む）,疾患・病態,尿細管・間質性疾患,,尿細管性アシドーシス,JlAKpnc,"D-08-04-04-01,  D-08-04-05-01, D-08-04-05-02"
腎・尿路系（体液・電解質バランスを含む）,疾患・病態,尿細管・間質性疾患,,尿細管間質性腎炎（急性・慢性）,JlAKpnc,"D-08-04-04-01,  D-08-04-05-01, D-08-04-05-02"
腎・尿路系（体液・電解質バランスを含む）,疾患・病態,尿細管・間質性疾患,,腎盂腎炎（急性・慢性）,JlAKpnc,"D-08-04-04-01,  D-08-04-05-01, D-08-04-05-02"
腎・尿路系（体液・電解質バランスを含む）,疾患・病態,全身性疾患による腎障害,,糖尿病腎障害,JlAKpng,"D-08-04-06-01, D-08-04-06-02, D-08-04-06-03, D-08-04-06-04,. D-08-04-06-05"
腎・尿路系（体液・電解質バランスを含む）,疾患・病態,全身性疾患による腎障害,,IgA血管炎(紫斑病性腎炎）,JlAKpng,"D-08-04-06-01, D-08-04-06-02, D-08-04-06-03, D-08-04-06-04,. D-08-04-06-05"
腎・尿路系（体液・電解質バランスを含む）,疾患・病態,全身性疾患による腎障害,,アミロイド腎症,JlAKpng,"D-08-04-06-01, D-08-04-06-02, D-08-04-06-03, D-08-04-06-04,. D-08-04-06-05"
腎・尿路系（体液・電解質バランスを含む）,疾患・病態,全身性疾患による腎障害,膠原病類縁疾患,ループス腎炎,JlAKpng,"D-08-04-06-01, D-08-04-06-02, D-08-04-06-03, D-08-04-06-04,. D-08-04-06-05"
腎・尿路系（体液・電解質バランスを含む）,疾患・病態,全身性疾患による腎障害,膠原病類縁疾患,血管炎症候群,JlAKpng,"D-08-04-06-01, D-08-04-06-02, D-08-04-06-03, D-08-04-06-04,. D-08-04-06-05"
腎・尿路系（体液・電解質バランスを含む）,疾患・病態,全身性疾患による腎障害,,抗糸球体基底膜病(Goodpasture症候群),JlAKpng,"D-08-04-06-01, D-08-04-06-02, D-08-04-06-03, D-08-04-06-04,. D-08-04-06-05"
腎・尿路系（体液・電解質バランスを含む）,疾患・病態,先天異常と外傷,,多発性嚢胞腎,JlAKpnk,"D-08-04-07-01, D-08-04-07-02"
腎・尿路系（体液・電解質バランスを含む）,疾患・病態,先天異常と外傷,,膀胱尿管逆流,JlAKpnk,"D-08-04-07-01, D-08-04-07-02"
腎・尿路系（体液・電解質バランスを含む）,疾患・病態,先天異常と外傷,,腎外傷,JlAKpnk,"D-08-04-07-01, D-08-04-07-02"
腎・尿路系（体液・電解質バランスを含む）,疾患・病態,尿路疾患,,尿路結石,JlAKpno,"D-08-04-08-01, D-08-04-08-02, D-08-04-08-03"
腎・尿路系（体液・電解質バランスを含む）,疾患・病態,尿路疾患,尿路の炎症,膀胱炎,JlAKpno,"D-08-04-08-01, D-08-04-08-02, D-08-04-08-03"
腎・尿路系（体液・電解質バランスを含む）,疾患・病態,尿路疾患,尿路の炎症,前立腺炎,JlAKpno,"D-08-04-08-01, D-08-04-08-02, D-08-04-08-03"
腎・尿路系（体液・電解質バランスを含む）,疾患・病態,尿路疾患,尿路の炎症,尿道炎,JlAKpno,"D-08-04-08-01, D-08-04-08-02, D-08-04-08-03"
腎・尿路系（体液・電解質バランスを含む）,疾患・病態,尿路疾患,,神経因性膀胱,JlAKpno,"D-08-04-08-01, D-08-04-08-02, D-08-04-08-03"
腎・尿路系（体液・電解質バランスを含む）,疾患・病態,腫瘍性疾患,,※腫瘍の項目を参照,JlAKpns,"D-08-04-09-01, D-08-04-09-02"
生殖機能,疾患・病態,男性生殖器疾患,,男性不妊症,JlAKppo,"D-09-04-01-01,D-09-04-01-02,D-09-04-01-03"
生殖機能,疾患・病態,男性生殖器疾患,,前立腺肥大症,JlAKppo,"D-09-04-01-01,D-09-04-01-02,D-09-04-01-03"
生殖機能,疾患・病態,男性生殖器疾患,,前立腺炎,JlAKppo,"D-09-04-01-01,D-09-04-01-02,D-09-04-01-03"
生殖機能,疾患・病態,男性生殖器疾患,,停留精巣,JlAKppo,"D-09-04-01-01,D-09-04-01-02,D-09-04-01-03"
生殖機能,疾患・病態,男性生殖器疾患,,陰嚢内腫瘤,JlAKppo,"D-09-04-01-01,D-09-04-01-02,D-09-04-01-03"
生殖機能,疾患・病態,男性生殖器疾患,,精巣捻転症,JlAKppo,"D-09-04-01-01,D-09-04-01-02,D-09-04-01-03"
生殖機能,疾患・病態,女性生殖器疾患,,内外生殖器の先天異常,JlAKpps,"D-09-04-02-01,D-09-04-02-02,D-09-04-02-03,D-09-04-02-04,D-09-04-02-05,D-09-04-02-06"
生殖機能,疾患・病態,女性生殖器疾患,,卵巣機能障害,JlAKpps,"D-09-04-02-01,D-09-04-02-02,D-09-04-02-03,D-09-04-02-04,D-09-04-02-05,D-09-04-02-06"
生殖機能,疾患・病態,女性生殖器疾患,月経異常,月経前症候群,JlAKpps,"D-09-04-02-01,D-09-04-02-02,D-09-04-02-03,D-09-04-02-04,D-09-04-02-05,D-09-04-02-06"
生殖機能,疾患・病態,女性生殖器疾患,月経異常,機能性月経困難症,JlAKpps,"D-09-04-02-01,D-09-04-02-02,D-09-04-02-03,D-09-04-02-04,D-09-04-02-05,D-09-04-02-06"
生殖機能,疾患・病態,女性生殖器疾患,,視床下部性無月経,JlAKpps,"D-09-04-02-01,D-09-04-02-02,D-09-04-02-03,D-09-04-02-04,D-09-04-02-05,D-09-04-02-06"
生殖機能,疾患・病態,女性生殖器疾患,,更年期障害,JlAKpps,"D-09-04-02-01,D-09-04-02-02,D-09-04-02-03,D-09-04-02-04,D-09-04-02-05,D-09-04-02-06"
生殖機能,疾患・病態,女性生殖器疾患,,不妊症,JlAKpps,"D-09-04-02-01,D-09-04-02-02,D-09-04-02-03,D-09-04-02-04,D-09-04-02-05,D-09-04-02-06"
生殖機能,疾患・病態,女性生殖器疾患,,子宮筋腫・子宮腺筋症,JlAKpps,"D-09-04-02-01,D-09-04-02-02,D-09-04-02-03,D-09-04-02-04,D-09-04-02-05,D-09-04-02-06"
生殖機能,疾患・病態,女性生殖器疾患,,子宮内膜症,JlAKpps,"D-09-04-02-01,D-09-04-02-02,D-09-04-02-03,D-09-04-02-04,D-09-04-02-05,D-09-04-02-06"
生殖機能,疾患・病態,女性生殖器疾患,,外陰・腟と骨盤内感染症,JlAKpps,"D-09-04-02-01,D-09-04-02-02,D-09-04-02-03,D-09-04-02-04,D-09-04-02-05,D-09-04-02-06"
生殖機能,疾患・病態,腫瘍性疾患（男性）,,※腫瘍の項目を参照,JlAKppw,"D-09-04-03-01,D-09-04-03-02"
生殖機能,疾患・病態,腫瘍性疾患（女性）,,※腫瘍の項目を参照,JlAKpp0,"D-09-04-03-03,D-09-04-03-04,D-09-04-03-05"
妊娠と分娩,疾患・病態,異常妊娠,,妊娠悪阻,JlAKpq4,D-10-04-na-01
妊娠と分娩,疾患・病態,異常妊娠,,異所性妊娠,JlAKpq4,D-10-04-na-01
妊娠と分娩,疾患・病態,異常妊娠,,流産・切迫流産,JlAKpq4,D-10-04-na-01
妊娠と分娩,疾患・病態,異常妊娠,,ハイリスク妊娠,JlAKpq4,D-10-04-na-01
妊娠と分娩,疾患・病態,異常妊娠,,妊娠高血圧症候群,JlAKpq4,D-10-04-na-01
妊娠と分娩,疾患・病態,異常妊娠,,多胎妊娠,JlAKpq4,D-10-04-na-01
妊娠と分娩,疾患・病態,異常妊娠,,前期破水,JlAKpq4,D-10-04-na-01
妊娠と分娩,疾患・病態,異常妊娠,,切迫早産,JlAKpq4,D-10-04-na-01
妊娠と分娩,疾患・病態,異常妊娠,,胎児機能不全,JlAKpq4,D-10-04-na-01
妊娠と分娩,疾患・病態,異常分娩,,早産,JlAKpq8,D-10-04-na-02
妊娠と分娩,疾患・病態,異常分娩,,微弱陣痛,JlAKpq8,D-10-04-na-02
妊娠と分娩,疾患・病態,異常分娩,,遷延分娩,JlAKpq8,D-10-04-na-02
妊娠と分娩,疾患・病態,異常分娩,,回旋異常,JlAKpq8,D-10-04-na-02
妊娠と分娩,疾患・病態,異常分娩,,前置胎盤,JlAKpq8,D-10-04-na-02
妊娠と分娩,疾患・病態,異常分娩,,癒着胎盤,JlAKpq8,D-10-04-na-02
妊娠と分娩,疾患・病態,異常分娩,,常位胎盤早期剥離,JlAKpq8,D-10-04-na-02
妊娠と分娩,疾患・病態,異常分娩,,分娩外傷,JlAKpq8,D-10-04-na-02
妊娠と分娩,疾患・病態,異常産褥,,子宮復古不全,JlAKprA,D-10-04-na-03
妊娠と分娩,疾患・病態,異常産褥,,産褥熱,JlAKprA,D-10-04-na-03
妊娠と分娩,疾患・病態,異常産褥,,乳腺炎,JlAKprA,D-10-04-na-03
妊娠と分娩,疾患・病態,産科出血,,弛緩出血,JlAKprE,D-10-04-na-04
妊娠と分娩,疾患・病態,産科出血,,羊水塞栓症,JlAKprE,D-10-04-na-04
妊娠と分娩,疾患・病態,産科出血,,播種性血管内凝固（DIC）,JlAKprE,D-10-04-na-04
妊娠と分娩,疾患・病態,合併症妊娠,,貧血,JlAKprI,D-10-04-na-05
妊娠と分娩,疾患・病態,合併症妊娠,,耐糖能異常,JlAKprI,D-10-04-na-05
妊娠と分娩,疾患・病態,合併症妊娠,,甲状腺疾患,JlAKprI,D-10-04-na-05
妊娠と分娩,疾患・病態,合併症妊娠,,免疫性血小板減少性紫斑病（ITP）,JlAKprI,D-10-04-na-05
妊娠と分娩,疾患・病態,合併症妊娠,感染症,HBV,JlAKprI,D-10-04-na-05
妊娠と分娩,疾患・病態,合併症妊娠,感染症,HCV,JlAKprI,D-10-04-na-05
妊娠と分娩,疾患・病態,合併症妊娠,感染症,HIV,JlAKprI,D-10-04-na-05
妊娠と分娩,疾患・病態,合併症妊娠,感染症,HTLV-Ⅰ,JlAKprI,D-10-04-na-05
妊娠と分娩,疾患・病態,合併症妊娠,感染症,パルボウイルスB19,JlAKprI,D-10-04-na-05
妊娠と分娩,疾患・病態,合併症妊娠,感染症,B群連鎖球菌,JlAKprI,D-10-04-na-05
妊娠と分娩,疾患・病態,合併症妊娠,,TORCH症候群,JlAKprI,D-10-04-na-05
小児,疾患・病態,血液系,,小児白血病・悪性リンパ腫,Jli6JoM,D-01-04-04-06
小児,疾患・病態,血液系,,ビタミンK欠乏症,Jli6JoM,D-01-04-04-06
小児,疾患・病態,神経系,,熱性けいれん,Jli6JoU,"D-02-04-09-01,D-02-04-09-02"
小児,疾患・病態,神経系,,脳性麻痺,Jli6JoU,"D-02-04-09-01,D-02-04-09-02"
小児,疾患・病態,神経系,,水頭症,Jli6JoU,"D-02-04-09-01,D-02-04-09-02"
小児,疾患・病態,皮膚系,,伝染性膿痂疹ブドウ球菌性熱傷様皮膚症候群,Jli6JoY,"D-03-04-07-01, D-03-04-07-05"
小児,疾患・病態,皮膚系,,伝染性軟属腫,Jli6JoY,"D-03-04-07-01, D-03-04-07-05"
小児,疾患・病態,皮膚系,,麻疹,Jli6JoY,"D-03-04-07-01, D-03-04-07-05"
小児,疾患・病態,皮膚系,,風疹,Jli6JoY,"D-03-04-07-01, D-03-04-07-05"
小児,疾患・病態,皮膚系,,水痘,Jli6JoY,"D-03-04-07-01, D-03-04-07-05"
小児,疾患・病態,皮膚系,,伝染性紅斑,Jli6JoY,"D-03-04-07-01, D-03-04-07-05"
小児,疾患・病態,皮膚系,,手足口病,Jli6JoY,"D-03-04-07-01, D-03-04-07-05"
小児,疾患・病態,循環器系,,心房中隔欠損症,Jli6Jog,D-05-04-06-01
小児,疾患・病態,循環器系,,心室中隔欠損症,Jli6Jog,D-05-04-06-01
小児,疾患・病態,循環器系,,動脈管開存,Jli6Jog,D-05-04-06-01
小児,疾患・病態,循環器系,,Fallot 四徴症,Jli6Jog,D-05-04-06-01
小児,疾患・病態,呼吸器系,,クループ症候群,Jli6Joo,"D-06-04-02-02, D-06-04-02-06、D-06-04-03-03"
小児,疾患・病態,呼吸器系,,細気管支炎,Jli6Joo,"D-06-04-02-02, D-06-04-02-06、D-06-04-03-03"
小児,疾患・病態,呼吸器系,,小児気管支喘息,Jli6Joo,"D-06-04-02-02, D-06-04-02-06、D-06-04-03-03"
小児,疾患・病態,消化器系,,肥厚性幽門狭窄症,Jli6Jos,"D-07-04-02-08 , D-07-04-03-09, D-07-04-03-10, D-07-04-03-11, D-07-04-07-03"
小児,疾患・病態,消化器系,,鎖肛,Jli6Jos,"D-07-04-02-08 , D-07-04-03-09, D-07-04-03-10, D-07-04-03-11, D-07-04-07-03"
小児,疾患・病態,消化器系,,Hirschsprung病,Jli6Jos,"D-07-04-02-08 , D-07-04-03-09, D-07-04-03-10, D-07-04-03-11, D-07-04-07-03"
小児,疾患・病態,消化器系,,腸重積症,Jli6Jos,"D-07-04-02-08 , D-07-04-03-09, D-07-04-03-10, D-07-04-03-11, D-07-04-07-03"
小児,疾患・病態,消化器系,,便秘症,Jli6Jos,"D-07-04-02-08 , D-07-04-03-09, D-07-04-03-10, D-07-04-03-11, D-07-04-07-03"
小児,疾患・病態,消化器系,,乳児下痢症,Jli6Jos,"D-07-04-02-08 , D-07-04-03-09, D-07-04-03-10, D-07-04-03-11, D-07-04-07-03"
小児,疾患・病態,消化器系,,胆道閉鎖症,Jli6Jos,"D-07-04-02-08 , D-07-04-03-09, D-07-04-03-10, D-07-04-03-11, D-07-04-07-03"
小児,疾患・病態,消化器系,,鼠径ヘルニア,Jli6Jos,"D-07-04-02-08 , D-07-04-03-09, D-07-04-03-10, D-07-04-03-11, D-07-04-07-03"
小児,疾患・病態,腎臓,,溶血性尿毒症症候群（HUS）,Jli6Jo0,"D-01-04-02-05, D-08-04-06-05 , D-08-04-07-01"
小児,疾患・病態,腎臓,,小児ネフローゼ症候群,Jli6Jo0,"D-01-04-02-05, D-08-04-06-05 , D-08-04-07-01"
小児,疾患・病態,腎臓,,紫斑病性腎炎,Jli6Jo0,"D-01-04-02-05, D-08-04-06-05 , D-08-04-07-01"
小児,疾患・病態,腎臓,,先天性腎尿路奇形,Jli6Jo0,"D-01-04-02-05, D-08-04-06-05 , D-08-04-07-01"
小児,疾患・病態,腎臓,,膀胱尿管逆流,Jli6Jo0,"D-01-04-02-05, D-08-04-06-05 , D-08-04-07-01"
小児,疾患・病態,内分泌系・代謝,,成長ホルモン分泌不全型低身長,Jli6Jo4,"D-12-04-01-05, D-12-04-04-04"
小児,疾患・病態,内分泌系・代謝,,先天性副腎皮質過形成,Jli6Jo4,"D-12-04-01-05, D-12-04-04-04"
小児,疾患・病態,内分泌系・代謝,,アセトン血性嘔吐症,Jli6Jo4,"D-12-04-01-05, D-12-04-04-04"
小児,疾患・病態,精神系,神経発達症群,自閉スペクトラム症（ASD）,Jli6JpA,"E-07-03-na-08, E-07-03-na-05"
小児,疾患・病態,精神系,,注意・欠如多動症（ADHD）,Jli6JpA,"E-07-03-na-08, E-07-03-na-05"
小児,疾患・病態,精神系,,限局性学習症,Jli6JpA,"E-07-03-na-08, E-07-03-na-05"
小児,疾患・病態,精神系,,チック症,Jli6JpA,"E-07-03-na-08, E-07-03-na-05"
小児,疾患・病態,精神系,,小児心身症,Jli6JpA,"E-07-03-na-08, E-07-03-na-05"
小児,疾患・病態,腫瘍,,網膜芽細胞腫,Jli6JpE,"D-13-04-02-01, D-12-04-10-03, E-03-05-na-14"
小児,疾患・病態,腫瘍,,神経芽腫,Jli6JpE,"D-13-04-02-01, D-12-04-10-03, E-03-05-na-14"
小児,疾患・病態,腫瘍,,腎芽腫,Jli6JpE,"D-13-04-02-01, D-12-04-10-03, E-03-05-na-14"
小児,疾患・病態,腫瘍,,胚芽腫,Jli6JpE,"D-13-04-02-01, D-12-04-10-03, E-03-05-na-14"
小児,疾患・病態,腫瘍,,奇形腫,Jli6JpE,"D-13-04-02-01, D-12-04-10-03, E-03-05-na-14"
小児,疾患・病態,免疫・アレルギー,,IgA血管炎,Jli6JpM,"D-01-04-02-06, E-04-03-05-03"
小児,疾患・病態,免疫・アレルギー,,川崎病,Jli6JpM,"D-01-04-02-06, E-04-03-05-03"
小児,疾患・病態,染色体異常,,Down症,Jli6JpU,新設
小児,疾患・病態,新生児,,新生児仮死,Jli6JpY,"E-07-01-na-05, D-06-04-07-03, E-07-01-na-07, E-07-01-na-09, E-07-01-na-10, E-07-01-na-08"
小児,疾患・病態,新生児,,新生児呼吸促迫症候群,Jli6JpY,"E-07-01-na-05, D-06-04-07-03, E-07-01-na-07, E-07-01-na-09, E-07-01-na-10, E-07-01-na-08"
小児,疾患・病態,新生児,,新生児黄疸（高ビリルビン血症）,Jli6JpY,"E-07-01-na-05, D-06-04-07-03, E-07-01-na-07, E-07-01-na-09, E-07-01-na-10, E-07-01-na-08"
小児,疾患・病態,新生児,,早産低出生体重児,Jli6JpY,"E-07-01-na-05, D-06-04-07-03, E-07-01-na-07, E-07-01-na-09, E-07-01-na-10, E-07-01-na-08"
小児,疾患・病態,新生児,,胎便吸引症候群,Jli6JpY,"E-07-01-na-05, D-06-04-07-03, E-07-01-na-07, E-07-01-na-09, E-07-01-na-10, E-07-01-na-08"
小児,疾患・病態,新生児,,新生児一過性多呼吸,Jli6JpY,"E-07-01-na-05, D-06-04-07-03, E-07-01-na-07, E-07-01-na-09, E-07-01-na-10, E-07-01-na-08"
小児,疾患・病態,救急,,乳幼児突然死症候群（SIDS）,Jli6Jpg,"E-07-02-na-04, E-07-03-na-06"
小児,疾患・病態,救急,,被虐待児症候群,Jli6Jpg,"E-07-02-na-04, E-07-03-na-06"
乳房,疾患・病態,,,良性乳腺疾患（乳腺炎・乳腺症）,JlAKpr0,D-11-04-01-01
乳房,疾患・病態,,,腫瘍性疾患　※腫瘍の項目を参照,JlAKpr4,
内分泌・栄養・代謝系,疾患・病態,間脳・下垂体疾患,,先端巨大症,JlAKptI,"D-12-04-01-01,D-12-04-01-02, D-12-04-01-03, D-12-04-01-04, D-12-04-01-06, D-12-04-01-07"
内分泌・栄養・代謝系,疾患・病態,間脳・下垂体疾患,,Cushing病,JlAKptI,"D-12-04-01-01,D-12-04-01-02, D-12-04-01-03, D-12-04-01-04, D-12-04-01-06, D-12-04-01-07"
内分泌・栄養・代謝系,疾患・病態,間脳・下垂体疾患,,高プロラクチン血症,JlAKptI,"D-12-04-01-01,D-12-04-01-02, D-12-04-01-03, D-12-04-01-04, D-12-04-01-06, D-12-04-01-07"
内分泌・栄養・代謝系,疾患・病態,間脳・下垂体疾患,,下垂体前葉機能低下症,JlAKptI,"D-12-04-01-01,D-12-04-01-02, D-12-04-01-03, D-12-04-01-04, D-12-04-01-06, D-12-04-01-07"
内分泌・栄養・代謝系,疾患・病態,間脳・下垂体疾患,,視床下部下垂体炎,JlAKptI,"D-12-04-01-01,D-12-04-01-02, D-12-04-01-03, D-12-04-01-04, D-12-04-01-06, D-12-04-01-07"
内分泌・栄養・代謝系,疾患・病態,間脳・下垂体疾患,,中枢性尿崩症,JlAKptI,"D-12-04-01-01,D-12-04-01-02, D-12-04-01-03, D-12-04-01-04, D-12-04-01-06, D-12-04-01-07"
内分泌・栄養・代謝系,疾患・病態,間脳・下垂体疾患,,抗利尿ホルモン不適合分泌症候群（SIADH）,JlAKptI,"D-12-04-01-01,D-12-04-01-02, D-12-04-01-03, D-12-04-01-04, D-12-04-01-06, D-12-04-01-07"
内分泌・栄養・代謝系,疾患・病態,間脳・下垂体疾患,,下垂体腫瘍,JlAKptI,"D-12-04-01-01,D-12-04-01-02, D-12-04-01-03, D-12-04-01-04, D-12-04-01-06, D-12-04-01-07"
内分泌・栄養・代謝系,疾患・病態,甲状腺疾患,,甲状腺機能亢進症,JlAKptM,"D-12-04-02-01, D-12-04-02-02, D-12-04-02-03"
内分泌・栄養・代謝系,疾患・病態,甲状腺疾患,,甲状腺機能低下症,JlAKptM,"D-12-04-02-01, D-12-04-02-02, D-12-04-02-03"
内分泌・栄養・代謝系,疾患・病態,甲状腺疾患,,甲状腺炎（慢性・無痛性・亜急性）,JlAKptM,"D-12-04-02-01, D-12-04-02-02, D-12-04-02-03"
内分泌・栄養・代謝系,疾患・病態,副甲状腺疾患,,副甲状腺機能亢進症,JlAKptQ,"D-12-04-03-01,D-12-04-03-02,D-12-04-03-03,D-12-04-03-04"
内分泌・栄養・代謝系,疾患・病態,副甲状腺疾患,,副甲状腺機能低下症,JlAKptQ,"D-12-04-03-01,D-12-04-03-02,D-12-04-03-03,D-12-04-03-04"
内分泌・栄養・代謝系,疾患・病態,副甲状腺疾患,,悪性腫瘍に伴う高カルリウム血症,JlAKptQ,"D-12-04-03-01,D-12-04-03-02,D-12-04-03-03,D-12-04-03-04"
内分泌・栄養・代謝系,疾患・病態,副腎皮質・髄質疾患,,Cushing 症候群,JlAKptU,"D-12-04-04-01, D-12-04-04-02, D-12-04-04-03"
内分泌・栄養・代謝系,疾患・病態,副腎皮質・髄質疾患,,アルドステロン過剰症,JlAKptU,"D-12-04-04-01, D-12-04-04-02, D-12-04-04-03"
内分泌・栄養・代謝系,疾患・病態,副腎皮質・髄質疾患,,原発性アルドステロン症,JlAKptU,"D-12-04-04-01, D-12-04-04-02, D-12-04-04-03"
内分泌・栄養・代謝系,疾患・病態,副腎皮質・髄質疾患,,副腎不全(急性・慢性（Addison 病）),JlAKptU,"D-12-04-04-01, D-12-04-04-02, D-12-04-04-03"
内分泌・栄養・代謝系,疾患・病態,糖代謝異常,,1型糖尿病,JlAKptY,"D-12-04-05-01, D-12-04-05-02, D-12-04-05-03, D-12-04-05-04, D-12-04-05-05"
内分泌・栄養・代謝系,疾患・病態,糖代謝異常,,2型糖尿病,JlAKptY,"D-12-04-05-01, D-12-04-05-02, D-12-04-05-03, D-12-04-05-04, D-12-04-05-05"
内分泌・栄養・代謝系,疾患・病態,糖代謝異常,糖尿病の急性期合併症,糖尿病ケトアシドーシス,JlAKptY,"D-12-04-05-01, D-12-04-05-02, D-12-04-05-03, D-12-04-05-04, D-12-04-05-05"
内分泌・栄養・代謝系,疾患・病態,糖代謝異常,糖尿病の急性期合併症,高血糖高浸透圧症候群,JlAKptY,"D-12-04-05-01, D-12-04-05-02, D-12-04-05-03, D-12-04-05-04, D-12-04-05-05"
内分泌・栄養・代謝系,疾患・病態,糖代謝異常,糖尿病の急性期合併症,乳酸アシドーシス,JlAKptY,"D-12-04-05-01, D-12-04-05-02, D-12-04-05-03, D-12-04-05-04, D-12-04-05-05"
内分泌・栄養・代謝系,疾患・病態,糖代謝異常,糖尿病の慢性合併症,網膜症,JlAKptY,"D-12-04-05-01, D-12-04-05-02, D-12-04-05-03, D-12-04-05-04, D-12-04-05-05"
内分泌・栄養・代謝系,疾患・病態,糖代謝異常,糖尿病の慢性合併症,腎症,JlAKptY,"D-12-04-05-01, D-12-04-05-02, D-12-04-05-03, D-12-04-05-04, D-12-04-05-05"
内分泌・栄養・代謝系,疾患・病態,糖代謝異常,糖尿病の慢性合併症,神経障害,JlAKptY,"D-12-04-05-01, D-12-04-05-02, D-12-04-05-03, D-12-04-05-04, D-12-04-05-05"
内分泌・栄養・代謝系,疾患・病態,糖代謝異常,,足病変,JlAKptY,"D-12-04-05-01, D-12-04-05-02, D-12-04-05-03, D-12-04-05-04, D-12-04-05-05"
内分泌・栄養・代謝系,疾患・病態,糖代謝異常,,低血糖症,JlAKptY,"D-12-04-05-01, D-12-04-05-02, D-12-04-05-03, D-12-04-05-04, D-12-04-05-05"
内分泌・栄養・代謝系,疾患・病態,脂質代謝異常,,脂質異常症,JlAKptc,"D-12-04-06-01,D-12-04-06-02"
内分泌・栄養・代謝系,疾患・病態,脂質代謝異常,,肥満症,JlAKptc,"D-12-04-06-01,D-12-04-06-02"
内分泌・栄養・代謝系,疾患・病態,ビタミン・核酸・その他の代謝異常,,ビタミン欠乏症,JlAKptg,"D-12-04-07-01,D-12-04-07-02,D-12-04-08-01,D-12-04-09-01,D-12-04-09-02,D-12-04-09-03"
内分泌・栄養・代謝系,疾患・病態,ビタミン・核酸・その他の代謝異常,,高尿酸血症・痛風,JlAKptg,"D-12-04-07-01,D-12-04-07-02,D-12-04-08-01,D-12-04-09-01,D-12-04-09-02,D-12-04-09-03"
内分泌・栄養・代謝系,疾患・病態,ビタミン・核酸・その他の代謝異常,,全身性アミロイドーシス,JlAKptg,"D-12-04-07-01,D-12-04-07-02,D-12-04-08-01,D-12-04-09-01,D-12-04-09-02,D-12-04-09-03"
内分泌・栄養・代謝系,疾患・病態,小児疾患,,成長ホルモン分泌不全型低身長,JlAKptk,"D-12-04-01-05, D-12-04-04-04"
内分泌・栄養・代謝系,疾患・病態,小児疾患,,先天性副腎皮質過形成,JlAKptk,"D-12-04-01-05, D-12-04-04-04"
内分泌・栄養・代謝系,疾患・病態,腫瘍性疾患,,※腫瘍の項目を参照,JlAKpto,"D-12-04-10-01,D-12-04-10-02,D-12-04-10-03"
眼・視覚系,疾患・病態,,,屈折異常（近視・遠視・乱視）と調節障害,JlAKpu8,D-13-04-01-01
眼・視覚系,疾患・病態,,,結膜炎・角膜炎・眼瞼炎,JlAKpvA,D-13-04-01-02
眼・視覚系,疾患・病態,,,麦粒腫・霰粒腫,JlAKpvE,
眼・視覚系,疾患・病態,,,白内障,JlAKpvI,D-13-04-01-03
眼・視覚系,疾患・病態,,,緑内障,JlAKpvM,D-13-04-01-04
眼・視覚系,疾患・病態,,,裂孔原性網膜剥離,JlAKpvQ,D-13-04-01-05
眼・視覚系,疾患・病態,,,加齢黄斑変性・網膜色素変性,JlAKpvU,
眼・視覚系,疾患・病態,,,糖尿病・高血圧による眼底変化（糖尿病網膜症など）,JlAKpvY,D-13-04-01-06
眼・視覚系,疾患・病態,,,ぶどう膜炎,JlAKpvc,D-13-04-01-07
眼・視覚系,疾患・病態,,,視神経炎（症）・うっ血乳頭,JlAKpvg,D-13-04-01-08
眼・視覚系,疾患・病態,,,化学損傷（アルカリ・酸）,JlAKpvk,D-13-04-01-09
眼・視覚系,疾患・病態,,,網膜静脈閉塞症と動脈閉塞症,JlAKpvo,D-13-04-01-10
眼・視覚系,疾患・病態,,,腫瘍性疾患　※腫瘍の項目を参照,JlAKpvs,D-13-04-02-01
耳鼻・咽喉・口腔系,疾患・病態,,,中耳炎（急性・慢性・滲出性・真珠腫性）,JlAKpxg,D-14-04-01-01
耳鼻・咽喉・口腔系,疾患・病態,,,外耳炎,JlAKpxk,
耳鼻・咽喉・口腔系,疾患・病態,,,耳せつ,JlAKpxk,
耳鼻・咽喉・口腔系,疾患・病態,,,難聴（騒音性・薬剤性・突発性・老人性）,JlAKpxo,D-14-04-01-02
耳鼻・咽喉・口腔系,疾患・病態,,,乳幼児の難聴,JlAKpxo,D-14-04-01-02
耳鼻・咽喉・口腔系,疾患・病態,,,めまい（末梢性・中枢性）,JlAKpxs,D-14-04-01-03
耳鼻・咽喉・口腔系,疾患・病態,,,動揺病,JlAKpxs,D-14-04-01-03
耳鼻・咽喉・口腔系,疾患・病態,,,良性発作性頭位眩暈症,JlAKpxw,D-14-04-01-04
耳鼻・咽喉・口腔系,疾患・病態,,,Ménière病,JlAKpxw,D-14-04-01-04
耳鼻・咽喉・口腔系,疾患・病態,,,前庭神経炎,JlAKpx0,
耳鼻・咽喉・口腔系,疾患・病態,,,鼻出血,JlAKpx4,D-14-04-01-05
耳鼻・咽喉・口腔系,疾患・病態,,,副鼻腔炎（急性・慢性）,JlAKpx8,D-14-04-01-06
耳鼻・咽喉・口腔系,疾患・病態,,,アレルギー性鼻炎,JlAKpyA,D-14-04-01-07
耳鼻・咽喉・口腔系,疾患・病態,,鼻咽喉頭の炎症性疾患,鼻炎,JlAKpyE,D-14-04-01-08
耳鼻・咽喉・口腔系,疾患・病態,,鼻咽喉頭の炎症性疾患,扁桃炎,JlAKpyE,D-14-04-01-08
耳鼻・咽喉・口腔系,疾患・病態,,鼻咽喉頭の炎症性疾患,咽頭炎,JlAKpyE,D-14-04-01-08
耳鼻・咽喉・口腔系,疾患・病態,,鼻咽喉頭の炎症性疾患,喉頭炎,JlAKpyE,D-14-04-01-08
耳鼻・咽喉・口腔系,疾患・病態,,鼻咽喉頭の炎症性疾患,喉頭蓋炎,JlAKpyE,D-14-04-01-08
耳鼻・咽喉・口腔系,疾患・病態,,鼻咽喉頭の炎症性疾患,扁桃周囲炎,JlAKpyE,D-14-04-01-08
耳鼻・咽喉・口腔系,疾患・病態,,鼻咽喉頭の炎症性疾患,膿瘍,JlAKpyE,D-14-04-01-08
耳鼻・咽喉・口腔系,疾患・病態,,,う蝕,JlAKpyI,D-14-04-01-09
耳鼻・咽喉・口腔系,疾患・病態,,,歯周病等の歯科疾患（全身への影響や口腔機能管理を含めて）,JlAKpyI,D-14-04-01-09
耳鼻・咽喉・口腔系,疾患・病態,,,口角炎,JlAKpyM,D-14-04-01-10
耳鼻・咽喉・口腔系,疾患・病態,,,口内炎,JlAKpyM,D-14-04-01-10
耳鼻・咽喉・口腔系,疾患・病態,,,舌炎,JlAKpyM,D-14-04-01-10
耳鼻・咽喉・口腔系,疾患・病態,,,鵞口瘡,JlAKpyM,D-14-04-01-10
耳鼻・咽喉・口腔系,疾患・病態,,,白板症など,JlAKpyM,D-14-04-01-10
耳鼻・咽喉・口腔系,疾患・病態,,,外耳道・鼻腔・咽頭・喉頭・気管・食道の代表的な異物,JlAKpyQ,D-14-04-01-11
耳鼻・咽喉・口腔系,疾患・病態,,唾液腺疾患,急性唾液腺炎,JlAKpyU,D-14-04-01-12
耳鼻・咽喉・口腔系,疾患・病態,,唾液腺疾患,唾石症,JlAKpyU,D-14-04-01-12
耳鼻・咽喉・口腔系,疾患・病態,,唾液腺疾患,Sjogren症候群,JlAKpyU,D-14-04-01-12
耳鼻・咽喉・口腔系,疾患・病態,,唾液腺疾患,Mikulicz病,JlAKpyU,D-14-04-01-12
耳鼻・咽喉・口腔系,疾患・病態,,,顎関節症,JlAKpyY,
耳鼻・咽喉・口腔系,疾患・病態,,耳鼻・咽頭・口腔系の外傷・損傷,鼻骨骨折,JlAKpyc,
耳鼻・咽喉・口腔系,疾患・病態,,耳鼻・咽頭・口腔系の外傷・損傷,吹き抜け骨折,JlAKpyc,
耳鼻・咽喉・口腔系,疾患・病態,,耳鼻・咽頭・口腔系の外傷・損傷,耳介血腫,JlAKpyc,
耳鼻・咽喉・口腔系,疾患・病態,,耳鼻・咽頭・口腔系の外傷・損傷,鼓膜損傷など,JlAKpyc,
耳鼻・咽喉・口腔系,疾患・病態,,先天異常,唇裂,JlAKpyg,
耳鼻・咽喉・口腔系,疾患・病態,,先天異常,口蓋裂など,JlAKpyg,
耳鼻・咽喉・口腔系,疾患・病態,,,口蓋扁桃肥大症,JlAKpyk,
耳鼻・咽喉・口腔系,疾患・病態,,,咽頭扁桃（アデノイド）増殖症,JlAKpyk,
耳鼻・咽喉・口腔系,疾患・病態,,,声帯ポリープ,JlAKpyk,
耳鼻・咽喉・口腔系,疾患・病態,,頭頸部疾患,頸部リンパ節炎,JlAKpyo,
耳鼻・咽喉・口腔系,疾患・病態,,頭頸部疾患,頸部膿瘍,JlAKpyo,
耳鼻・咽喉・口腔系,疾患・病態,,頭頸部疾患,頸部リンパ節転移など,JlAKpyo,
耳鼻・咽喉・口腔系,疾患・病態,腫瘍性疾患,,※腫瘍の項目を参照,JlAKpys,"D-14-04-02-01, D-14-04-02-02"
精神系,疾患・病態,,,認知症　※神経系の項目を参照,JlAKpz8,D-15-03-na-02
精神系,疾患・病態,,,症状性精神病,JlAKp0A,D-15-03-na-01
精神系,疾患・病態,,,依存症（薬物使用,JlAKp0E,D-15-03-na-03
精神系,疾患・病態,,,アルコール,JlAKp0E,D-15-03-na-03
精神系,疾患・病態,,,ギャンブル）,JlAKp0E,D-15-03-na-03
精神系,疾患・病態,,,うつ病,JlAKp0I,"D-15-03-na-05, D-15-03-na-06"
精神系,疾患・病態,,,双極性障害（躁うつ病）,JlAKp0I,"D-15-03-na-05, D-15-03-na-06"
精神系,疾患・病態,,,統合失調症,JlAKp0M,D-15-03-na-04
精神系,疾患・病態,,,強迫性障害,JlAKp0Q,
精神系,疾患・病態,,,不安障害（パニック障害・社交不安障害）,JlAKp0U,D-15-03-na-07
精神系,疾患・病態,,,解離性障害,JlAKp0Y,D-15-03-na-09
精神系,疾患・病態,,,身体表現性障害（身体化障害・疼痛性障害・心気症）,JlAKp0c,"D-15-03-na-07, D-15-03-na-08"
精神系,疾患・病態,,,心身症,JlAKp0c,"D-15-03-na-07, D-15-03-na-08"
精神系,疾患・病態,,ストレス関連障害,急性ストレス障害,JlAKp0c,"D-15-03-na-07, D-15-03-na-08"
精神系,疾患・病態,,ストレス関連障害,心的外傷後ストレス障害,JlAKp0c,"D-15-03-na-07, D-15-03-na-08"
精神系,疾患・病態,,,過換気症候群,JlAKp0c,"D-15-03-na-07, D-15-03-na-08"
精神系,疾患・病態,,,摂食障害（神経性食思不振症・神経性過食症）,JlAKp0g,D-15-03-na-08
精神系,疾患・病態,,,パーソナリティ障害,JlAKp0k,D-15-03-na-10
免疫・アレルギー,疾患・病態,他のリウマチ性疾患,,強直性脊椎炎,Jli6MhQ,
免疫・アレルギー,疾患・病態,他のリウマチ性疾患,,反応性関節炎,Jli6MhQ,
免疫・アレルギー,疾患・病態,他のリウマチ性疾患,,乾癬性関節炎,Jli6MhQ,
免疫・アレルギー,疾患・病態,他のリウマチ性疾患,,掌蹠膿疱症性関節炎,Jli6MhQ,
免疫・アレルギー,疾患・病態,他のリウマチ性疾患,,結晶誘発性関節炎,Jli6MhQ,
免疫・アレルギー,疾患・病態,他のリウマチ性疾患,,変形性関節症,Jli6MhQ,
免疫・アレルギー,疾患・病態,他のリウマチ性疾患,,リウマチ性多発筋痛症,Jli6MhQ,
免疫・アレルギー,疾患・病態,他のリウマチ性疾患,,線維筋痛症,Jli6MhQ,
免疫・アレルギー,疾患・病態,他のリウマチ性疾患,,IgG4関連疾患,Jli6MhQ,
免疫・アレルギー,疾患・病態,他のリウマチ性疾患,,再発性多発軟骨炎,Jli6MhQ,
免疫・アレルギー,疾患・病態,他のリウマチ性疾患,,リウマチ熱,Jli6MhQ,
免疫・アレルギー,疾患・病態,血管炎症候群,,巨細胞性動脈炎,Jli6MhY,E-04-03-05-01
免疫・アレルギー,疾患・病態,血管炎症候群,,高安動脈炎,Jli6MhY,E-04-03-05-01
免疫・アレルギー,疾患・病態,血管炎症候群,,結節性多発動脈炎,Jli6MhY,E-04-03-05-01
免疫・アレルギー,疾患・病態,血管炎症候群,,顕微鏡的多発血管炎,Jli6MhY,E-04-03-05-01
免疫・アレルギー,疾患・病態,血管炎症候群,,多発血管炎性肉芽腫症,Jli6MhY,E-04-03-05-01
免疫・アレルギー,疾患・病態,血管炎症候群,,好酸球性多発血管炎性肉芽腫症,Jli6MhY,E-04-03-05-01
免疫・アレルギー,疾患・病態,血管炎症候群,,IgA血管炎,Jli6MhY,E-04-03-05-01
免疫・アレルギー,疾患・病態,血管炎症候群,,川崎病,Jli6MhY,E-04-03-05-01
免疫・アレルギー,疾患・病態,血管炎症候群,,悪性関節リウマチ,Jli6MhY,E-04-03-05-01
免疫・アレルギー,疾患・病態,血管炎症候群,,抗GBM病,Jli6MhY,E-04-03-05-01
感染症,疾患・病態,市中感染症,,髄膜脳炎,Jli6Mhg,E-02-01-na-02
感染症,疾患・病態,市中感染症,,咽頭炎,Jli6Mhg,E-02-01-na-02
感染症,疾患・病態,市中感染症,,中耳炎,Jli6Mhg,E-02-01-na-02
感染症,疾患・病態,市中感染症,,血流感染・感染性心内膜炎,Jli6Mhg,E-02-01-na-02
感染症,疾患・病態,市中感染症,,肺炎,Jli6Mhg,E-02-01-na-02
感染症,疾患・病態,市中感染症,,腹腔内感染,Jli6Mhg,E-02-01-na-02
感染症,疾患・病態,市中感染症,,膀胱炎・腎盂腎炎,Jli6Mhg,E-02-01-na-02
感染症,疾患・病態,市中感染症,,皮膚軟部組織感染,Jli6Mhg,E-02-01-na-02
感染症,疾患・病態,市中感染症,,関節炎,Jli6Mhg,E-02-01-na-02
感染症,疾患・病態,医療関連感染,,血管内留置カテーテル関連感染,Jli6Mho,"E-02-01-na-02,E-02-01-na-03"
感染症,疾患・病態,医療関連感染,,尿路カテーテル感染,Jli6Mho,"E-02-01-na-02,E-02-01-na-03"
感染症,疾患・病態,医療関連感染,,医療関連肺炎・人工呼吸器関連肺炎,Jli6Mho,"E-02-01-na-02,E-02-01-na-03"
感染症,疾患・病態,医療関連感染,,手術部位感染,Jli6Mho,"E-02-01-na-02,E-02-01-na-03"
感染症,疾患・病態,医療関連感染,,クロストリディオイデス・ディフィシル感染,Jli6Mho,"E-02-01-na-02,E-02-01-na-03"
感染症,疾患・病態,免疫不全,,糖尿病,Jli6Mhs,E-02-01-na-06
感染症,疾患・病態,免疫不全,,腎臓病,Jli6Mhs,E-02-01-na-06
感染症,疾患・病態,免疫不全,,肝臓病,Jli6Mhs,E-02-01-na-06
感染症,疾患・病態,免疫不全,,がん・血液疾患,Jli6Mhs,E-02-01-na-06
感染症,疾患・病態,免疫不全,,好中球減少,Jli6Mhs,E-02-01-na-06
感染症,疾患・病態,免疫不全,,免疫抑制薬使用中,Jli6Mhs,E-02-01-na-06
感染症,疾患・病態,免疫不全,,HIV・AIDS,Jli6Mhs,E-02-01-na-06
感染症,疾患・病態,免疫不全,,臓器移植,Jli6Mhs,E-02-01-na-06
感染症,疾患・病態,ワクチン予防可能な疾患,,麻疹,Jli6Mh0,E-02-02-na-07
感染症,疾患・病態,ワクチン予防可能な疾患,,風疹,Jli6Mh0,E-02-02-na-07
感染症,疾患・病態,ワクチン予防可能な疾患,,ムンプス,Jli6Mh0,E-02-02-na-07
感染症,疾患・病態,ワクチン予防可能な疾患,,水痘,Jli6Mh0,E-02-02-na-07
感染症,疾患・病態,ワクチン予防可能な疾患,,B型肝炎,Jli6Mh0,E-02-02-na-07
感染症,疾患・病態,ワクチン予防可能な疾患,,インフルエンザ菌,Jli6Mh0,E-02-02-na-07
感染症,疾患・病態,ワクチン予防可能な疾患,,肺炎球菌,Jli6Mh0,E-02-02-na-07
感染症,疾患・病態,ワクチン予防可能な疾患,,破傷風ジフテリア,Jli6Mh0,E-02-02-na-07
感染症,疾患・病態,ワクチン予防可能な疾患,,インフルエンザ,Jli6Mh0,E-02-02-na-07
感染症,疾患・病態,ワクチン予防可能な疾患,,新型コロナウイルス,Jli6Mh0,E-02-02-na-07
腫瘍,疾患・病態,血液・造血器・リンパ系,,急性白血病,Jli6O1M,E-03-05-na-01
腫瘍,疾患・病態,血液・造血器・リンパ系,,慢性骨髄性白血病,Jli6O1M,E-03-05-na-01
腫瘍,疾患・病態,血液・造血器・リンパ系,,骨髄異形成症候群,Jli6O1M,E-03-05-na-01
腫瘍,疾患・病態,血液・造血器・リンパ系,,成人T細胞白血病,Jli6O1M,E-03-05-na-01
腫瘍,疾患・病態,血液・造血器・リンパ系,,真性赤血球増加症,Jli6O1M,E-03-05-na-01
腫瘍,疾患・病態,血液・造血器・リンパ系,,本態性血小板血症,Jli6O1M,E-03-05-na-01
腫瘍,疾患・病態,血液・造血器・リンパ系,,骨髄線維症,Jli6O1M,E-03-05-na-01
腫瘍,疾患・病態,血液・造血器・リンパ系,,悪性リンパ腫,Jli6O1M,E-03-05-na-01
腫瘍,疾患・病態,血液・造血器・リンパ系,,多発性骨髄腫,Jli6O1M,E-03-05-na-01
腫瘍,疾患・病態,神経系,,膠芽腫,Jli6O1Q,E-03-05-na-02
腫瘍,疾患・病態,神経系,,髄膜腫,Jli6O1Q,E-03-05-na-02
腫瘍,疾患・病態,神経系,,神経鞘腫,Jli6O1Q,E-03-05-na-02
腫瘍,疾患・病態,神経系,,転移性脳腫瘍,Jli6O1Q,E-03-05-na-02
腫瘍,疾患・病態,皮膚系,,基底細胞癌,Jli6O1Y,E-03-05-na-03
腫瘍,疾患・病態,皮膚系,,有棘細胞癌,Jli6O1Y,E-03-05-na-03
腫瘍,疾患・病態,皮膚系,,悪性黒色腫,Jli6O1Y,E-03-05-na-03
腫瘍,疾患・病態,皮膚系,,リンパ腫,Jli6O1Y,E-03-05-na-03
腫瘍,疾患・病態,運動器（筋骨格）系,骨軟部腫瘍,骨肉腫,Jli6O1g,E-03-05-na-04
腫瘍,疾患・病態,運動器（筋骨格）系,,軟骨肉腫,Jli6O1g,E-03-05-na-04
腫瘍,疾患・病態,運動器（筋骨格）系,,ユーイング肉腫,Jli6O1g,E-03-05-na-04
腫瘍,疾患・病態,運動器（筋骨格）系,,転移性脊椎腫瘍,Jli6O1g,E-03-05-na-04
腫瘍,疾患・病態,循環器系,,粘液腫,Jli6O1k,E-03-05-na-05
腫瘍,疾患・病態,呼吸器系,,肺癌,Jli6O1s,E-03-05-na-06
腫瘍,疾患・病態,呼吸器系,,胸膜中皮腫,Jli6O1s,E-03-05-na-06
腫瘍,疾患・病態,呼吸器系,,転移性肺腫瘍,Jli6O1s,E-03-05-na-06
腫瘍,疾患・病態,呼吸器系,,縦隔腫瘍,Jli6O1s,E-03-05-na-06
腫瘍,疾患・病態,消化器系,,食道癌,Jli6O1w,E-03-05-na-07
腫瘍,疾患・病態,消化器系,,胃癌,Jli6O1w,E-03-05-na-07
腫瘍,疾患・病態,消化器系,,大腸ポリープ,Jli6O1w,E-03-05-na-07
腫瘍,疾患・病態,消化器系,,大腸癌,Jli6O1w,E-03-05-na-07
腫瘍,疾患・病態,消化器系,,胆嚢・胆管癌,Jli6O1w,E-03-05-na-07
腫瘍,疾患・病態,消化器系,,原発性肝癌,Jli6O1w,E-03-05-na-07
腫瘍,疾患・病態,消化器系,,膵神経内分泌腫瘍,Jli6O1w,E-03-05-na-07
腫瘍,疾患・病態,消化器系,,嚢胞性膵腫瘍,Jli6O1w,E-03-05-na-07
腫瘍,疾患・病態,消化器系,,膵癌,Jli6O1w,E-03-05-na-07
腫瘍,疾患・病態,腎・尿路系,,腎癌,Jli6O14,E-03-05-na-08
腫瘍,疾患・病態,腎・尿路系,,腎盂尿管癌・膀胱癌,Jli6O14,E-03-05-na-08
腫瘍,疾患・病態,生殖機能,,前立腺癌,Jli6O18,E-03-05-na-09
腫瘍,疾患・病態,生殖機能,,精巣腫瘍,Jli6O18,E-03-05-na-09
腫瘍,疾患・病態,生殖機能,,子宮頸癌,Jli6O18,E-03-05-na-09
腫瘍,疾患・病態,生殖機能,,子宮体癌（子宮内膜癌）,Jli6O18,E-03-05-na-09
腫瘍,疾患・病態,生殖機能,,卵巣腫瘍,Jli6O18,E-03-05-na-09
腫瘍,疾患・病態,生殖機能,絨毛性疾患,胞状奇胎,Jli6O18,E-03-05-na-09
腫瘍,疾患・病態,生殖機能,,絨毛癌,Jli6O18,E-03-05-na-09
腫瘍,疾患・病態,乳房,,原発性乳癌,Jli6O2E,E-03-05-na-10
腫瘍,疾患・病態,乳房,,線維腺腫,Jli6O2E,E-03-05-na-10
腫瘍,疾患・病態,乳房,,乳腺症,Jli6O2E,E-03-05-na-10
腫瘍,疾患・病態,内分泌・栄養・代謝系,,下垂体腫瘍,Jli6O2I,E-03-05-na-11
腫瘍,疾患・病態,内分泌・栄養・代謝系,甲状腺腫瘍,腺腫様甲状腺腫,Jli6O2I,E-03-05-na-11
腫瘍,疾患・病態,内分泌・栄養・代謝系,,甲状腺癌,Jli6O2I,E-03-05-na-11
腫瘍,疾患・病態,内分泌・栄養・代謝系,,褐色細胞腫,Jli6O2I,E-03-05-na-11
腫瘍,疾患・病態,内分泌・栄養・代謝系,,多発性内分泌腫瘍症,Jli6O2I,E-03-05-na-11
腫瘍,疾患・病態,眼・視覚系,,網膜芽細胞腫,Jli6O2Q,E-03-05-na-13
腫瘍,疾患・病態,耳鼻・咽喉・口腔系（頭頸部）,,舌癌,Jli6O2U,"E-03-05-na-14,E-03-05-na-12"
腫瘍,疾患・病態,耳鼻・咽喉・口腔系（頭頸部）,,咽頭癌,Jli6O2U,"E-03-05-na-14,E-03-05-na-12"
腫瘍,疾患・病態,耳鼻・咽喉・口腔系（頭頸部）,,喉頭癌,Jli6O2U,"E-03-05-na-14,E-03-05-na-12"
腫瘍,疾患・病態,小児,,脳腫瘍,Jli6O2c,E-03-05-na-05
腫瘍,疾患・病態,小児,,血液腫瘍,Jli6O2c,E-03-05-na-05
腫瘍,疾患・病態,小児,,網膜芽細胞腫,Jli6O2c,E-03-05-na-05
腫瘍,疾患・病態,小児,,神経芽腫,Jli6O2c,E-03-05-na-05
腫瘍,疾患・病態,小児,,腎芽腫,Jli6O2c,E-03-05-na-05
腫瘍,疾患・病態,小児,,肝芽腫,Jli6O2c,E-03-05-na-05
腫瘍,疾患・病態,小児,,奇形腫を含む胚細胞腫瘍,Jli6O2c,E-03-05-na-05
腫瘍,疾患・病態,遺伝性腫瘍,,家族性大腸腺腫症,Jli6O2k,
腫瘍,疾患・病態,遺伝性腫瘍,,遺伝性乳がん卵巣がん症候群,Jli6O2k,
腫瘍,疾患・病態,遺伝性腫瘍,,遺伝性非ポリポーシス性大腸癌（リンチ症候群）,Jli6O2k,
腫瘍,疾患・病態,遺伝性腫瘍,,Li-Fraumeni症候群,Jli6O2k,
腫瘍,疾患・病態,オンコロジーエマージェンシー,,脊髄圧迫,,
腫瘍,疾患・病態,オンコロジーエマージェンシー,,腫瘍崩壊,,
腫瘍,疾患・病態,オンコロジーエマージェンシー,,上大静脈症候群,,
腫瘍,疾患・病態,オンコロジーエマージェンシー,,代謝障害,,
腫瘍,疾患・病態,オンコロジーエマージェンシー,,治療の有害事象等,,
免疫・アレルギー,疾患・病態,膠原病,,成人スチル病,,
免疫・アレルギー,疾患・病態,膠原病,,若年性特発性関節炎（JIA）,,
免疫・アレルギー,疾患・病態,膠原病,,,,
