第2層,第3層,第4層,UID,H28対応項目,メモ,Unnamed: 6,Unnamed: 7
基礎医学,生命現象の科学,細胞の観察法を説明できる。,JkxnuHs,C-01-01-01-01,「細胞の観察ができる」のみでもよいか？(MY),,
基礎医学,生命現象の科学,細胞の全体像を図示できる。,JkxnuHw,C-01-01-01-02,,,
基礎医学,生命現象の科学,核とリボソーム、小胞体、ゴルジ体、リソソーム等の細胞内膜系、ミトコンドリア、葉緑体、細胞骨格の種類とその構造と機能を説明できる。,JkxnuH0,"C-01-01-01-03,C-01-01-01-04,C-01-01-01-05,C-01-01-01-06",修正済み・ワードファイルでは「外」細胞骨格の外を消しているように見えます（KY）,,
基礎医学,生命現象の科学,細胞膜の構造と機能、細胞同士の接着と結合様式を説明できる。,JkxnuH4,C-01-01-01-07,,,
基礎医学,生命現象の科学,原核細胞と真核細胞の特徴を説明できる。,JkxnuH8,C-01-01-01-08,,,
基礎医学,生命現象の科学,Mendelの法則、ミトコンドリア遺伝、インプリンティング及び多因子遺伝を説明できる。,JkxnuIA,C-01-01-02-01,,,
基礎医学,生命現象の科学,遺伝型と表現型の関係を説明できる。,JkxnuIE,C-01-01-02-02,,,
基礎医学,生命現象の科学,染色体の構造を概説し、ゲノムと染色体及び遺伝子の構造と関係性、体細胞分裂及び減数分裂における染色体の挙動を説明できる。,JkxnuII,C-01-01-02-03,,,
基礎医学,生命現象の科学,デオキシリボ核酸(deoxyribonucleic acid <DNA>)の複製と修復、デオキシリボ核酸<DNA>からリボ核酸(ribonucleic acid <RNA>)への転写、タンパク質合成に至る翻訳を含む遺伝情報の発現及び調節（セントラルドグマ）を説明できる。,JkxnuIM,"C-01-01-02-04,C-01-01-02-05,C-03-01-01-03",,,
基礎医学,生命現象の科学,染色体分析・DNA配列決定を含むゲノム解析技術を説明できる。,JkxnuIQ,C-01-01-02-06,修正済み・ワードファイルでは「説明できる」になっています。(KY),,
基礎医学,生命現象の科学,ゲノム編集技術 (CRISPR-Cas 9)とその応用について説明できる。,JkxnuIU,,新設,,
基礎医学,生命現象の科学,進化の基本的な考え方を説明できる。,JkxnuIY,C-01-02-01-01,,,
基礎医学,生命現象の科学,生物種とその系統関係を概説できる。,JkxnuIc,C-01-02-01-02,,,
基礎医学,生命現象の科学,アミノ酸配列や塩基配列の比較による分子系統樹を説明できる。,JkxnuIg,C-01-02-01-03,修正済み・ワードファイルでは「説明できる」になっています。(KY),,
基礎医学,個体の構成と機能,細胞内液・外液のイオン組成、および浸透圧と（静止）膜電位の形成機構を説明できる。,JkxnuIk,C-02-01-01-01,,,
基礎医学,個体の構成と機能,細胞膜のイオンチャネル、ポンプ、および膜を介する物質の能動・受動輸送過程を説明できる。,JkxnuIo,"C-02-01-01-02,C-02-01-01-03,C-02-01-01-04",修正済み・ワードファイルでは「説明できる」になっています。(KY),,
基礎医学,個体の構成と機能,活動電位の発生機構と伝導、シナプス（神経筋接合部を含む）の形態とシナプス伝達の機能（興奮性、抑制性）と可塑性を説明できる。,JkxnuIs,"C-02-03-02-01,C-02-03-02-02",,,
基礎医学,個体の構成と機能,情報伝達の種類と機能を説明できる。,JkxnuIw,C-02-03-01-01,,,
基礎医学,個体の構成と機能,受容体の種類・細胞内局在・機能、受容体による細胞内シグナル伝達過程を説明できる。,JkxnuI0,"C-02-03-01-02,C-02-03-01-03",,,
基礎医学,個体の構成と機能,液性因子による細胞間情報伝達（自己分泌、傍分泌、内分泌）を説明できる。,JkxnuI4,,新設,,
基礎医学,個体の構成と機能,細胞骨格を構成するタンパク質とその機能、アクチンフィラメント系による細胞運動を説明できる。,JkxnuI8,"C-02-01-02-01,C-02-01-02-02",,,
基礎医学,個体の構成と機能,細胞膜を介する分泌と吸収の過程と細胞内輸送システム、微小管の役割や機能を説明できる。,JkxnuJA,"C-02-01-02-03, C-02-01-02-04, C-02-01-02-05",新設でない,,
基礎医学,個体の構成と機能,軸索輸送、軸索の変性と再生を説明できる。,JkxnuJE,C-02-03-02-03,,,
基礎医学,個体の構成と機能,上皮組織と腺の構造と機能を説明できる。,JkxnuJI,C-02-02-01-01,,,
基礎医学,個体の構成と機能,支持組織を構成する細胞と細胞間質（線維成分と基質）を説明できる。,JkxnuJM,C-02-02-01-02,,,
基礎医学,個体の構成と機能,血管とリンパ管の微細構造と機能を説明できる。,JkxnuJQ,C-02-02-01-03,,,
基礎医学,個体の構成と機能,神経組織の微細構造を説明できる。,JkxnuJU,C-02-02-01-04,,,
基礎医学,個体の構成と機能,筋組織について、骨格筋、心筋、平滑筋の構造と機能を対比して説明できる。,JkxnuJY,C-02-02-01-05,,,
基礎医学,個体の構成と機能,組織の再生の機序を説明できる。,JkxnuJc,C-02-02-01-06,,,
基礎医学,個体の構成と機能,位置関係を方向用語（上下、前後、内・外側、浅深、頭・尾側、背・腹側、近位・遠位、内転・外転）で説明できる。,JkxnuJg,C-02-02-02-01,編集あり,,
基礎医学,個体の構成と機能,刺激に対する感覚受容の種類と機序を説明できる。,JkxnuJk,C-02-03-02-04,「個体の」と謳っているが、細胞の話からスタートして違和感があるので、冒頭の項目をC-2-1）に移動しました。(大場),,
基礎医学,個体の構成と機能,反射を説明できる。,JkxnuJo,C-02-03-02-05,,,
基礎医学,個体の構成と機能,生体の恒常性維持と適応、恒常性維持のための調節機構（フィードバック調節）を説明できる。,JkxnuJs,"C-02-03-04-01,C-02-03-04-02",,,
基礎医学,個体の構成と機能,生体機能や体内環境のリズム性変化を説明できる。,JkxnuJw,C-02-03-04-03,,,
基礎医学,個体の構成と機能,生体の恒常性維持における常在菌・腸内細菌と宿主との相互作用の重要性を説明できる。,JkxnuJ0,C-02-03-04-04,,,
基礎医学,個体の構成と機能,削除：運動生理学など、身体活動時の神経・骨格筋、循環器、呼吸器、代謝系の変化を説明できる。,JkxnuJ4,C-02-03-04-05,これらは生理学等でも学修します。しかし特に運動整理学は、Dで各系の機能を理解して初めて理解できる『全身に及ぶ生理的変化』すなわちEに適した項目と考えます。(大場),,
基礎医学,個体の構成と機能,配偶子の形成から出生に至る一連の経過と胚形成の全体像、胚内体腔の形成過程を説明できる。,JkxnuJ8,"C-02-04-na-01,C-02-04-na-07",,,
基礎医学,個体の構成と機能,体節の形成と分化、鰓弓・鰓嚢の分化と頭・頸部と顔面・口腔の形成過程を説明できる。,JkxnuKA,"C-02-04-na-02,C-02-04-na-08",,,
基礎医学,個体の構成と機能,体幹と四肢の骨格と筋、心血管系、泌尿生殖器系各器官の形成過程を説明できる。,JkxnuKE,"C-02-04-na-03,C-02-04-na-05,C-02-04-na-06",,,
基礎医学,個体の構成と機能,消化・呼吸器系各器官の形成過程を説明できる。,JkxnuKI,C-02-04-na-04,修正済み・ワードファイルでは「説明できる」になっています。（KY）,,
基礎医学,個体の構成と機能,神経管の分化と脳、脊髄、視覚器、平衡聴覚器と自律神経系、皮膚の形成過程を説明できる。,JkxnuKM,C-02-04-na-09,追記(MY)、修正済み・ワードファイルでは「説明できる」になっています。（KY）,,
基礎医学,個体の構成と機能,酵素の機能と調節を説明できる。,JkxnuKQ,,新設,,
基礎医学,個体の構成と機能,糖質の構造、代謝と調節、生理的意義を説明できる。（解糖、クエン酸回路、電子伝達系と酸化的リン酸化、グリコーゲン代謝、糖新生、五炭糖リン酸回路）,JkxnuKU,"C-02-05-na-01,C-02-05-na-02,C-02-05-na-03,C-02-05-na-04,C-02-05-na-05,C-02-05-na-06,C-02-05-na-07",,,
基礎医学,個体の構成と機能,タンパク質の構造、代謝と調節、生理的意義、ならびに主要なアミノ酸の代謝と尿素回路を説明できる。,JkxnuKY,"C-02-05-na-10,C-02-05-na-11",,,
基礎医学,個体の構成と機能,脂質の構造、代謝と調節、生理的意義、ならびに脂質の輸送を説明できる（リポタンパク質）。,JkxnuKc,"C-02-05-na-08,C-02-05-na-09",,,
基礎医学,個体の構成と機能,ヘム・ポルフィリンの代謝を説明できる。,JkxnuKg,C-02-05-na-12,,,
基礎医学,個体の構成と機能,ヌクレオチドの合成・異化・再利用経路を説明できる。,JkxnuKk,C-02-05-na-13,,,
基礎医学,個体の構成と機能,酸化ストレス（フリーラジカル、活性酸素）を説明できる。,JkxnuKo,C-02-05-na-14,編集あり,,
基礎医学,個体の構成と機能,ビタミン、微量元素の種類と作用を説明できる。,JkxnuKs,C-02-05-na-15,,,
基礎医学,個体の構成と機能,栄養素の相互変換とエネルギー代謝（エネルギーの定義、食品中のエネルギー値、エネルギー消費量、推定エネルギー必要量）を説明できる。,JkxnuKw,C-02-05-na-16,編集あり,,
基礎医学,個体の構成と機能,空腹（飢餓）時、食後（過食時）と運動時における代謝を説明できる。,JkxnuK0,,新設,,
基礎医学,個体の構成と機能,複合糖質、複合脂質について説明できる。,JkxnuK4,,新設,,
基礎医学,個体の反応,原核生物としての細菌の構造と機能の違いについて真核生物と比較して説明できる。,JkxnuK8,,新設,,
基礎医学,個体の反応,細菌の感染経路を分類し、細菌が疾病を引き起こす機序を説明できる。,JkxnuLA,"C-03-01-04-02,C-03-01-04-03",,,
基礎医学,個体の反応,細菌の産生するタンパク質性毒素、非タンパク質性毒素の作用機序を説明できる。,JkxnuLE,,新設,,
基礎医学,個体の反応,主なGram陽性球菌、Gram陽性桿菌、Gram陰性球菌、Gram陰性桿菌の細菌学的特徴、リスク因子、感染経路と病態を説明し、それが引き起こす疾患を列挙できる。,JkxnuLI,"C-03-01-04-04,C-03-01-04-06",,,
基礎医学,個体の反応,抗酸菌の細菌学的特徴、リスク因子、感染経路と病態を説明し、それが引き起こす疾患を列挙できる。,JkxnuLM,C-03-01-04-09,,,
基礎医学,個体の反応,らせん状細菌、マイコプラズマ、リケッチア、クラミジアの微生物学的特徴とそれが引き起こす疾患を列挙できる。,JkxnuLQ,C-03-01-04-11,,,
基礎医学,個体の反応,生体各部の細菌叢（マイクロバイオーム）の構成菌、細菌叢の機能について説明できる。,JkxnuLU,,新設,,
基礎医学,個体の反応,ウイルス粒子の構造と性状によりウイルスを分類できる。,JkxnuLY,C-03-01-01-02,,,
基礎医学,個体の反応,ウイルス感染の種特異性、組織特異性と吸着、侵入、複製、成熟と放出の各過程、ウイルス感染細胞に起こる変化を説明できる。,JkxnuLc,"C-03-01-01-04,C-03-01-01-05,C-03-01-01-06,C-03-01-01-07",,,
基礎医学,個体の反応,"主なDNAウイルス（2本鎖DNA, 1本鎖DNA、不完全1本鎖DNAウイルス）の特徴、リスク因子、感染経路と病態を説明し、これらのウイルスが引き起こす疾患名を列挙できる。",JkxnuLg,C-03-01-03-01,編集あり,,
基礎医学,個体の反応,"主なRNAウイルス（2本鎖RNA, 1本鎖(+)RNA, 1本鎖(-)RNAウイルス）の特徴、リスク因子、感染経路と病態を説明し、これらのウイルスが引き起こす疾患名を列挙できる。",JkxnuLk,C-03-01-03-02,,,
基礎医学,個体の反応,逆転写酵素を持つRNAウイルスの特徴、リスク因子、感染経路と病態を説明し、これらのウイルスが引き起こす疾患名を列挙できる。,JkxnuLo,C-03-01-03-03,新設でない,,
基礎医学,個体の反応,真菌（接合菌、子嚢菌、担子菌、不完全菌）の微生物学的特徴、リスク因子、感染経路と病態を説明し、それが引き起こす疾患を列挙できる。,JkxnuLs,C-03-01-04-10,,,
基礎医学,個体の反応,原虫類（寄生虫）の分類及び形態学的特徴、生活史、リスク因子、感染経路と病態、感染疫学的意義、寄生虫感染宿主の生体防御の特徴を説明できる。,JkxnuLw,"C-03-01-05-01,C-03-01-05-02,C-03-01-05-03","C-03-01-05-05は感染症に移動を検討,C-03-01-05-04,C-03-01-05-05は感染症に移動を検討",,
基礎医学,個体の反応,微生物の特性に応じた治療薬の作用機序について説明できる。,JkxnuL0,,新設、Eに移動？,,
基礎医学,個体の反応,微生物感染症に対するワクチンの原理、種類とそれに対する問題点を説明できる。,JkxnuL4,,新設、Eに移動？,,
基礎医学,個体の反応,人獣共通感染症の原因となる微生物について、その生活史、リスク因子、感染経路と病態、感染疫学的意義を説明できる。,JkxnuL8,,新設・↓ここから先は、E2領域に含むべき内容なのですが、今のところ入っていないのでとりあえず入れておきます。、Eに移動？,,
基礎医学,個体の反応,昆虫媒介性感染症の原因となる微生物について、その生活史、リスク因子、感染経路と病態、感染疫学的意義を説明できる。,JkxnuMA,,新設、Eに移動？,,
基礎医学,個体の反応,自然免疫と獲得免疫の抗原認識や作用の違いを、特異性、多様性、寛容、記憶の観点から説明できる。,JkxnuME,C-03-02-01-01,,,
基礎医学,個体の反応,免疫反応に関わる組織と細胞を説明できる。,JkxnuMI,C-03-02-01-02,,,
基礎医学,個体の反応,補体および自然免疫細胞が病原体により活性化し、炎症をおこす仕組みを説明できる。,JkxnuMQ,,新設,,
基礎医学,個体の反応,主要組織適合遺伝子複合体(major histocompatibility complex <MHC>)クラスIとクラスIIの基本構造と機能、抗原提示によるT細胞活性化の仕組みを説明できる。,JkxnuMU,C-03-02-02-01,,,
基礎医学,個体の反応,免疫グロブリンとT細胞抗原レセプターの構造と反応様式、免疫グロブリンとT細胞抗原レセプター遺伝子の構造と遺伝子再構成に基づき、多様性獲得の機構を説明できる。,JkxnuMY,"C-03-02-02-02,C-03-02-02-03",,,
基礎医学,個体の反応,ヘルパーT細胞(Th1 cell、Th2 cell、Th17 cell)、細胞傷害性T細胞(cytotoxic T lymphocyte <CTL>)、制御性T細胞(regulatory T cell <Treg>)それぞれが担当する生体防御反応を説明できる。,JkxnuMc,C-03-02-03-03,,,
基礎医学,個体の反応,"B細胞の活性化による抗体産生の機構、および抗体の役割を説明できる。
",JkxnuMg,,新設,,
基礎医学,個体の反応,"自然免疫系を構成する主な細胞とそれらの活性化機構（TLR受容体など）を説明できる。
",JkxnuMk,,新設,,
基礎医学,個体の反応,抗原提示細胞の種類と役割、抗原提示機構について説明できる。,JkxnuMo,,新設でない、C-03-02-01-02、73に統一？,,
基礎医学,個体の反応,ウイルス、細菌、真菌と寄生虫に対する免疫応答の特徴を説明できる。,JkxnuMs,C-03-02-04-01,,,
基礎医学,個体の反応,原発性免疫不全症と後天性免疫不全症候群<AIDS>を説明できる。,JkxnuMw,C-03-02-04-02,Eに移動？　修正済み・ワードファイルでは「説明できる」になっています。(KY),,
基礎医学,個体の反応,免疫寛容の維持機構とその破綻による自己免疫疾患の発症を説明できる。,JkxnuM0,"C-03-02-04-03,C-03-02-02-04",修正済み・ワードファイルでは「説明できる」になっています。(KY),,
基礎医学,個体の反応,アレルギー発症の機序を説明できる。,JkxnuM4,C-03-02-04-04,修正済み・ワードファイルでは「説明できる」になっています。(KY),,
基礎医学,個体の反応,癌免疫に関わる細胞性機序を説明できる。,JkxnuM8,C-03-02-04-05,修正済み・ワードファイルでは「説明できる」になっています。(KY),,
基礎医学,個体の反応,生体（あるいは生体群）の薬物・毒物反応性について、用量反応曲線を描き説明できる。,JkxnuNA,C-03-03-01-03,新設でない,,
基礎医学,個体の反応,薬物の受容体結合と薬理作用との関連性及び作動薬・拮抗薬を説明できる。,JkxnuNE,C-03-03-01-02,,,
基礎医学,個体の反応,薬物の投与経路と、その吸収、分布、代謝、排泄機構を説明できる。,JkxnuNI,C-03-03-02-01,,,
基礎医学,個体の反応,薬物の有害作用、薬物間相互作用を説明できる。,JkxnuNM,,新設,,
基礎医学,個体の反応,分子標的薬、バイオ医薬を説明できる。,JkxnuNQ,,新設,,
基礎医学,個体の反応,薬物開発のプロセスと、臨床試験における薬物の評価をを説明できる。,JkxnuNU,,新設,,
基礎医学,病因と病態,ゲノムの多様性に基づく個体の多様性を説明できる。,JkxnuNY,C-04-01-na-01,,,
基礎医学,病因と病態,単一遺伝子疾患、染色体異常による疾患、ミトコンドリア遺伝子の変異による疾患を挙げ、遺伝様式を含め説明できる。,JkxnuNc,"C-04-01-na-02,C-04-01-na-03,C-04-01-na-04",,,
基礎医学,病因と病態,多因子疾患における遺伝要因と環境要因の関係を説明できる。,JkxnuNg,"C-04-01-na-05,C-04-01-na-06",,,
基礎医学,病因と病態,薬剤の有効性や安全性とゲノムの多様性との関係を説明できる。,JkxnuNk,C-04-01-na-07,修正済み・ワードファイルでは「説明できる」になっています。(KY),,
基礎医学,病因と病態,ネクローシスとアポトーシスの違いを含め、細胞傷害・変性と細胞死の多様性、病因と意義を説明できる。,JkxnuNo,"C-04-02-na-01,C-04-02-na-03",,,
基礎医学,病因と病態,細胞傷害・変性と細胞死の細胞と組織の形態的変化の特徴を説明できる。,JkxnuNs,C-04-02-na-02,,,
基礎医学,病因と病態,糖代謝異常の病態を説明できる。,JkxnuNw,C-04-03-na-01,,,
基礎医学,病因と病態,タンパク質・アミノ酸代謝異常の病態を説明できる。,JkxnuN0,C-04-03-na-02,,,
基礎医学,病因と病態,脂質代謝異常の病態を説明できる。,JkxnuN4,C-04-03-na-03,,,
基礎医学,病因と病態,核酸・ヌクレオチド代謝異常の病態を説明できる。,JkxnuN8,C-04-03-na-04,,,
基礎医学,病因と病態,ビタミン、微量元素の代謝異常の病態を説明できる。,JkxnuOA,C-04-03-na-05,,,
基礎医学,病因と病態,メタボリックシンドロームの病態を説明できる。,JkxnuOE,C-04-03-na-06,,,
基礎医学,病因と病態,血行障害（阻血、低酸素血、充血、うっ血、出血）の違いとそれぞれの病因と病態、梗塞（血栓、塞栓）の種類と病態を説明できる。,JkxnuOI,"C-04-04-na-01,C-04-04-na-02",,,
基礎医学,病因と病態,ショック（アナフィラキシー、感染性（敗血症性）、神経原性、循環血液量減少性ショック（出血性、体液喪失）、心原性ショック（心筋性、機械性、不整脈）、閉塞性ショック（心タンポナーデ、肺塞栓症、緊張性気胸））を説明できる。,JkxnuOM,C-04-04-na-03,313に統合,,
基礎医学,病因と病態,血圧異常（高血圧、低血圧）を説明できる。,JkxnuOQ,C-04-04-na-04,,,
基礎医学,病因と病態,臓器不全（多臓器不全、サイトカインストーム、播種性血管内凝固症候群）を説明できる。,JkxnuOU,C-04-04-na-05,,,
基礎医学,病因と病態,炎症の定義を説明できる。,JkxnuOY,C-04-05-na-01,,,
基礎医学,病因と病態,炎症の分類、組織形態学的変化と経時的変化（局所的変化と全身的変化）を説明できる。,JkxnuOc,C-04-05-na-02,,,
基礎医学,病因と病態,炎症組織の治癒過程を説明できる。,JkxnuOg,C-04-05-na-04,修正済み・ワードファイルでは「説明できる」になっています。(KY),,
基礎医学,病因と病態,炎症とメタボリックシンドローム、動脈硬化、腫瘍、老化への関わりについて説明できる。,JkxnuOk,,新設、コアとして追加すべきか疑問,,
基礎医学,病因と病態,感染症による炎症性変化を説明できる。,JkxnuOo,C-04-05-na-03,,,
基礎医学,病因と病態,自律性の増殖と、良性腫瘍と悪性腫瘍の違いを説明できる。,JkxnuOs,C-04-06-na-01,,,
基礎医学,病因と病態,癌の原因や遺伝子変化を説明できる。,JkxnuOw,C-04-06-na-02,,,
基礎医学,病因と病態,腫瘍の分類、分化度、グレード、ステージを説明できる。,JkxnuO0,C-04-06-na-03,修正済み・ワードファイルでは「説明できる」になっています。(KY),,
基礎医学,病因と病態,用語（異形成、上皮内癌、進行癌、早期癌、異型性、多形性等）を説明できる。,JkxnuO4,C-04-06-na-04,「個別の癌は漢字で、それ以外はかなで記載。例）大腸癌、がん検診」とご意見を頂いております。（鋪野）,,
基礎医学,病因と病態,癌の病理診断と治療の関わりを説明できる。,JkxnuO8,C-04-06-na-05,修正済み・ワードファイルでは「説明できる」になっています。(KY),,
基礎医学,病因と病態,癌の転移を説明できる。,JkxnuPA,C-04-06-na-06,,,
基礎医学,病因と病態,癌の免疫系による排除機構を説明できる。,JkxnuPE,,新設・癌免疫、ゲノム診断は入れるべきと思います。(Michiyuki),,
基礎医学,病因と病態,削除：癌のゲノム診断を説明できる。,JkxnuPI,,新設、E（249）に統合,,
人体各器官の正常構造と機能、病態、診断、治療,血液・造血器・リンパ系,血液・造血器・リンパ系の構造と機能について基本的事項を説明できる。,JkxnuPM,"D-01-01-na-01,D-01-01-na-02,D-01-01-na-03,D-01-01-na-04,D-01-01-na-05,D-01-01-na-06,D-01-01-na-07,D-01-01-na-08",,,
人体各器官の正常構造と機能、病態、診断、治療,血液・造血器・リンパ系,血液・造血器・リンパ系でみられる症候について説明できる。,JkxnuPQ,"D-01-03-na-01,D-01-03-na-02, D-01-03-na-03, D-01-03-na-04, D-01-03-na-05, D-01-03-na-06, ,D-01-03-na-01,D-01-03-na-02, D-01-03-na-03, D-01-03-na-04, D-01-03-na-05, D-01-03-na-06, ,D-01-03-na-01,D-01-03-na-02, D-01-03-na-03, D-01-03-na-04, D-01-03-na-05, D-01-03-na-06, ,D-01-03-na-01,D-01-03-na-02, D-01-03-na-03, D-01-03-na-04, D-01-03-na-05, D-01-03-na-06, ,D-01-03-na-04, D-01-03-na-05,,D-01-03-na-04, D-01-03-na-05,,D-01-03-na-04, D-01-03-na-05,",,,
人体各器官の正常構造と機能、病態、診断、治療,血液・造血器・リンパ系,血液・造血器・リンパ系で行う検査方法について基本的事項を説明できる。,JkxnuPU,"D-01-02-na-01,なし,D-01-02-na-02,なし,D-01-02-na-02,なし",,,
人体各器官の正常構造と機能、病態、診断、治療,血液・造血器・リンパ系,血液・造血器・リンパ系疾患に特異的な治療法について基本的事項を説明できる。,JkxnuPY,"なし,なし",,,
人体各器官の正常構造と機能、病態、診断、治療,血液・造血器・リンパ系,血液・造血器・リンパ系の疾患・病態について病因、疫学、症候、主な検査・診断、治療法を説明できる。,JkxnuPc,"D-01-04-01-01, D-01-04-01-02, D-01-04-01-03, D-01-04-01-04, D-01-04-01-05,D-01-04-02-01, D-01-04-02-02, D-01-04-02-03, D-01-04-02-04, D-01-04-02-05, D-01-04-02-06, D-01-04-02-07,なし,D-01-04-04-01, D-01-04-04-02, D-01-04-04-03, D-01-04-04-04, D-01-04-04-05, D-01-04-04-06, D-01-04-04-07, D-01-04-04-08, D-01-04-04-09,なし",,,
人体各器官の正常構造と機能、病態、診断、治療,神経系,神経系の構造と機能について基本的事項を説明できる。,JkxnuPk,"D-02-01-01-01,D-02-01-01-02,D-02-01-01-03,D-02-01-01-04,D-02-01-01-05,D-02-01-02-01,D-02-01-02-02,D-02-01-02-03,D-02-01-03-01, D-02-01-03-03,D-02-01-03-02,D-02-01-04-01,D-02-01-04-02,D-02-01-04-03,D-02-01-05-01,D-02-01-05-02,D-02-01-05-03,D-02-01-06-01,D-02-01-06-02,D-02-01-07-01,D-02-01-07-02,D-02-01-07-03",,,
人体各器官の正常構造と機能、病態、診断、治療,神経系,神経系でみられる症候について説明できる。,JkxnuPo,"D-02-03-na-01, D-02-03-na-02, D-02-03-na-03, D-02-03-na-04, D-02-03-na-05,D-02-03-na-01, D-02-03-na-02, D-02-03-na-03, D-02-03-na-04, D-02-03-na-05,D-02-03-na-01, D-02-03-na-02, D-02-03-na-03, D-02-03-na-04, D-02-03-na-05,D-02-03-na-01, D-02-03-na-02, D-02-03-na-03, D-02-03-na-04, D-02-03-na-05,D-02-03-na-01, D-02-03-na-02, D-02-03-na-03, D-02-03-na-04, D-02-03-na-05,D-02-03-na-01, D-02-03-na-02, D-02-03-na-03, D-02-03-na-04, D-02-03-na-05,D-02-03-na-01, D-02-03-na-02, D-02-03-na-03, D-02-03-na-04, D-02-03-na-05,D-02-03-na-01, D-02-03-na-02, D-02-03-na-03, D-02-03-na-04, D-02-03-na-05,D-02-03-01-01, D-02-03-01-02, D-02-03-01-03, D-02-03-03-01, D-02-03-04-02, D-02-03-04-03,D-02-03-01-01, D-02-03-01-02, D-02-03-01-03, D-02-03-03-01, D-02-03-04-02, D-02-03-04-03,D-02-03-01-01, D-02-03-01-02, D-02-03-01-03, D-02-03-03-01, D-02-03-04-02, D-02-03-04-03,D-02-03-01-01, D-02-03-01-02, D-02-03-01-03, D-02-03-03-01, D-02-03-04-02, D-02-03-04-03,D-02-03-01-01, D-02-03-01-02, D-02-03-01-03, D-02-03-03-01, D-02-03-04-02, D-02-03-04-03,D-02-03-01-01, D-02-03-01-02, D-02-03-01-03, D-02-03-03-01, D-02-03-04-02, D-02-03-04-03",,,
人体各器官の正常構造と機能、病態、診断、治療,神経系,神経系で行う検査方法について基本的事項を説明できる。,JkxnuPs,"D-02-02-na-01,D-02-02-na-02",,,
人体各器官の正常構造と機能、病態、診断、治療,神経系,神経系疾患に特異的な治療法について基本的事項を説明できる。,JkxnuPw,D-02-04-01-02,,,
人体各器官の正常構造と機能、病態、診断、治療,神経系,神経系の疾患・病態について病因、疫学、症候、主な検査・診断、治療法を説明できる。,JkxnuP0,"D-02-04-01-01,D-02-04-03-01,D-02-04-03-02,D-02-04-02-01,D-02-04-02-02,D-02-04-02-03,D-02-04-02-04,D-02-04-02-05,D-02-04-05-01,D-02-04-05-02,D-02-04-05-03,D-02-04-05-04,D-02-04-06-01,D-02-04-06-02,D-02-04-06-03,D-02-04-07-01,D-02-04-08-01,D-02-04-04-02,D-02-04-04-03,D-02-04-09-01,D-02-04-09-02,D-02-04-10-01",,,
人体各器官の正常構造と機能、病態、診断、治療,皮膚系,皮膚系の構造と機能について基本的事項を説明できる。,JkxnuP4,"D-03-01-na-01,D-03-01-na-02,D-03-01-na-03",,,
人体各器官の正常構造と機能、病態、診断、治療,皮膚系,皮膚系でみられる症候について説明できる。,JkxnuP8,"D-03-03-na-01,D-03-03-na-01,D-03-03-na-01,D-03-03-na-01",,,
人体各器官の正常構造と機能、病態、診断、治療,皮膚系,皮膚系で行う検査方法について基本的事項を説明できる。,JkxnuQA,"D-03-02-na-01,D-03-02-na-02,D-03-02-na-03,",,,
人体各器官の正常構造と機能、病態、診断、治療,皮膚系,皮膚系疾患に特異的な治療法について基本的事項を説明できる。,JkxnuQE,",,",,,
人体各器官の正常構造と機能、病態、診断、治療,皮膚系,皮膚系の疾患・病態について病因、疫学、症候、主な検査・診断、治療法を説明できる。,JkxnuQI,"D-03-04-01-01, ,D-03-04-01-02,D-03-04-02-01,,D-03-04-02-02,,D-03-04-02-03.,,D-03-04-03-01,D-03-04-04-01, D-03-04-04-02,D-03-04-05-01, D-03-04-05-02, D-03-04-05-03,D-03-04-06-01,D-03-04-06-02,,D-03-04-07-01,D-03-04-07-02,D-03-04-07-03,D-03-04-07-04,D-03-04-07-05, D-03-04-07-06,D-03-04-08-01,D-03-04-09-01, D-03-04-09-02,,,",,,
人体各器官の正常構造と機能、病態、診断、治療,運動器（筋骨格）系,運動器（筋骨格）系の構造と機能について基本的事項を説明できる。,JkxnuQM,"D-04-01-na-01,D-04-01-na-02,D-04-01-na-03,D-04-01-na-04,D-04-01-na-05,D-04-01-na-06,D-04-01-na-07,D-04-01-na-08",,,
人体各器官の正常構造と機能、病態、診断、治療,運動器（筋骨格）系,運動器（筋骨格）系でみられる症候について説明できる。,JkxnuQQ,"D-04-03-na-01, D-04-03-na-02, D-04-03-na-03,D-04-03-na-01, D-04-03-na-02, D-04-03-na-03,D-04-03-na-01, D-04-03-na-02, D-04-03-na-03,D-04-03-na-01, D-04-03-na-02, D-04-03-na-03,D-04-03-na-01, D-04-03-na-02, D-04-03-na-03",,,
人体各器官の正常構造と機能、病態、診断、治療,運動器（筋骨格）系,運動器（筋骨格）系で行う検査方法について基本的事項を説明できる。,JkxnuQU,"D-04-02-na-01,D-04-02-na-02,",,,
人体各器官の正常構造と機能、病態、診断、治療,運動器（筋骨格）系,運動器（筋骨格）系疾患に特異的な治療法について基本的事項を説明できる。,JkxnuQY,"D-04-04-01-15,",,,
人体各器官の正常構造と機能、病態、診断、治療,運動器（筋骨格）系,運動器（筋骨格）系の疾患・病態について病因、疫学、症候、主な検査・診断、治療法を説明できる。,JkxnuQc,"D-04-04-01-01,D-04-04-01-02,,D-04-04-01-03,D-04-04-01-04,D-04-04-01-05,D-04-04-01-06,D-04-04-01-07,D-04-04-01-08,D-04-04-01-09,D-04-04-01-10,D-04-04-01-11,D-04-04-01-12,D-04-04-01-13,D-04-04-01-14,D-04-04-02-01,D-04-04-02-02,,,D-04-04-03-01, D-04-04-03-02, D-04-04-03-03",,,
人体各器官の正常構造と機能、病態、診断、治療,循環器系,循環器系の構造と機能について基本的事項を説明できる。,JkxnuQg,"D-05-01-na-01,D-05-01-na-02,D-05-01-na-03,D-05-01-na-04,D-05-01-na-05,D-05-01-na-06,D-05-01-na-07,D-05-01-na-08,D-05-01-na-09,D-05-01-na-10,D-05-01-na-11,D-05-01-na-12,D-05-01-na-13,D-05-01-na-14",,,
人体各器官の正常構造と機能、病態、診断、治療,循環器系,循環器系でみられる症候について説明できる。,JkxnuQk,"D-05-03-na-04, D-05-03-na-06, D-05-03-na-09, D-05-03-na-10, D-05-03-na-12, D-05-03-na-13, D-05-03-na-14, D-05-03-na-19,D-05-03-na-04, D-05-03-na-06, D-05-03-na-09, D-05-03-na-10, D-05-03-na-12, D-05-03-na-13, D-05-03-na-14, D-05-03-na-19,D-05-03-na-04, D-05-03-na-06, D-05-03-na-09, D-05-03-na-10, D-05-03-na-12, D-05-03-na-13, D-05-03-na-14, D-05-03-na-19,D-05-03-na-04, D-05-03-na-06, D-05-03-na-09, D-05-03-na-10, D-05-03-na-12, D-05-03-na-13, D-05-03-na-14, D-05-03-na-19,D-05-03-na-04, D-05-03-na-06, D-05-03-na-09, D-05-03-na-10, D-05-03-na-12, D-05-03-na-13, D-05-03-na-14, D-05-03-na-19,D-05-03-na-04, D-05-03-na-06, D-05-03-na-09, D-05-03-na-10, D-05-03-na-12, D-05-03-na-13, D-05-03-na-14, D-05-03-na-19,D-05-03-na-04, D-05-03-na-06, D-05-03-na-09, D-05-03-na-10, D-05-03-na-12, D-05-03-na-13, D-05-03-na-14, D-05-03-na-19,D-05-03-na-04, D-05-03-na-06, D-05-03-na-09, D-05-03-na-10, D-05-03-na-12, D-05-03-na-13, D-05-03-na-14, D-05-03-na-19,D-05-03-na-04, D-05-03-na-06, D-05-03-na-09, D-05-03-na-10, D-05-03-na-12, D-05-03-na-13, D-05-03-na-14, D-05-03-na-19,",,,
人体各器官の正常構造と機能、病態、診断、治療,循環器系,循環器系で行う検査方法について基本的事項を説明できる。,JkxnuQo,"D-05-02-na-01,D-05-02-na-03,D-05-02-na-02,D-05-02-na-04,D-05-02-na-05,D-05-02-na-06",,,
人体各器官の正常構造と機能、病態、診断、治療,循環器系,循環器系疾患に特異的な治療法について基本的事項を説明できる。,JkxnuQs,"D-05-04-02-06,D-05-04-03-05,D-05-04-01-04, D-05-04-02-06",,,
人体各器官の正常構造と機能、病態、診断、治療,循環器系,循環器系の疾患・病態について病因、疫学、症候、主な検査・診断、治療法を説明できる。,JkxnuQw,"D-05-04-01-01,D-05-04-01-02,D-05-04-01-03,,D-05-04-01-05,D-05-04-02-01,D-05-04-02-02,D-05-04-02-03,D-05-04-02-04,D-05-04-02-05,D-05-04-02-06,D-05-04-03-01,D-05-04-03-02,D-05-04-03-03,D-05-04-03-04, D-05-04-03-06,D-05-04-04-01,D-05-04-05-02,D-05-04-05-03,D-05-04-05-04,D-05-04-05-05,,D-05-04-05-06,D-05-04-06-01,D-05-04-07-01,D-05-04-07-02,D-05-04-07-03,D-05-04-07-04,D-05-04-07-05,D-05-04-08-01,D-05-04-08-02,D-05-04-08-03,D-05-04-08-04,D-05-04-09-01,D-05-04-09-02,D-05-04-09-04,D-05-04-10-02,D-05-04-11-01",,,
人体各器官の正常構造と機能、病態、診断、治療,呼吸器系,呼吸器系の構造と機能について基本的事項を説明できる。,JkxnuQ0,"D-06-01-na-01,D-06-01-na-02,D-06-01-na-03,D-06-01-na-04,D-06-01-na-05,D-06-01-na-06,D-06-01-na-07,D-06-01-na-08,D-06-01-na-09,D-06-01-na-10",,,
人体各器官の正常構造と機能、病態、診断、治療,呼吸器系,呼吸器系でみられる症候について説明できる。,JkxnuQ4,"D-06-03-02-01, D-06-03-02-02, D-06-03-02-03, D-06-03-02-04, D-06-03-02-05,D-06-03-02-01, D-06-03-02-02, D-06-03-02-03, D-06-03-02-04, D-06-03-02-05,D-06-03-02-01, D-06-03-02-02, D-06-03-02-03, D-06-03-02-04, D-06-03-02-05,D-06-03-02-01, D-06-03-02-02, D-06-03-02-03, D-06-03-02-04, D-06-03-02-05,D-06-03-01-01,D-06-04-01-01,D-06-04-01-02,D-06-03-01-01,D-06-04-01-01,D-06-04-01-02,D-06-03-01-01,D-06-04-01-01,D-06-04-01-02,D-06-03-01-01,D-06-04-01-01,D-06-04-01-02",,,
人体各器官の正常構造と機能、病態、診断、治療,呼吸器系,呼吸器系で行う検査方法について基本的事項を説明できる。,JkxnuQ8,"D-06-02-na-03,D-06-04-08-04,,D-06-02-na-01,D-06-02-na-02",,,
人体各器官の正常構造と機能、病態、診断、治療,呼吸器系,呼吸器系疾患に特異的な治療法について基本的事項を説明できる。,JkxnuRA,",,",,,
人体各器官の正常構造と機能、病態、診断、治療,呼吸器系,呼吸器系の疾患・病態について病因、疫学、症候、主な検査・診断、治療法を説明できる。,JkxnuRE,"D-06-04-01-01, D-06-04-01-02,D-06-04-02-01, D-06-04-02-02, D-06-04-02-03, D-06-04-02-04, D-06-04-02-05, D-06-04-02-06, D-06-04-02-07,D-06-04-03-01, D-06-04-03-02, D-06-04-03-03, D-06-04-03-04, D-06-04-03-05, D-06-04-03-06, D-06-04-03-07,D-06-04-04-01, D-06-04-04-02, D-06-04-04-03, D-06-04-04-04, ,D-06-04-05-01, D-06-04-05-02, D-06-04-05-03, D-06-04-05-04, ,D-06-04-06-01, D-06-04-06-02, D-06-04-06-03,D-06-04-07-01, D-06-04-07-02, D-06-04-07-03, D-06-04-07-04, D-06-04-07-05,D-06-04-08-01, D-06-04-08-02, D-06-04-08-03, D-06-04-08-04,,",,,
人体各器官の正常構造と機能、病態、診断、治療,消化器系,消化器系の構造と機能について基本的事項を説明できる。,JkxnuRI,"D-07-01-na-01,D-07-01-na-02,D-07-01-na-03,D-07-01-na-04,D-07-01-na-05,D-07-01-na-06,D-07-01-na-07,D-07-01-na-08,D-07-01-na-09,D-07-01-na-10,D-07-01-na-11,D-07-01-na-12,D-07-01-na-13,D-07-01-na-14,D-07-01-na-15",,,
人体各器官の正常構造と機能、病態、診断、治療,消化器系,消化器系でみられる症候について説明できる。,JkxnuRM,"D-07-03-02-01,D-07-03-02-02,D-07-03-02-03,D-07-03-02-04,D-07-03-02-05,D-07-03-02-06,D-07-03-02-07,D-07-03-02-01,D-07-03-02-02,D-07-03-02-03,D-07-03-02-04,D-07-03-02-05,D-07-03-02-06,D-07-03-02-07,D-07-03-02-01,D-07-03-02-02,D-07-03-02-03,D-07-03-02-04,D-07-03-02-05,D-07-03-02-06,D-07-03-02-07,D-07-03-02-01,D-07-03-02-02,D-07-03-02-03,D-07-03-02-04,D-07-03-02-05,D-07-03-02-06,D-07-03-02-07,D-07-03-02-01,D-07-03-02-02,D-07-03-02-03,D-07-03-02-04,D-07-03-02-05,D-07-03-02-06,D-07-03-02-07,D-07-03-02-01,D-07-03-02-02,D-07-03-02-03,D-07-03-02-04,D-07-03-02-05,D-07-03-02-06,D-07-03-02-07,D-07-03-02-01,D-07-03-02-02,D-07-03-02-03,D-07-03-02-04,D-07-03-02-05,D-07-03-02-06,D-07-03-02-07,D-07-03-02-01,D-07-03-02-02,D-07-03-02-03,D-07-03-02-04,D-07-03-02-05,D-07-03-02-06,D-07-03-02-07,D-07-03-02-01,D-07-03-02-02,D-07-03-02-03,D-07-03-02-04,D-07-03-02-05,D-07-03-02-06,D-07-03-02-07,D-07-03-01-01,D-07-03-01-02,D-07-03-01-01,D-07-03-01-02",,,
人体各器官の正常構造と機能、病態、診断、治療,消化器系,消化器系で行う検査方法について基本的事項を説明できる。,JkxnuRQ,"D-07-02-na-01,D-07-02-na-02,D-07-02-na-03,D-07-02-na-04,D-07-02-na-05",,,
人体各器官の正常構造と機能、病態、診断、治療,消化器系,消化器系疾患に特異的な治療法について基本的事項を説明できる。,JkxnuRU,",,",,,
人体各器官の正常構造と機能、病態、診断、治療,消化器系,消化器系の疾患・病態について病因、疫学、症候、主な検査・診断、治療法を説明できる。,JkxnuRY,"D-07-04-01-01,D-07-04-01-02, D-07-04-01-03,D-07-04-02-01, D-07-04-02-02, D-07-04-02-03, D-07-04-02-04, D-07-04-02-05, D-07-04-02-06, D-07-04-02-07, D-07-04-02-08,D-07-04-03-01, D-07-04-03-02, D-07-04-03-03, D-07-04-03-04, D-07-04-03-05, D-07-04-03-06, D-07-04-03-07, D-07-04-03-08, D-07-04-03-09,D-07-04-03-10,D-07-04-03-11,D-07-04-03-12,D-07-04-03-13,D-07-04-03-14,D-07-04-03-15,D-07-04-03-16,D-07-04-03-17,D-07-04-04-01,D-07-04-04-02,D-07-04-04-03,D-07-04-04-04,D-07-04-05-01,D-07-04-05-02,D-07-04-05-03,D-07-04-05-04,D-07-04-05-05,D-07-04-05-06,D-07-04-05-07,D-07-04-05-08,D-07-04-05-09,D-07-04-05-10,D-07-04-05-11, D-07-04-05-11,D-07-04-06-01,D-07-04-06-02,D-07-04-06-03,D-07-04-07-01,D-07-04-07-02,D-07-04-07-03,D-07-04-08-01,D-07-04-08-02,D-07-04-08-03,D-07-04-08-04,D-07-04-08-05,D-07-04-08-06,D-07-04-08-07,D-07-04-08-08,D-07-04-08-09,D-07-04-08-10,D-07-04-08-11,D-07-04-08-12",,,
人体各器官の正常構造と機能、病態、診断、治療,腎・尿路系（体液・電解質バランスを含む）,腎・尿路系の構造と機能について基本的事項を説明できる。,JkxnuRc,"D-08-01-na-01,D-08-01-na-02,D-08-01-na-03,D-08-01-na-04,D-08-01-na-05,D-08-01-na-06,D-08-01-na-07,D-08-01-na-08",,,
人体各器官の正常構造と機能、病態、診断、治療,腎・尿路系（体液・電解質バランスを含む）,腎・尿路系でみられる症候について説明できる。,JkxnuRg,",,,,,D-08-04-02-05",,,
人体各器官の正常構造と機能、病態、診断、治療,腎・尿路系（体液・電解質バランスを含む）,腎・尿路系で行う検査方法について基本的事項を説明できる。,JkxnuRk,"D-08-02-na-02,D-08-02-na-01,D-08-02-na-03,D-08-02-na-04",,,
人体各器官の正常構造と機能、病態、診断、治療,腎・尿路系（体液・電解質バランスを含む）,腎・尿路系疾患に特異的な治療法について基本的事項を説明できる。,JkxnuRo,D-08-04-01-06,,,
人体各器官の正常構造と機能、病態、診断、治療,腎・尿路系（体液・電解質バランスを含む）,腎・尿路系の疾患・病態について病因、疫学、症候、主な検査・診断、治療法を説明できる。,JkxnuRs,"D-08-04-01-01,D-08-04-01-02, D-08-04-01-03, D-08-04-01-04, D-08-04-01-05, ,D-08-03-01-01,D-08-03-01-02,D-08-03-01-03,D-08-03-01-04,D-08-04-09-01, D-08-04-09-02,D-08-04-02-01, D-08-04-02-02, D-08-04-02-03,D-08-04-03-01, D-08-04-03-02,D-08-04-04-01, D-08-04-05-01, D-08-04-05-02,D-08-04-06-01, D-08-04-06-02, D-08-04-06-03, D-08-04-06-04,. D-08-04-06-05,D-08-04-07-01, D-08-04-07-02,D-08-04-08-01, D-08-04-08-02, D-08-04-08-03,D-08-04-09-01, D-08-04-09-02",,,
人体各器官の正常構造と機能、病態、診断、治療,生殖機能,生殖機能の構造と機能について基本的事項を説明できる。,JkxnuRw,"D-09-01-na-01,D-09-01-na-02,D-09-01-na-03,D-09-01-na-04,D-09-01-na-05,D-09-01-na-06,D-09-01-na-07,D-09-01-na-08,D-09-01-na-09",,,
人体各器官の正常構造と機能、病態、診断、治療,生殖機能,生殖機能でみられる症候について説明できる。,JkxnuR0,"D-09-03-02-01,D-09-03-02-02,D-09-03-02-04,D-09-03-02-01,D-09-03-02-02,D-09-03-02-04,D-09-03-02-01,D-09-03-02-02,D-09-03-02-04,D-09-03-02-01,D-09-03-02-02,D-09-03-02-04,D-09-03-02-01,D-09-03-02-02,D-09-03-02-04,D-09-03-02-01,D-09-03-02-02,D-09-03-02-04,D-09-03-01-01,D-09-03-01-02, D-09-03-02-03、D-09-03-03-01,D-09-03-04-01,D-09-03-04-05,D-09-03-01-01,D-09-03-01-02, D-09-03-02-03、D-09-03-03-01,D-09-03-04-01,D-09-03-04-05,D-09-03-01-01,D-09-03-01-02, D-09-03-02-03、D-09-03-03-01,D-09-03-04-01,D-09-03-04-05,D-09-03-01-01,D-09-03-01-02, D-09-03-02-03、D-09-03-03-01,D-09-03-04-01,D-09-03-04-05,D-09-03-01-01,D-09-03-01-02, D-09-03-02-03、D-09-03-03-01,D-09-03-04-01,D-09-03-04-05,D-09-03-01-01,D-09-03-01-02, D-09-03-02-03、D-09-03-03-01,D-09-03-04-01,D-09-03-04-05,D-09-03-01-01,D-09-03-01-02, D-09-03-02-03、D-09-03-03-01,D-09-03-04-01,D-09-03-04-05,D-09-03-01-01,D-09-03-01-02, D-09-03-02-03、D-09-03-03-01,D-09-03-04-01,D-09-03-04-05,D-09-03-01-01,D-09-03-01-02, D-09-03-02-03、D-09-03-03-01,D-09-03-04-01,D-09-03-04-05",,,
人体各器官の正常構造と機能、病態、診断、治療,生殖機能,生殖機能で行う検査方法について基本的事項を説明できる。,JkxnuR4,"D-09-02-01-01,D-09-02-02-01,D-09-02-02-02,D-09-02-02-03,D-09-02-02-04",,,
人体各器官の正常構造と機能、病態、診断、治療,生殖機能,生殖機能に関する疾患に特異的な治療法について基本的事項を説明できる。,JkxnuR8,,,,
人体各器官の正常構造と機能、病態、診断、治療,生殖機能,生殖機能に関する疾患・病態について病因、疫学、症候、主な検査・診断、治療法を説明できる。,JkxnuSA,"D-09-04-01-01,D-09-04-01-02,D-09-04-01-03,D-09-04-02-01,D-09-04-02-02,D-09-04-02-03,D-09-04-02-04,D-09-04-02-05,D-09-04-02-06,D-09-04-03-01,D-09-04-03-02,D-09-04-03-03,D-09-04-03-04,D-09-04-03-05",,,
人体各器官の正常構造と機能、病態、診断、治療,妊娠と分娩,妊娠と分娩に関する構造と機能について基本的事項を説明できる。,JkxnuSE,"D-10-03-na-01,D-10-03-na-02,D-10-03-na-03,D-10-01-na-02,D-10-03-na-04,D-10-03-na-05,D-10-03-na-06, D-10-03-na-07",,,
人体各器官の正常構造と機能、病態、診断、治療,妊娠と分娩,妊娠と分娩でみられる症候について説明できる。,JkxnuSI,"D-10-02-na-01,D-10-02-na-02,D-10-02-na-03,D-10-02-na-01,D-10-02-na-02,D-10-02-na-03,D-10-02-na-01,D-10-02-na-02,D-10-02-na-03,F-01-30-na-01,F-01-30-na-02,F-01-30-na-03, G-02-30-na-01,G-02-30-na-02,G-02-30-na-03,G-02-30-na-04,G-02-30-na-05,F-01-30-na-01,F-01-30-na-02,F-01-30-na-03, G-02-30-na-01,G-02-30-na-02,G-02-30-na-03,G-02-30-na-04,G-02-30-na-05",,,
人体各器官の正常構造と機能、病態、診断、治療,妊娠と分娩,妊娠と分娩で行う検査方法について基本的事項を説明できる。,JkxnuSM,"D-10-01-na-01,D-10-01-na-04,D-10-01-na-03",,,
人体各器官の正常構造と機能、病態、診断、治療,妊娠と分娩,妊娠と分娩に特異的な治療法について基本的事項を説明できる。,JkxnuSQ,",D-10-03-na-08",,,
人体各器官の正常構造と機能、病態、診断、治療,妊娠と分娩,妊娠と分娩に関する疾患・病態について病因、疫学、症候、主な検査・診断、治療法を説明できる。,JkxnuSU,"D-10-04-na-01,D-10-04-na-02,D-10-04-na-03,D-10-04-na-04,D-10-04-na-05",,,
人体各器官の正常構造と機能、病態、診断、治療,乳房,乳房の構造と機能について基本的事項を説明できる。,JkxnuSY,"D-11-01-na-01,D-11-01-na-02,D-11-01-na-03",,,
人体各器官の正常構造と機能、病態、診断、治療,乳房,乳房でみられる症候について説明できる。,JkxnuSc,"D-11-03-na-01,D-11-04-01-02,D-11-03-na-01,D-11-04-01-02,D-11-03-na-01,D-11-04-01-02,D-11-03-na-01,D-11-04-01-02",,,
人体各器官の正常構造と機能、病態、診断、治療,乳房,乳房に関して行う検査方法について基本的事項を説明できる。,JkxnuSg,"D-11-02-na-01,D-11-02-na-02",,,
人体各器官の正常構造と機能、病態、診断、治療,乳房,乳房疾患に特異的な治療法について基本的事項を説明できる。,JkxnuSk,,,,
人体各器官の正常構造と機能、病態、診断、治療,乳房,乳房に関する疾患・病態について病因、疫学、症候、主な検査・診断、治療法を説明できる。,JkxnuSs,"D-11-04-01-01,",,,
人体各器官の正常構造と機能、病態、診断、治療,内分泌・栄養・代謝系,内分泌・栄養・代謝系の構造と機能について基本的事項を説明できる。,JkxnuSw,"D-12-01-na-01,D-12-01-na-03,D-12-01-na-04,D-12-01-na-05,D-12-01-na-06,D-12-01-na-07,D-12-01-na-08,D-12-01-na-09,D-12-02-na-02,D-12-02-na-03",,,
人体各器官の正常構造と機能、病態、診断、治療,内分泌・栄養・代謝系,内分泌・栄養・代謝系でみられる症候について説明できる。,JkxnuS0,",,,,,,",,,
人体各器官の正常構造と機能、病態、診断、治療,内分泌・栄養・代謝系,内分泌・栄養・代謝系で行う検査方法について基本的事項を説明できる。,JkxnuS4,",",,,
人体各器官の正常構造と機能、病態、診断、治療,内分泌・栄養・代謝系,内分泌・栄養・代謝系疾患に特異的な治療法について基本的事項を説明できる。,JkxnuS8,,,,
人体各器官の正常構造と機能、病態、診断、治療,内分泌・栄養・代謝系,内分泌・栄養・代謝系の疾患・病態について病因、疫学、症候、主な検査・診断、治療法を説明できる。,JkxnuTA,"D-12-04-01-01,D-12-04-01-02, D-12-04-01-03, D-12-04-01-04, D-12-04-01-06, D-12-04-01-07,D-12-04-02-01, D-12-04-02-02, D-12-04-02-03,D-12-04-03-01,D-12-04-03-02,D-12-04-03-03,D-12-04-03-04,D-12-04-04-01, D-12-04-04-02, D-12-04-04-03,D-12-04-05-01, D-12-04-05-02, D-12-04-05-03, D-12-04-05-04, D-12-04-05-05,D-12-04-06-01,D-12-04-06-02,D-12-04-07-01,D-12-04-07-02,D-12-04-08-01,D-12-04-09-01,D-12-04-09-02,D-12-04-09-03,D-12-04-01-05, D-12-04-04-04,D-12-04-10-01,D-12-04-10-02,D-12-04-10-03",,,
人体各器官の正常構造と機能、病態、診断、治療,眼・視覚系,眼・視覚系の構造と機能について基本的事項を説明できる。,JkxnuTE,"D-13-01-na-01,D-13-01-na-02,D-13-01-na-03,D-13-01-na-04",,,
人体各器官の正常構造と機能、病態、診断、治療,眼・視覚系,眼・視覚系でみられる症候について説明できる。,JkxnuTI,"D-13-03-02-01,D-13-03-02-02,D-13-03-02-03,D-13-03-02-01,D-13-03-02-02,D-13-03-02-03,D-13-03-02-01,D-13-03-02-02,D-13-03-02-03,D-13-03-01-01,D-13-03-01-01,D-13-03-01-01,D-13-03-01-01,D-13-03-01-01,D-13-03-01-01",,,
人体各器官の正常構造と機能、病態、診断、治療,眼・視覚系,眼・視覚系で行う検査方法について基本的事項を説明できる。,JkxnuTM,"D-13-02-na-01,D-13-02-na-01,D-13-02-na-01,D-13-02-na-01,D-13-02-na-01",,,
人体各器官の正常構造と機能、病態、診断、治療,眼・視覚系,眼・視覚系疾患に特異的な治療法について基本的事項を説明できる。,JkxnuTQ,,,,
人体各器官の正常構造と機能、病態、診断、治療,眼・視覚系,眼・視覚系の疾患・病態について病因、疫学、症候、主な検査・診断、治療法を説明できる。,JkxnuTU,"D-13-04-01-01,D-13-04-01-02,,D-13-04-01-03,D-13-04-01-04,D-13-04-01-05,,D-13-04-01-06,D-13-04-01-07,D-13-04-01-08,D-13-04-01-09,D-13-04-01-10,D-13-04-02-01",,,
人体各器官の正常構造と機能、病態、診断、治療,耳鼻・咽喉・口腔系,耳鼻・咽喉・口腔系の構造と機能について基本的事項を説明できる。,JkxnuTY,"D-14-01-na-01,D-14-01-na-02,D-14-01-na-03,D-14-01-na-04,D-14-01-na-05,D-14-01-na-06",,,
人体各器官の正常構造と機能、病態、診断、治療,耳鼻・咽喉・口腔系,耳鼻・咽喉・口腔系でみられる症候について説明できる。,JkxnuTc,"D-14-02-na-01, D-14-02-na-02,D-14-02-na-01, D-14-02-na-02,D-14-03-01-01,D-14-03-01-01,D-14-03-01-01,D-14-03-01-01,D-14-03-01-01,D-14-03-01-01,D-14-03-01-01,D-14-03-01-01,D-14-03-01-01,D-14-03-01-01,D-14-03-01-01,D-14-03-01-01,D-14-03-01-01,D-14-03-01-01",,,
人体各器官の正常構造と機能、病態、診断、治療,耳鼻・咽喉・口腔系,耳鼻・咽喉・口腔系で行う検査方法について基本的事項を説明できる。,JkxnuTg,"D-14-02-na-01,D-14-02-na-02,",,,
人体各器官の正常構造と機能、病態、診断、治療,耳鼻・咽喉・口腔系,耳鼻・咽喉・口腔系疾患に特異的な治療法について基本的事項を説明できる。,JkxnuTk,",D-14-04-01-10",,,
人体各器官の正常構造と機能、病態、診断、治療,耳鼻・咽喉・口腔系,耳鼻・咽喉・口腔系の疾患・病態について病因、疫学、症候、主な検査・診断、治療法を説明できる。,JkxnuTo,"D-14-04-01-01,,D-14-04-01-02,D-14-04-01-03,D-14-04-01-04,,D-14-04-01-05,D-14-04-01-06,D-14-04-01-07,D-14-04-01-08,D-14-04-01-09,D-14-04-01-10,D-14-04-01-11,D-14-04-01-12,,,,,,D-14-04-02-01, D-14-04-02-02",,,
人体各器官の正常構造と機能、病態、診断、治療,精神系,精神系の構造と機能について基本的事項を説明できる。,JkxnuTs,,,,
人体各器官の正常構造と機能、病態、診断、治療,精神系,精神系でみられる症候について説明できる。,JkxnuTw,"D-15-02-na-02,D-15-02-na-02,D-15-02-na-02,D-15-02-na-01, D-15-02-na-02, D-15-02-na-03,D-15-02-na-01, D-15-02-na-02, D-15-02-na-03,D-15-02-na-01, D-15-02-na-02, D-15-02-na-03",,,
人体各器官の正常構造と機能、病態、診断、治療,精神系,精神系で行う検査方法について基本的事項を説明できる。,JkxnuT0,"D-15-01-na-05,,,,,,,,D-15-01-na-02",,,
人体各器官の正常構造と機能、病態、診断、治療,精神系,精神系疾患に特異的な治療法について基本的事項を説明できる。,JkxnuT4,"D-15-01-na-01,D-15-01-na-03,D-15-01-na-04",,,
人体各器官の正常構造と機能、病態、診断、治療,精神系,精神系の疾患・病態について病因、疫学、症候、主な検査・診断、治療法を説明できる。,JkxnuT8,"D-15-03-na-02,D-15-03-na-01,D-15-03-na-03,D-15-03-na-05, D-15-03-na-06,D-15-03-na-04,,D-15-03-na-07,D-15-03-na-09,D-15-03-na-07, D-15-03-na-08,D-15-03-na-08,D-15-03-na-10",,,
全身に及ぶ生理的変化、病態、診断、治療,遺伝医療・ゲノム医療,集団遺伝学の基礎としてHardy-Weinbergの法則を説明できる。,JkxnuUA,E-01-01-na-01,,,
全身に及ぶ生理的変化、病態、診断、治療,遺伝医療・ゲノム医療,家系図を作成、評価（Bayesの定理、リスク評価）できる。,JkxnuUE,E-01-01-na-02,,,
全身に及ぶ生理的変化、病態、診断、治療,遺伝医療・ゲノム医療,生殖細胞系列変異と体細胞変異の違い、遺伝学的検査の目的と意義を説明できる。,JkxnuUI,E-01-01-na-03,,説明できる　に統一しました（江頭）,
全身に及ぶ生理的変化、病態、診断、治療,遺伝医療・ゲノム医療,遺伝情報の特性（不変性、予見性、共有性）を説明できる。,JkxnuUM,E-01-01-na-04,,,
全身に及ぶ生理的変化、病態、診断、治療,遺伝医療・ゲノム医療,遺伝カウンセリングの意義と方法を説明できる。,JkxnuUQ,E-01-01-na-05,,,
全身に及ぶ生理的変化、病態、診断、治療,遺伝医療・ゲノム医療,遺伝医療における倫理的・法的・社会的配慮を説明できる。,JkxnuUU,E-01-01-na-06,,,
全身に及ぶ生理的変化、病態、診断、治療,遺伝医療・ゲノム医療,遺伝医学関連情報にアクセスすることができる。,JkxnuUY,E-01-01-na-07,,,
全身に及ぶ生理的変化、病態、診断、治療,遺伝医療・ゲノム医療,遺伝情報に基づく治療や予防をはじめとする適切な対処法を概説できる。,JkxnuUc,E-01-01-na-08,,,
全身に及ぶ生理的変化、病態、診断、治療,感染症,代表的な市中感染症の原因微生物を説明できる。例 髄膜脳炎、咽頭炎、中耳炎、血流感染・感染性心内膜炎、肺炎、腹腔内感染、膀胱炎・腎盂腎炎、皮膚軟部組織感染、関節炎　など,JkxnuUg,E-02-01-na-02,"編集あり,E-02-01-na-02は4項目に分割(校正者)",　　以下、赤色の「理解し説明できる」を　「説明できる」に統一（矢野）,
全身に及ぶ生理的変化、病態、診断、治療,感染症,代表的な医療関連感染（血管内留置カテーテル関連感染、尿路カテーテル感染、医療関連肺炎・人工呼吸器関連肺炎、手術部位感染、クロストリディオイデス・ディフィシル感染）の原因微生物を説明できる。,JkxnuUk,"E-02-01-na-02,E-02-01-na-03","編集あり,E-02-01-na-02は4項目に分割(校正者)",　　以下、赤色の「理解し説明できる」を　「説明できる」に統一（矢野）,
全身に及ぶ生理的変化、病態、診断、治療,感染症,"代表的な免疫不全（糖尿病、腎臓病、肝臓病、がん・血液疾患、好中球減少、免疫抑制薬使用中、HIV/AIDS, 臓器移植等）患者の罹患しやすい微生物について説明できる。",JkxnuUo,E-02-01-na-06,編集あり,,
全身に及ぶ生理的変化、病態、診断、治療,感染症,薬剤耐性 (AMR)の現状と代表的な薬剤耐性菌について理解し、抗菌薬適正使用などの予防策を説明できる。例 メチシリン耐性黄色ブドウ球菌(MRSA),JkxnuUs,E-02-01-na-04,編集あり,,
全身に及ぶ生理的変化、病態、診断、治療,感染症,患者（宿主）、感染臓器・部位、原因微生物の関係を説明できる。,JkxnuUw,E-02-01-na-05,"編集あり,E-02-01-na-05?(校正者)",,
全身に及ぶ生理的変化、病態、診断、治療,感染症,代表的な市中感染症のリスク因子、感染経路・侵入門戸、病態生理を説明できる。例 髄膜脳炎、咽頭炎、中耳炎、血流感染・感染性心内膜炎、肺炎、腹腔内感染、膀胱炎・腎盂腎炎、皮膚軟部組織感染、関節炎　など,JkxnuU0,E-02-01-na-02,"編集あり,E-02-01-na-02は4項目に分割(校正者)",,
全身に及ぶ生理的変化、病態、診断、治療,感染症,代表的な医療関連感染（血管内留置カテーテル関連感染、尿路カテーテル感染、医療関連肺炎・人工呼吸器関連肺炎、手術部位感染、クロストリディオイデス・ディフィシル感染）のリスク因子、感染経路・侵入門戸、病態生理を理解し説明できる。,JkxnuU4,"E-02-01-na-02,E-02-01-na-03","編集あり,E-02-01-na-02は4項目に分割(校正者)",,
全身に及ぶ生理的変化、病態、診断、治療,感染症,敗血症（sepsis）と血流感染の相違を理解し、病態を説明できる。,JkxnuU8,,"新設,E-02-01-na-01と関連?(校正者)",,
全身に及ぶ生理的変化、病態、診断、治療,感染症,新興感染症についてその感染経路を理解し、必要な感染対策について説明できる。,JkxnuVA,E-02-01-na-07,編集あり,,
全身に及ぶ生理的変化、病態、診断、治療,感染症,医療面接（病歴）と身体所見から感染臓器と原因微生物を想定し説明できる。,JkxnuVE,E-02-02-na-01,"編集あり,E-02-02-na-01は2項目に分割(校正者)",,
全身に及ぶ生理的変化、病態、診断、治療,感染症,医療面接と身体診察から想定した原因微生物の診断方法を説明できる。,JkxnuVI,E-02-02-na-01,"編集あり,E-02-02-na-01は2項目に分割(校正者)",,
全身に及ぶ生理的変化、病態、診断、治療,感染症,発熱患者への基本検査（血液培養2セット、尿検査・尿培養、胸部X線）を説明できる。,JkxnuVM,,新設,,
全身に及ぶ生理的変化、病態、診断、治療,感染症,抗菌薬投与の原則（抗菌薬投与前に培養検体を提出する、微生物と臓器による標準薬を選択し投与期間を設定する）を説明できる。,JkxnuVQ,,"新設,E-02-02-na-06と関連?(校正者)",,
全身に及ぶ生理的変化、病態、診断、治療,感染症,抗菌薬の初期治療（エンピリック治療）について説明できる。,JkxnuVU,,"新設,E-02-02-na-06と関連?(校正者)",,
全身に及ぶ生理的変化、病態、診断、治療,感染症,抗菌薬の最適治療（標的治療）について説明できる。,JkxnuVY,,"新設,E-02-02-na-06と関連?(校正者)",,
全身に及ぶ生理的変化、病態、診断、治療,感染症,ワクチン予防可能な疾患について説明できる。例　麻疹、風疹、ムンプス、水痘、B型肝炎、インフルエンザ菌、肺炎球菌、破傷風ジフテリア、インフルエンザ、新型コロナウイルスなど,JkxnuVc,E-02-02-na-07,編集あり,,
全身に及ぶ生理的変化、病態、診断、治療,感染症,職業感染対策(ワクチン接種、針刺切創・体液曝露、結核曝露等)について説明できる。,JkxnuVg,E-02-04-05-02,E-02-04-05-02は分割(校正者),,
全身に及ぶ生理的変化、病態、診断、治療,感染症,標準予防策(standard precautions)、感染経路別予防策（飛沫感染予防策、接触感染予防策や空気感染予防策等）が必要となる病原微生物、患者から医療従事者への病原微生物曝露を防ぐための個人防護具、予防接種等、医療従事者の体液曝露後の感染予防策を説明できる。,JkxnuVo,"E-02-04-05-01,E-02-04-05-02,E-02-04-05-03",E-02-04-05-02は分割(校正者),,
全身に及ぶ生理的変化、病態、診断、治療,感染症,ショック,JkxnuVs,E-02-03-na-01,症候をまとめるかセルに入れるか統一した方が良いと思います。（KY）,,
全身に及ぶ生理的変化、病態、診断、治療,感染症,発熱・高体温,JkxnuVw,E-02-03-na-02,編集あり,,
全身に及ぶ生理的変化、病態、診断、治療,感染症,けいれん,JkxnuV0,E-02-03-na-03,,,
全身に及ぶ生理的変化、病態、診断、治療,感染症,意識障害・失神,JkxnuV4,E-02-03-na-04,,,
全身に及ぶ生理的変化、病態、診断、治療,感染症,脱水,JkxnuV8,E-02-03-na-05,,,
全身に及ぶ生理的変化、病態、診断、治療,感染症,全身倦怠感,JkxnuWA,E-02-03-na-06,,,
全身に及ぶ生理的変化、病態、診断、治療,感染症,黄疸,JkxnuWE,E-02-03-na-07,,,
全身に及ぶ生理的変化、病態、診断、治療,感染症,発疹,JkxnuWI,E-02-03-na-08,,,
全身に及ぶ生理的変化、病態、診断、治療,感染症,リンパ節腫脹,JkxnuWM,E-02-03-na-09,,,
全身に及ぶ生理的変化、病態、診断、治療,感染症,浮腫,JkxnuWQ,E-02-03-na-10,,,
全身に及ぶ生理的変化、病態、診断、治療,感染症,胸水,JkxnuWU,E-02-03-na-11,,,
全身に及ぶ生理的変化、病態、診断、治療,感染症,胸痛・胸部圧迫感,JkxnuWY,E-02-03-na-12,,,
全身に及ぶ生理的変化、病態、診断、治療,感染症,呼吸困難・息切れ,JkxnuWc,E-02-03-na-13,,,
全身に及ぶ生理的変化、病態、診断、治療,感染症,咳・痰,JkxnuWg,E-02-03-na-14,,,
全身に及ぶ生理的変化、病態、診断、治療,感染症,血痰・喀血,JkxnuWk,E-02-03-na-15,,,
全身に及ぶ生理的変化、病態、診断、治療,感染症,頭痛・頭重感,JkxnuWo,E-02-03-na-16,,,
全身に及ぶ生理的変化、病態、診断、治療,感染症,腹痛,JkxnuWs,E-02-03-na-17,,,
全身に及ぶ生理的変化、病態、診断、治療,感染症,悪心・嘔吐,JkxnuWw,E-02-03-na-18,編集あり,,
全身に及ぶ生理的変化、病態、診断、治療,感染症,便秘・下痢・血便,JkxnuW0,E-02-03-na-19,,,
全身に及ぶ生理的変化、病態、診断、治療,感染症,吐血・下血,JkxnuW4,E-02-03-na-20,,,
全身に及ぶ生理的変化、病態、診断、治療,感染症,血尿・タンパク尿,JkxnuW8,E-02-03-na-21,,,
全身に及ぶ生理的変化、病態、診断、治療,感染症,関節痛・関節腫脹,JkxnuXA,E-02-03-na-22,編集あり,,
全身に及ぶ生理的変化、病態、診断、治療,感染症,腰背部痛,JkxnuXE,E-02-03-na-23,,,
全身に及ぶ生理的変化、病態、診断、治療,感染症,咽頭痛,JkxnuXI,,新設,,
全身に及ぶ生理的変化、病態、診断、治療,腫瘍,腫瘍の定義とその特性について、ゲノム異常や分子機構とともに説明できる,JkxnuXM,E-03-01-na-01,編集あり　講義で現状でも教えられている内容です(校正者),,
全身に及ぶ生理的変化、病態、診断、治療,腫瘍,我が国及び世界における各腫瘍の頻度などについて説明できる,JkxnuXQ,,"新設,編集あり(校正者)",,
全身に及ぶ生理的変化、病態、診断、治療,腫瘍,腫瘍性疾患発症の遺伝的素因・基礎疾患・感染症・環境生活習慣などのリスク因子や、腫瘍の予防・健診について説明できる,JkxnuXU,,"新設,編集あり(校正者)",,
全身に及ぶ生理的変化、病態、診断、治療,腫瘍,腫瘍マーカー、バイオマーカー、がん遺伝子パネル検査など腫瘍に特化した検査とその所見を説明できる,JkxnuXY,E-03-02-na-01,"編集あり,編集あり(校正者)",ゲノム医療は保険適応の検査という形でここに追加しました。他の項目でも包含する記載が追加されています。DK,
全身に及ぶ生理的変化、病態、診断、治療,腫瘍,腫瘍の内視鏡検査・画像検査（単純X線、CT、MRI、PET・核医学、超音波など）の異常所見がわかり診断できる,JkxnuXc,E-03-02-na-02,"編集あり,編集あり(校正者)",ご指摘を受けて修正しました。ＤＫ,
全身に及ぶ生理的変化、病態、診断、治療,腫瘍,腫瘍の生検・細胞診や病理検査とその所見を説明できる,JkxnuXg,E-03-02-na-03,"編集あり,編集あり(校正者)",,
全身に及ぶ生理的変化、病態、診断、治療,腫瘍,腫瘍のTNM分類、ステージを説明できる,JkxnuXk,E-03-01-na-03,"編集あり,編集あり　グレードを削除(校正者)",,
全身に及ぶ生理的変化、病態、診断、治療,腫瘍,発熱・食欲低下・体重減少・貧血・リンパ節腫脹・サルコペニアを含むがん患者の症候について説明できる,JkxnuXo,,"新設, 症候をまとめるかセルに入れるか統一した方が良いと思います。（KY）→まとめました。サルコペニアを加えました。悪液質は他を包含するので加えませんでした。(校正者),まとめました。サルコペニアを加えました。悪液質は他を包含するので加えませんでした。(校正者)",ご指摘を受けてサルコペニアを削除しました。ＤＫ,
全身に及ぶ生理的変化、病態、診断、治療,腫瘍,急性白血病、慢性骨髄性白血病、骨髄異形成症候群、成人T細胞白血病、真性赤血球増加症、本態性血小板血症、骨髄線維症、悪性リンパ腫、多発性骨髄腫の症候、診断、治療を説明できる,JkxnuXs,E-03-05-na-01,"～について説明できる」と記載, 誤字、真正→真性では？（KY）,編集あり(校正者)",症候に統一。説明できるに統一。がんを臓器別の項目で分けて記載することが妥当か、まとめることが妥当か。重複が残りますがH28対応項目欄が臓器側で反映されてない恐れがあるので残しています。DK,
全身に及ぶ生理的変化、病態、診断、治療,腫瘍,膠芽腫、髄膜腫、神経鞘腫などの脳腫瘍、転移性脳腫瘍の症候、診断、治療を説明できる,JkxnuXw,E-03-05-na-02,"～について説明できる」と記載,頻度の高い腫瘍追加(校正者)",症候に統一。説明できるに統一。がんを臓器別の項目で分けて記載することが妥当か、まとめることが妥当か。重複が残りますがH28対応項目が臓器側で反映されてない恐れがあるので残しています。DK,症候で統一(矢野）
全身に及ぶ生理的変化、病態、診断、治療,腫瘍,基底細胞癌、有棘細胞癌、悪性黒色腫、リンパ腫、血管肉腫、乳房外パジェット病などの症候、診断、治療を説明できる,JkxnuX0,E-03-05-na-03,～について説明できる」と記載,症候に統一。説明できるに統一。がんを臓器別の項目で分けて記載することが妥当か、まとめることが妥当か。重複が残りますがH28対応項目が臓器側で反映されてない恐れがあるので残しています。DK,
全身に及ぶ生理的変化、病態、診断、治療,腫瘍,骨肉腫、軟骨肉腫、ユーイング肉腫などの骨軟部腫瘍と転移性脊椎腫瘍の症候、診断、治療を説明できる,JkxnuX4,E-03-05-na-04,"～について説明できる」と記載,腫瘍追加(校正者)",症候に統一。説明できるに統一。がんを臓器別の項目で分けて記載することが妥当か、まとめることが妥当か。重複が残りますがH28対応項目が臓器側で反映されてない恐れがあるので残しています。DK,
全身に及ぶ生理的変化、病態、診断、治療,腫瘍,削除：循環器系：粘液腫について説明できる,JkxnuX8,E-03-05-na-05,～について説明できる」と記載,症候に統一。説明できるに統一。がんを臓器別の項目で分けて記載することが妥当か、まとめることが妥当か。重複が残りますがH28対応項目が臓器側で反映されてない恐れがあるので残しています。DK,
全身に及ぶ生理的変化、病態、診断、治療,腫瘍,肺癌、胸膜中皮腫、転移性肺腫瘍、縦隔腫瘍の症候、診断、治療を説明できる,JkxnuYA,E-03-05-na-06,"～について説明できる」と記載,癌種は色々ですがこのままにしました。(校正者)",症候に統一。説明できるに統一。がんを臓器別の項目で分けて記載することが妥当か、まとめることが妥当か。重複が残りますがH28対応項目が臓器側で反映されてない恐れがあるので残しています。DK,
全身に及ぶ生理的変化、病態、診断、治療,腫瘍,食道癌、胃癌、大腸ポリープ、大腸癌、胆嚢・胆管癌、原発性肝癌、膵神経内分泌腫瘍、嚢胞性膵腫瘍、膵癌の症候、診断、治療を説明できる,JkxnuYE,E-03-05-na-07,～について説明できる」と記載,症候に統一。説明できるに統一。がんを臓器別の項目で分けて記載することが妥当か、まとめることが妥当か。重複が残りますがH28対応項目が臓器側で反映されてない恐れがあるので残しています。DK,
全身に及ぶ生理的変化、病態、診断、治療,腫瘍,腎癌、腎盂尿管癌・膀胱癌の症候、診断、治療を説明できる,JkxnuYI,E-03-05-na-08,"～について説明できる」と記載,名称を変えたのみで以前と同様です。(校正者)",症候に統一。説明できるに統一。がんを臓器別の項目で分けて記載することが妥当か、まとめることが妥当か。重複が残りますがH28対応項目が臓器側で反映されてない恐れがあるので残しています。DK,
全身に及ぶ生理的変化、病態、診断、治療,腫瘍,前立腺癌、精巣腫瘍、子宮頸癌、子宮体癌（子宮内膜癌）、卵巣腫瘍、絨毛性疾患（胞状奇胎、絨毛癌）の症候、診断、治療を説明できる,JkxnuYM,E-03-05-na-09,～について説明できる」と記載,症候に統一。説明できるに統一。がんを臓器別の項目で分けて記載することが妥当か、まとめることが妥当か。重複が残りますがH28対応項目が臓器側で反映されてない恐れがあるので残しています。DK,
全身に及ぶ生理的変化、病態、診断、治療,腫瘍,原発性乳癌、線維腺腫、乳腺症の症候、診断、治療を説明できる,JkxnuYQ,E-03-05-na-10,"～について説明できる」と記載,癌以外の疾患も必要との意見でした。(校正者)",症候に統一。説明できるに統一。がんを臓器別の項目で分けて記載することが妥当か、まとめることが妥当か。重複が残りますがH28対応項目が臓器側で反映されてない恐れがあるので残しています。DK,
全身に及ぶ生理的変化、病態、診断、治療,腫瘍,下垂体腫瘍、甲状腺腫瘍（腺腫様甲状腺腫、甲状腺癌）、褐色細胞腫、多発性内分泌腫瘍症の症候、診断、治療を説明できる,JkxnuYU,E-03-05-na-11,"～について説明できる」と記載,腫瘍追加(校正者)",症候に統一。説明できるに統一。がんを臓器別の項目で分けて記載することが妥当か、まとめることが妥当か。重複が残りますがH28対応項目が臓器側で反映されてない恐れがあるので残しています。DK,
全身に及ぶ生理的変化、病態、診断、治療,腫瘍,頭頚部癌（舌癌、咽頭癌、喉頭癌など）の症候、診断、治療を説明できる,JkxnuYc,E-03-05-na-13,"～について説明できる」と記載,編集あり(校正者)",症候に統一。説明できるに統一。がんを臓器別の項目で分けて記載することが妥当か、まとめることが妥当か。重複が残りますがH28対応項目が臓器側で反映されてない恐れがあるので残しています。DK,
全身に及ぶ生理的変化、病態、診断、治療,腫瘍,小児腫瘍の種類、症候、診断、治療を説明できる,JkxnuYg,"E-03-05-na-14,E-03-05-na-12",～について説明できる」と記載,症候に統一。説明できるに統一。がんを臓器別の項目で分けて記載することが妥当か、まとめることが妥当か。重複が残りますがH28対応項目が臓器側で反映されてない恐れがあるので残しています。DK,
全身に及ぶ生理的変化、病態、診断、治療,腫瘍,原発不明癌、転移性腫瘍、重複癌、AYA世代の腫瘍、希少がんの種類、症候、診断、治療を説明できる,JkxnuYk,E-03-05-na-05,"新設,重要と考えられる追加記載をしました。(校正者)",,
全身に及ぶ生理的変化、病態、診断、治療,腫瘍,家族性大腸腺腫症、遺伝性乳がん卵巣がん症候群、遺伝性非ポリポーシス性大腸癌（リンチ症候群）などの遺伝性腫瘍について説明できる,JkxnuYo,E-03-04-na-02,重要と考えられる例を挙げました。,"リンチ症候群は頻度的にすべての医師が知っておくべきものとして例示を残したいと考えております。別表にするとのご指摘もありその形であれば残しやすいでしょうか。順番を変更しました。DK。コアとして追加すべきか？267に「遺伝性腫瘍」として追記してはどうか。
267に「遺伝性腫瘍」として追記してはどうか",
全身に及ぶ生理的変化、病態、診断、治療,腫瘍,腫瘍の診療における生命倫理を説明できる,JkxnuYs,E-03-04-na-02,他で包含される部分もありますが残しました。(校正者),他との重複有、そちらと統合とのご意見。H28対応項目欄が他で記載あるか確認しておりませんので残しています。DK,
全身に及ぶ生理的変化、病態、診断、治療,腫瘍,オンコロジック・エマージェンシー（脊髄圧迫、腫瘍崩壊、上大静脈症候群、代謝障害、治療の有害事象など）の起こりやすいがん、病態生理、症候と対応を説明できる,JkxnuYw,,"新設,追加しました。(校正者)",,
全身に及ぶ生理的変化、病態、診断、治療,腫瘍,削除：診療ガイドライン・集学的治療を説明できる,JkxnuY0,,"新設,追加しました。(校正者)",他と重複とのご指摘有り、他項目でがんに言及しているかは未確認です。ＤＫ,
全身に及ぶ生理的変化、病態、診断、治療,腫瘍,主な腫瘍の手術療法を説明できる。放射線療法・インターベンショナル・ラディオロジー(IVR)を説明できる,JkxnuY4,E-03-03-na-03,"編集あり,編集あり(校正者)",総論では不要とのご指摘有り,
全身に及ぶ生理的変化、病態、診断、治療,腫瘍,主な腫瘍の放射線療法・インターベンショナル・ラディオロジー(IVR)の適応を説明できる,Jkxnud4,E-03-03-na-03,,手術療法と分けましたDK)　総論では不要とのご指摘有り,
全身に及ぶ生理的変化、病態、診断、治療,腫瘍,主な腫瘍の薬物療法（細胞障害性抗癌薬、分子標的治療薬）、造血幹細胞移植、がん免疫に関する治療法を説明できる,JkxnuY8,E-03-03-na-04,"編集あり,チェックポイント阻害剤以外も包含(校正者)",,
全身に及ぶ生理的変化、病態、診断、治療,腫瘍,腫瘍に対する支持療法を説明できる。患者に対する緩和ケアを説明できる,JkxnuZA,"E-03-03-na-06,E-03-03-na-07",編集あり(校正者),他との重複有、そちらと統合とのご意見。H28対応項目欄が他で記載あるか確認しておりませんので残しています。DK,
全身に及ぶ生理的変化、病態、診断、治療,腫瘍,腫瘍性疾患患者が直面する社会的・精神的な課題を説明できる,JkxnuZE,E-03-04-na-03,身体的状況は症候に含まれる(校正者),他との重複有、そちらと統合とのご意見。H28対応項目欄が他で記載あるか確認しておりませんので残しています。DK,
全身に及ぶ生理的変化、病態、診断、治療,免疫・アレルギー,免疫血清学検査の原理と検査結果の臨床的意義を説明できる,JkxnuZI,E-04-01-na-01,自己抗体はだいぶ狭い内容です。免疫血清学検査としました。（YM）(校正者),,
全身に及ぶ生理的変化、病態、診断、治療,免疫・アレルギー,ショック,JkxnuZM,E-04-02-na-01,症候をまとめるかセルに入れるか統一した方が良いと思います。（KY）,,
全身に及ぶ生理的変化、病態、診断、治療,免疫・アレルギー,発熱,JkxnuZQ,E-04-02-na-02,,,
全身に及ぶ生理的変化、病態、診断、治療,免疫・アレルギー,全身倦怠感,JkxnuZU,E-04-02-na-03,,,
全身に及ぶ生理的変化、病態、診断、治療,免疫・アレルギー,皮疹,JkxnuZY,E-04-02-na-04,（そもそもチームにも提案したいのですが）発疹は一過性の皮疹の総称ですから、皮疹とされてはいかがでしょうか。(校正者),,
全身に及ぶ生理的変化、病態、診断、治療,免疫・アレルギー,リンパ節腫脹,JkxnuZc,E-04-02-na-06,,,
全身に及ぶ生理的変化、病態、診断、治療,免疫・アレルギー,浮腫,JkxnuZg,E-04-02-na-07,,,
全身に及ぶ生理的変化、病態、診断、治療,免疫・アレルギー,呼吸困難,JkxnuZk,E-04-02-na-08,息切れ削除,,
全身に及ぶ生理的変化、病態、診断、治療,免疫・アレルギー,咳・痰,JkxnuZo,E-04-02-na-09,,,
全身に及ぶ生理的変化、病態、診断、治療,免疫・アレルギー,血尿,JkxnuZs,E-04-02-na-10,（そもそもチームの作業で「血尿」のみとなりました。,,
全身に及ぶ生理的変化、病態、診断、治療,免疫・アレルギー,関節痛・関節腫脹,JkxnuZw,E-04-02-na-11,,,
全身に及ぶ生理的変化、病態、診断、治療,免疫・アレルギー,膠原病、血管炎、リウマチ性疾患、アレルギー性疾患、自己免疫疾患の概念を区別して理解し、それぞれに含まれる疾患を列挙できる。またこれらに使用する治療薬について説明できる。,JkxnuZ0,"E-04-03-01-01,E-04-03-01-02,E-04-03-01-03",総論的な内容ですが、これでいかがでしょうか。　アナフィラキシーショックのことや最近の分子標的治療薬のことを踏まえると、総論的な免疫系作用薬の学習は必要かと思いますがいかがでしょうか。(校正者),,
全身に及ぶ生理的変化、病態、診断、治療,免疫・アレルギー,関節リウマチの病態生理、症候、診断、治療とリハビリテーションを説明でき、節外症状を説明できる。,JkxnuZ4,"E-04-03-02-01,E-04-03-02-02",卒業時の到達目標ですからリストアップされる疾患名は必然的に増えるかと思われます。関節リウマチとその他と別立てにしてみました。(校正者),,
全身に及ぶ生理的変化、病態、診断、治療,免疫・アレルギー,他のリウマチ性疾患（強直性脊椎炎・反応性関節炎・乾癬性関節炎・掌蹠膿疱症性関節炎・結晶誘発性関節炎・変形性関節症・リウマチ性多発筋痛症・線維筋痛症・IgG4関連疾患・再発性多発軟骨炎・リウマチ熱）の病態生理、症候、診断、治療とリハビリテーションを説明でき、節外症状を説明できる。,JkxnuZ8,,"新設,卒業時の到達目標ですからリストアップされる疾患名は必然的に増えるかと思われます。関節リウマチとその他と別立てにしてみました。(校正者)、コアとして必要なもののみの記載？",,
全身に及ぶ生理的変化、病態、診断、治療,免疫・アレルギー,成人Still病、若年性特発性関節炎(juvenile idiopathic arthritis <JIA>)の病態、診断、治療について説明できる。,JkxnuaA,"E-04-03-02-03,E-04-03-02-04",,,
全身に及ぶ生理的変化、病態、診断、治療,免疫・アレルギー,全身性エリテマトーデス<SLE>の病態生理、症候、診断と治療、合併症（中枢神経ループス・ループス腎炎・抗リン脂質抗体症候群）の病態生理、症候、診断と治療を説明できる。,JkxnuaE,"E-04-03-03-01,E-04-03-03-02,E-04-03-03-03",（そもそもチームへの提案）SLEは何でも起こしますからそもそも本領域でE-4-2の症候を立てる意義があるのかが悩ましいところです（YM）　SLEの合併症　中枢神経ループスとしました。　あと「など」も付けました。(校正者),,
全身に及ぶ生理的変化、病態、診断、治療,免疫・アレルギー,全身性強皮症の病態生理、分類、症候、診断及び臓器病変（特に肺・腎）を説明できる。,JkxnuaI,E-04-03-04-01,,,
全身に及ぶ生理的変化、病態、診断、治療,免疫・アレルギー,皮膚筋炎・多発性筋炎の症候、診断、治療及び合併症（間質性肺炎・悪性腫瘍）を説明できる。,JkxnuaM,E-04-03-04-02,,,
全身に及ぶ生理的変化、病態、診断、治療,免疫・アレルギー,混合性結合組織病を説明できる。,JkxnuaQ,E-04-03-04-03,これが「概説」だけでよいのか悩みました。(校正者),,説明に統一
全身に及ぶ生理的変化、病態、診断、治療,免疫・アレルギー,Sjögren症候群を説明できる。,JkxnuaU,E-04-03-04-04,これが「概説」だけでよいのか悩みました。(校正者),,説明に統一
全身に及ぶ生理的変化、病態、診断、治療,免疫・アレルギー,血管炎症候群に含まれる疾患（巨細胞性動脈炎・高安動脈炎・結節性多発動脈炎・顕微鏡的多発血管炎・多発血管炎性肉芽腫症・好酸球性多発血管炎性肉芽腫症・IgA血管炎・川崎病・悪性関節リウマチ・抗GBM病）を分類/列挙し、その病態生理、症候、診断と治療を説明できる。,JkxnuaY,E-04-03-05-01,全身性血管炎を血管炎症候群として、医師国家試験出題基準と照合させて、とくに重要なものをピックアップしました。(校正者)、コアとして必要なもののみの記載？,,
全身に及ぶ生理的変化、病態、診断、治療,免疫・アレルギー,Behçet病の症候、診断と治療を説明できる。,Jkxnuac,E-04-03-05-02,,,
全身に及ぶ生理的変化、病態、診断、治療,免疫・アレルギー,主要な全身性アレルギー性疾患の分類、特徴、診断および治療を概説できる。,Jkxnuag,"E-04-03-06-01,E-04-03-06-02,E-04-03-06-03","ワードファイルには「主要な全身性アレルギー性疾患の分類と特徴、アナフィラキシー、食物アレルギーの症候、診断と治療を説明できる。」とありました。（KY）,診断と治療は医学生卒業時に必須ではないでしょうか（とくにアナフィラキシーショックを意識）。(校正者)",,
全身に及ぶ生理的変化、病態、診断、治療,免疫・アレルギー,原発性免疫不全症の病態、診断と治療を概説できる。,Jkxnuak,E-04-03-07-01,,,
全身に及ぶ生理的変化、病態、診断、治療,免疫・アレルギー,二次性免疫不全症（悪性腫瘍・医原性・自己免疫疾患による）の病態、診断と治療を概説できる。,Jkxnuao,,"新設,AIDSは感染症で(校正者)",,
全身に及ぶ生理的変化、病態、診断、治療,免疫・アレルギー,自己炎症性疾患の病態、診断、治療を説明できる。,Jkxnuas,,"新設,痛風、偽痛風は11他のリウマチ疾患に含めてはいかがでしょうか。(校正者)",,
全身に及ぶ生理的変化、病態、診断、治療,救急系（中毒・環境因子による疾患を含む）,地域の救急医療体制について病院前救護体制、メディカルコントロール、初期・二次・三次救急医療の概念を用いて説明できる,Jkxnuaw,G-04-01-07-05,新設,,
全身に及ぶ生理的変化、病態、診断、治療,救急系（中毒・環境因子による疾患を含む）,意識障害,Jkxnua0,E-05-02-na-03,"E-05-02-na-02,E-05-02-na-04,E-05-02-na-05,E-05-02-na-06,E-05-02-na-07,E-05-02-na-12,E-05-02-na-14は削除(校正者)",,
全身に及ぶ生理的変化、病態、診断、治療,救急系（中毒・環境因子による疾患を含む）,失神,Jkxnua4,E-05-02-na-03,,,
全身に及ぶ生理的変化、病態、診断、治療,救急系（中毒・環境因子による疾患を含む）,けいれん,Jkxnua8,E-02-03-na-03,新設,,
全身に及ぶ生理的変化、病態、診断、治療,救急系（中毒・環境因子による疾患を含む）,呼吸困難,JkxnubA,E-05-02-na-08,,,
全身に及ぶ生理的変化、病態、診断、治療,救急系（中毒・環境因子による疾患を含む）,胸痛,JkxnubE,E-02-03-na-12,新設,,
全身に及ぶ生理的変化、病態、診断、治療,救急系（中毒・環境因子による疾患を含む）,運動麻痺・筋力低下,JkxnubI,E-05-02-na-09,,,
全身に及ぶ生理的変化、病態、診断、治療,救急系（中毒・環境因子による疾患を含む）,腹痛,JkxnubM,E-05-02-na-10,,,
全身に及ぶ生理的変化、病態、診断、治療,救急系（中毒・環境因子による疾患を含む）,悪心・嘔吐,JkxnubQ,E-05-02-na-11,,,
全身に及ぶ生理的変化、病態、診断、治療,救急系（中毒・環境因子による疾患を含む）,吐血,JkxnubU,E-05-02-na-13,,,
全身に及ぶ生理的変化、病態、診断、治療,救急系（中毒・環境因子による疾患を含む）,ショックの原因分類（①血流分布異常性ショック（アナフィラキシー、敗血症性、神経原性）、②循環血液量減少性ショック（出血性、体液喪失）、③心原性ショック（心筋収縮力低下、弁疾患、不整脈）、④閉塞性ショック（心タンポナーデ、肺塞栓症、緊張性気胸）とそれぞれの病態および診断の要点を説明できる。,JkxnubY,"C-04-04-na-03, F-01-05-na-01,F-01-05-na-02, G-02-05-na-01,G-02-05-na-02,G-02-05-na-03,G-02-05-na-04,G-02-05-na-05,G-02-05-na-06,G-02-05-na-07,G-02-05-na-08,G-02-05-na-09,G-02-05-na-10,G-02-05-na-11",技能チームと議論しF/Gのショックの内容を引き取り,,
全身に及ぶ生理的変化、病態、診断、治療,救急系（中毒・環境因子による疾患を含む）,ショックの患者の初期対応および原因に応じた治療を説明できる,Jkxnubc,F-01-05-na-02,,,
全身に及ぶ生理的変化、病態、診断、治療,救急系（中毒・環境因子による疾患を含む）,心停止の原因分類（①心血管原性（急性心筋梗塞、急性大動脈解離、大動脈瘤破裂、肺塞栓）、②呼吸原性（気道閉塞、緊張性気胸、肺実質病変による低酸素血症）、③ 神経原性（重症頭部・脊髄外傷、急性くも膜下出血）、④中毒・環境要因（中毒、熱中症、低体温症）、⑤電解質・酸塩基平衡異常（低・高カリウム血症、アシドーシス、低血糖）と病態および診断の要点を説明できる。,Jkxnubg,"F-01-06-na-01, F-01-06-na-02, G-02-06-na-01,G-02-06-na-02,G-02-06-na-03,G-02-06-na-04,G-02-06-na-05,G-02-06-na-06,G-02-06-na-07,G-02-06-na-08,G-02-06-na-09,G-02-06-na-10,G-02-06-na-11",技能チームと議論しF/Gの心停止の内容を引き取り,心肺停止　→    心停止でしょうか？（CPAでなくcardiac arrestが一般的　国家試験も心停止を採用）（江頭）,
全身に及ぶ生理的変化、病態、診断、治療,救急系（中毒・環境因子による疾患を含む）,心停止患者の初期対応（一次・二次救命処置）および原因に応じた治療を説明できる。,Jkxnubk,F-01-06-na-03,,,
全身に及ぶ生理的変化、病態、診断、治療,救急系（中毒・環境因子による疾患を含む）,中毒患者が呈するトキシドロームに基づき病歴および身体所見から中毒の起因物質を推定できる。,Jkxnubo,E-05-01-na-01,修正,,
全身に及ぶ生理的変化、病態、診断、治療,救急系（中毒・環境因子による疾患を含む）,中毒患者への治療としての「吸収の阻害」、「排泄の促進」、「拮抗薬」の適応および禁忌について概説できる,Jkxnubs,E-05-03-01-03,修正,,
全身に及ぶ生理的変化、病態、診断、治療,救急系（中毒・環境因子による疾患を含む）,食中毒、ガス中毒（一酸化炭素中毒、硫化水素、青酸ガス）農薬（有機リン・有機塩素）、アルコール、薬物（睡眠薬・向精神薬・解熱鎮痛薬・麻薬・覚醒剤）による中毒の病因（発生機序）、症候、診断と治療を説明できる。,Jkxnubw,"E-05-03-01-01, E-05-03-01-02, E-05-03-01-02, E-05-03-01-05, E-05-03-01-06",統合,,
全身に及ぶ生理的変化、病態、診断、治療,救急系（中毒・環境因子による疾患を含む）,水銀、鉛、青酸、ヒ素、パラコート、自然毒、腐食剤による中毒（酸、アルカリ、フッ化水素）、ボタン電池誤飲 による中毒を概説できる。,Jkxnub0,E-05-03-01-04,,,
全身に及ぶ生理的変化、病態、診断、治療,救急系（中毒・環境因子による疾患を含む）,高温による障害（熱中症）、低温による障害（低体温症）の症候、主な検査・診断、治療法を説明できる。,Jkxnub4,"E-05-03-02-01,E-05-03-02-02",,,
全身に及ぶ生理的変化、病態、診断、治療,救急系（中毒・環境因子による疾患を含む）,気圧、振動、騒音による障害の症候、主な検査・診断、治療法を説明できる。,Jkxnub8,"E-05-03-02-03, E-05-03-02-04",,,
全身に及ぶ生理的変化、病態、診断、治療,救急系（中毒・環境因子による疾患を含む）,外傷の病態と診断の要点を説明できる。,Jkxir3g,"F-01-37-na-02,F-01-37-na-03",技能チームより引き取り,,
全身に及ぶ生理的変化、病態、診断、治療,救急系（中毒・環境因子による疾患を含む）,熱傷の重症度を評価し（気道熱傷の有無、熱傷面積および深達度）、治療方針を説明できる。,JkxnucA,"E-05-03-03-01,E-05-03-03-02, F-01-37-na-01,F-01-37-na-02,F-01-37-na-03",,,
全身に及ぶ生理的変化、病態、診断、治療,放射線の生体影響と放射線障害放射線の生体影響と適切な利用と放射線障害,放射線の種類と放射能、これらの性質・定量法・単位を説明できる。,JkxnucE,E-06-01-na-01,"このまま残す,3層を「放射線の生体影響と適切な利用と放射線障害」に変更する方がいいと思います(校正者)",,
全身に及ぶ生理的変化、病態、診断、治療,放射線の生体影響と放射線障害放射線の生体影響と適切な利用と放射線障害,内部被ばくと外部被ばくについて、線量評価やその病態、症候、診断と治療を説明できる。,JkxnucI,E-06-01-na-02,E-06-04-na-01と統合した,,
全身に及ぶ生理的変化、病態、診断、治療,放射線の生体影響と放射線障害放射線の生体影響と適切な利用と放射線障害,放射線及び電磁波の人体（胎児を含む）への影響（急性影響と晩発影響）と適切な利用法を説明できる。,JkxnucM,E-06-01-na-03,悪影響と有効利用の両方を理解していること,,
全身に及ぶ生理的変化、病態、診断、治療,放射線の生体影響と放射線障害放射線の生体影響と適切な利用と放射線障害,種々の正常組織の放射線の透過性や放射線感受性の違いを説明できる。,JkxnucQ,E-06-01-na-04,このまま残す,,
全身に及ぶ生理的変化、病態、診断、治療,放射線の生体影響と放射線障害放射線の生体影響と適切な利用と放射線障害,磁気共鳴画像法<MRI>で用いられている磁場や電磁波の特徴を理解し、による人体や植え込みデバイスの発熱等の現象を概説説明できる。,JkxnucU,E-06-01-na-05,有効利用と悪影響の両方を理解している事,,
全身に及ぶ生理的変化、病態、診断、治療,放射線の生体影響と放射線障害放射線の生体影響と適切な利用と放射線障害,削除：放射線の遺伝子、細胞への作用と放射線による細胞死の機序、局所的・全身的影響を説明できる。,JkxnucY,E-06-01-na-06,E-06-02-na-03と統合した,,
全身に及ぶ生理的変化、病態、診断、治療,放射線の生体影響と放射線障害放射線の生体影響と適切な利用と放射線障害,医療被ばく・職業被ばくも含めた放射線被ばく低減の３原則と安全管理を理解し、放射線を用いる画像検査（X線写真、CT、血管造影インターベンショナルラジオロジー、Ｘ線透視等）の被ばく軽減を実行できる。,Jkxnucc,E-06-01-na-07,"E-06-02-na-01, E-06-02-na-04と統合した",,
全身に及ぶ生理的変化、病態、診断、治療,放射線の生体影響と放射線障害放射線の生体影響と適切な利用と放射線障害,削除：放射線診断やインターベンショナルラジオロジーの被ばく軽減の原則を知り、それを実行できる。,Jkxnucg,E-06-02-na-01,E-06-01-na-07と統合した,,
全身に及ぶ生理的変化、病態、診断、治療,放射線の生体影響と放射線障害放射線の生体影響と適切な利用と放射線障害,放射線診断（エックス線撮影、コンピュータ断層撮影<CT>、核医学）や血管造影及びインターベンショナルラジオロジーの利益とコスト･リスク（被ばく線量、急性・晩発影響等）を知り、適応の有無を判断できる。,Jkxnuck,E-06-02-na-02,このまま残す,,
全身に及ぶ生理的変化、病態、診断、治療,放射線の生体影響と放射線障害放射線の生体影響と適切な利用と放射線障害,放射線治療の生物学的原理と、放射線の遺伝子・細胞への作用と放射線による細胞死の機序、局所的・全身的影響を説明できる。人体への急性影響と晩発影響を説明できる。,Jkxnuco,E-06-02-na-03,E-06-01-na-06と統合した,,
全身に及ぶ生理的変化、病態、診断、治療,放射線の生体影響と放射線障害放射線の生体影響と適切な利用と放射線障害,削除：医療被ばくに関して、放射線防護と安全管理を説明できる。,Jkxnucs,E-06-02-na-04,E-06-01-na-07と統合した,,
全身に及ぶ生理的変化、病態、診断、治療,放射線の生体影響と放射線障害放射線の生体影響と適切な利用と放射線障害,削除：内部被ばくと外部被ばくの病態、症候、線量評価、治療を説明できる。,Jkxnucw,E-06-04-na-01,E-06-01-na-02と統合した,,
全身に及ぶ生理的変化、病態、診断、治療,成長と発達,削除:胎児の循環・呼吸の生理的特徴と出生時の変化を説明できる。,Jk31mG0,E-07-01-na-01,削除,胎児・幼児期についての総合の「人生の視点とアプローチ」との重複があるため、削除します。（遠藤）,
全身に及ぶ生理的変化、病態、診断、治療,成長と発達,主な先天性疾患を列挙できる。,Jk31mG4,E-07-01-na-02,,,
全身に及ぶ生理的変化、病態、診断、治療,成長と発達,削除:新生児の生理的特徴、胎児機能不全(non-reassuring fetal status <NRFS>)、新生児仮死の病態を説明できる。,Jk31mG8,"E-07-01-na-03,E-07-01-na-04,E-07-01-na-05",修正,新生児の生理的特徴　に関しては胎児・幼児期についての総合の「人生の視点とアプローチ」との重複があるため、削除します。（遠藤）,
全身に及ぶ生理的変化、病態、診断、治療,成長と発達,新生児黄疸や呼吸障害等、新生児期に起こりやすい症候の鑑別と治療について説明できる。,Jk31mHA,"E-07-01-na-07,E-07-01-na-08",,,
全身に及ぶ生理的変化、病態、診断、治療,成長と発達,削除:正常児・低出生体重児・病児の管理の基本を説明できる。早産・低出生体重児固有の疾患を概説できる。,Jk31mHE,"E-07-01-na-09,E-07-01-na-10",修正,正常児・低出生体重児・病児の管理の基本　に関しては胎児・幼児期についての総合の「人生の視点とアプローチ」との重複があるため、削除します。（遠藤）,
全身に及ぶ生理的変化、病態、診断、治療,成長と発達,新生児マススクリーニング、新生児聴覚スクリーニング等を含む乳幼児健康診査について説明できる。 ,Jk31mHI,E-07-01-na-06,修正,新設・追加すべきかどうか？(島田昌一)y→マススクリーニングのくくりで修正しました。（遠藤）,
全身に及ぶ生理的変化、病態、診断、治療,成長と発達,削除:乳幼児の生理機能の発達を説明できる。,Jk31mHM,"E-07-02-na-01,E-07-02-na-02",削除,ワードファイルは「乳幼児の生理機能の発達、乳幼児の正常な精神運動発達を説明できる。」でした。（KY）→小児期の総合の「人生の視点とアプローチ」との重複があるため、削除します。（遠藤）,
全身に及ぶ生理的変化、病態、診断、治療,成長と発達,削除:乳幼児の保育法・栄養法の基本を概説できる。,Jk31mHQ,E-07-02-na-03,削除,小児期についての総合の「人生の視点とアプローチ」との重複があるため、削除します。（遠藤）,
全身に及ぶ生理的変化、病態、診断、治療,成長と発達,乳幼児突然死症候群(sudden infant death syndrome <SIDS>)を説明できる。,Jk31mHU,E-07-02-na-04,,,
全身に及ぶ生理的変化、病態、診断、治療,成長と発達,小児の精神運動発達及び心身相関、小児の栄養上の問題点、小児免疫発達と感染症の関係を概説できる。,Jk31mHY,"E-07-03-na-01,E-07-03-na-02,E-07-03-na-03",修正,小児栄養、と小児免疫感染症、に関しては小児期についての総合の「人生の視点とアプローチ」との重複があるため、削除します。（遠藤）,
全身に及ぶ生理的変化、病態、診断、治療,成長と発達,小児保健における予防接種の意義と内容を説明できる。,Jk31mHc,E-07-03-na-04,,,
全身に及ぶ生理的変化、病態、診断、治療,成長と発達,成長に関わる主な異常（小児心身症を含む）を列挙できる。,Jk31mHg,E-07-03-na-05,,,
全身に及ぶ生理的変化、病態、診断、治療,成長と発達,削除:児童虐待を概説できる。,Jk31mHk,E-07-03-na-06,削除,小児期についての総合の「人生の視点とアプローチ」との重複があるため、削除します。（遠藤）,
全身に及ぶ生理的変化、病態、診断、治療,成長と発達,小児の診断法と治療法における特徴を概説できる。,Jk31mHo,E-07-03-na-07,,,
全身に及ぶ生理的変化、病態、診断、治療,成長と発達,神経発達障害群（自閉スペクトラム症<ASD>、注意欠如・多動症<ADHD>、限局性学習症、チック症群）を列挙できる。,Jk31mHs,E-07-03-na-08,修正,自閉症スペクトラム症障害→自閉スペクトラム症、注意欠如・多動症障害→注意欠如・多動症、限局性学習障害→限局性学習症、チック障害群→チック症群に修正（島田）,
全身に及ぶ生理的変化、病態、診断、治療,成長と発達,削除:思春期発現の機序と性徴を説明できる。,Jk31mHw,E-07-04-na-01,削除,思春期についての総合の「人生の視点とアプローチ」との重複があるため、削除します。（遠藤）,
全身に及ぶ生理的変化、病態、診断、治療,成長と発達,削除:思春期と関連した精神保健上の問題を列挙できる。,Jk31mH0,E-07-04-na-02,削除,思春期についての総合の「人生の視点とアプローチ」との重複があるため、削除します。（遠藤）,
全身に及ぶ生理的変化、病態、診断、治療,成長と発達,削除:移行期医療の現状と課題を説明できる。,Jk31mH4,E-07-04-na-03,削除,思春期についての総合の「人生の視点とアプローチ」との重複があるため、削除します。（遠藤）,
